function_count,parameter_count,variable_count,declaration_count,if_count,for_count,while_count,switch_count,return_count,call_count,argument_count,assignment_count,binary_expression_count,identifier_count,block_count,expression_count,literal_count,ast_nodes,leaf_nodes,internal_nodes,max_depth,leaf_ratio,internal_ratio,branch_density,call_density,identifier_density,expression_density,variable_density,statement_density,nesting_factor,cyclomatic_estimate,avg_parameters,language,repository,function
1,2,2,1,1,0,0,0,0,4,4,0,1,15,2,2,2,77,53,24,10,0.6883116883116883,0.3116883116883117,0.012987012987012988,0.05194805194805195,0.19480519480519481,0.025974025974025976,0.025974025974025976,0.025974025974025976,0.12987012987012986,2,2.0,java,molgenis/molgenis,L1Cache.put
1,0,7,4,1,1,0,0,1,1,1,0,4,19,2,1,3,97,64,33,9,0.6597938144329897,0.3402061855670103,0.020618556701030927,0.010309278350515464,0.1958762886597938,0.010309278350515464,0.07216494845360824,0.010309278350515464,0.09278350515463918,3,0.0,java,belaban/JGroups,RequestTable.size
1,3,8,4,0,0,0,0,0,17,19,0,0,42,1,3,16,283,206,77,13,0.7279151943462897,0.27208480565371024,0.0,0.06007067137809187,0.14840989399293286,0.01060070671378092,0.028268551236749116,0.01060070671378092,0.045936395759717315,1,3.0,java,googleads/googleads-java-lib,DownloadCriteriaReportWithAwql.runExample
1,4,0,0,0,0,0,0,1,2,2,0,0,12,1,0,0,68,47,21,8,0.6911764705882353,0.3088235294117647,0.0,0.029411764705882353,0.17647058823529413,0.0,0.0,0.0,0.11764705882352941,1,4.0,java,Azure/azure-sdk-for-java,NetworkInterfacesInner.updateTagsAsync
2,6,4,2,6,0,0,0,3,12,20,0,6,47,10,1,12,427,293,134,16,0.6861826697892272,0.31381733021077285,0.01405152224824356,0.02810304449648712,0.11007025761124122,0.00234192037470726,0.00936768149882904,0.00234192037470726,0.03747072599531616,7,3.0,java,Azure/azure-sdk-for-java,BlobContainersInner.extendImmutabilityPolicyWithServiceResponseAsync
1,0,2,1,0,0,0,0,2,7,7,2,2,15,5,2,2,121,76,45,14,0.628099173553719,0.371900826446281,0.0,0.05785123966942149,0.12396694214876033,0.01652892561983471,0.01652892561983471,0.01652892561983471,0.11570247933884298,1,0.0,java,teatrove/teatrove,CompiledTemplate.getTemplateClass
1,2,16,8,5,0,1,0,1,45,48,1,10,127,16,11,12,683,472,211,16,0.6910688140556369,0.3089311859443631,0.008784773060029283,0.06588579795021962,0.18594436310395315,0.016105417276720352,0.02342606149341142,0.016105417276720352,0.02342606149341142,7,2.0,java,alkacon/opencms-core,CmsSearchReplaceThread.searchResources
1,1,0,0,0,0,0,0,1,1,1,0,3,11,1,0,3,60,40,20,10,0.6666666666666666,0.3333333333333333,0.0,0.016666666666666666,0.18333333333333332,0.0,0.0,0.0,0.16666666666666666,1,1.0,java,Devskiller/jfairy,PlNationalIdentificationNumberProvider.calculateSexCode
1,5,20,10,1,0,0,0,1,19,27,5,3,84,3,20,5,391,269,122,12,0.6879795396419437,0.31202046035805625,0.0025575447570332483,0.04859335038363171,0.21483375959079284,0.05115089514066496,0.05115089514066496,0.05115089514066496,0.030690537084398978,2,5.0,java,cdk/cdk,AtomTetrahedralLigandPlacer3D.calculate3DCoordinates3
1,1,4,2,2,0,2,1,3,3,3,2,3,24,4,2,6,157,104,53,12,0.6624203821656051,0.3375796178343949,0.025477707006369428,0.01910828025477707,0.15286624203821655,0.012738853503184714,0.025477707006369428,0.012738853503184714,0.07643312101910828,5,1.0,java,google/j2objc,RedundentExprEliminator.isParam
1,1,2,1,0,0,0,0,0,1,1,3,0,10,1,3,3,57,37,20,7,0.6491228070175439,0.3508771929824561,0.0,0.017543859649122806,0.17543859649122806,0.05263157894736842,0.03508771929824561,0.05263157894736842,0.12280701754385964,1,1.0,java,b3dgs/lionengine,MouseHeadless.mouseReleased
1,0,20,10,7,3,0,0,2,17,18,2,12,69,13,6,14,453,300,153,20,0.6622516556291391,0.33774834437086093,0.02207505518763797,0.037527593818984545,0.152317880794702,0.013245033112582781,0.04415011037527594,0.013245033112582781,0.04415011037527594,11,0.0,java,deeplearning4j/deeplearning4j,BaseSparseNDArrayCOO.getIncludedIndices
1,0,2,1,0,0,0,0,1,3,4,0,0,9,1,1,0,66,43,23,9,0.6515151515151515,0.3484848484848485,0.0,0.045454545454545456,0.13636363636363635,0.015151515151515152,0.030303030303030304,0.015151515151515152,0.13636363636363635,1,0.0,java,alkacon/opencms-core,CmsPublishSelectPanel.getResourcesToRemove
1,0,2,1,0,0,0,0,1,5,5,0,0,15,1,1,0,65,45,20,9,0.6923076923076923,0.3076923076923077,0.0,0.07692307692307693,0.23076923076923078,0.015384615384615385,0.03076923076923077,0.015384615384615385,0.13846153846153847,1,0.0,java,lessthanoptimal/ejml,SimpleBase.transpose
1,2,4,2,2,0,0,0,2,5,6,1,0,20,5,3,3,127,87,40,10,0.6850393700787402,0.31496062992125984,0.015748031496062992,0.03937007874015748,0.15748031496062992,0.023622047244094488,0.031496062992125984,0.023622047244094488,0.07874015748031496,3,2.0,java,HeidelTime/heideltime,StringUtils.join
1,1,0,0,0,0,0,0,1,3,3,0,0,15,3,2,0,72,48,24,10,0.6666666666666666,0.3333333333333333,0.0,0.041666666666666664,0.20833333333333334,0.027777777777777776,0.0,0.027777777777777776,0.1388888888888889,1,1.0,java,OpenLiberty/open-liberty,HttpMessageContextImpl.redirect
1,2,0,0,0,0,0,0,1,1,1,0,0,7,1,0,0,37,25,12,6,0.6756756756756757,0.32432432432432434,0.0,0.02702702702702703,0.1891891891891892,0.0,0.0,0.0,0.16216216216216217,1,2.0,java,jOOQ/jOOR,Reflect.on
1,1,4,2,7,1,0,0,0,17,19,0,7,51,5,5,8,312,218,94,15,0.6987179487179487,0.30128205128205127,0.02564102564102564,0.05448717948717949,0.16346153846153846,0.016025641025641024,0.01282051282051282,0.016025641025641024,0.04807692307692308,9,1.0,java,OpenLiberty/open-liberty,JsApiHdrsImpl.setReverseRoutingPath
1,1,4,2,2,0,0,0,2,5,6,0,3,21,3,1,4,148,98,50,12,0.6621621621621622,0.33783783783783783,0.013513513513513514,0.033783783783783786,0.14189189189189189,0.006756756756756757,0.02702702702702703,0.006756756756756757,0.08108108108108109,3,1.0,java,Dempsy/dempsy,MessageProcessor.invokeOutput
1,0,32,16,40,0,0,4,11,71,72,20,31,254,59,52,78,1680,1142,538,28,0.6797619047619048,0.3202380952380952,0.023809523809523808,0.042261904761904764,0.15119047619047618,0.030952380952380953,0.01904761904761905,0.030952380952380953,0.016666666666666666,41,0.0,java,eclipse/xtext-extras,InternalXbaseParser.ruleXImportDeclaration
1,1,2,1,1,0,0,0,1,23,24,0,0,45,2,9,3,246,164,82,15,0.6666666666666666,0.3333333333333333,0.0040650406504065045,0.09349593495934959,0.18292682926829268,0.036585365853658534,0.008130081300813009,0.036585365853658534,0.06097560975609756,2,1.0,java,alkacon/opencms-core,CmsRebuildSearchIndexDialog.createDialogHtml
1,1,18,9,4,0,1,0,2,19,25,1,6,65,10,3,6,407,280,127,18,0.687960687960688,0.31203931203931207,0.012285012285012284,0.04668304668304668,0.1597051597051597,0.007371007371007371,0.044226044226044224,0.007371007371007371,0.044226044226044224,6,1.0,java,fabric8io/docker-maven-plugin,ImageArchiveUtil.readManifest
1,2,0,0,0,0,0,0,0,2,2,0,0,8,1,1,0,38,26,12,7,0.6842105263157895,0.3157894736842105,0.0,0.05263157894736842,0.21052631578947367,0.02631578947368421,0.0,0.02631578947368421,0.18421052631578946,1,2.0,java,OpenLiberty/open-liberty,ServiceProviderFinderFactory.setServiceProviderFinder
1,3,2,1,0,0,0,1,3,4,4,1,2,27,1,3,5,137,97,40,12,0.708029197080292,0.291970802919708,0.0,0.029197080291970802,0.19708029197080293,0.021897810218978103,0.014598540145985401,0.021897810218978103,0.08759124087591241,1,3.0,java,h2oai/h2o-3,RequestServer.maybeLogRequest
1,0,6,3,1,0,0,0,1,5,6,1,2,23,4,1,6,164,111,53,14,0.676829268292683,0.3231707317073171,0.006097560975609756,0.03048780487804878,0.1402439024390244,0.006097560975609756,0.036585365853658534,0.006097560975609756,0.08536585365853659,2,0.0,java,aws/aws-sdk-java,ObjectMetadata.getContentRange
1,0,2,1,2,0,0,0,1,9,9,0,2,22,1,2,2,115,79,36,9,0.6869565217391305,0.3130434782608696,0.017391304347826087,0.0782608695652174,0.19130434782608696,0.017391304347826087,0.017391304347826087,0.017391304347826087,0.0782608695652174,3,0.0,java,OpenLiberty/open-liberty,RemoteMessageRequest.getRemoteEngineUuid
1,1,4,2,1,0,0,0,1,4,4,0,1,15,2,2,3,90,60,30,8,0.6666666666666666,0.3333333333333333,0.011111111111111112,0.044444444444444446,0.16666666666666666,0.022222222222222223,0.044444444444444446,0.022222222222222223,0.08888888888888889,2,1.0,java,threerings/narya,ObjectOutputStream.writeObject
1,4,10,5,3,0,0,0,4,10,10,0,10,39,4,2,14,253,172,81,15,0.6798418972332015,0.3201581027667984,0.011857707509881422,0.039525691699604744,0.1541501976284585,0.007905138339920948,0.039525691699604744,0.007905138339920948,0.05928853754940711,4,4.0,java,dropbox/dropbox-sdk-java,DropboxBrowse.slurpUtf8Part
1,5,18,9,11,3,0,0,2,26,28,4,22,125,16,11,26,753,532,221,18,0.7065073041168659,0.29349269588313415,0.01859229747675963,0.034528552456839307,0.16600265604249667,0.014608233731739707,0.02390438247011952,0.014608233731739707,0.02390438247011952,15,5.0,java,OpenLiberty/open-liberty,MethodAttribUtils.getXMLAsynchronousMethods
1,1,0,0,2,0,0,0,0,1,1,1,2,9,3,2,1,57,37,20,10,0.6491228070175439,0.3508771929824561,0.03508771929824561,0.017543859649122806,0.15789473684210525,0.03508771929824561,0.0,0.03508771929824561,0.17543859649122806,3,1.0,java,Samsung/GearVRf,OrientedLayout.setOrientation
1,0,0,0,2,0,0,0,0,2,4,1,2,7,3,2,4,87,58,29,9,0.6666666666666666,0.3333333333333333,0.022988505747126436,0.022988505747126436,0.08045977011494253,0.022988505747126436,0.0,0.022988505747126436,0.10344827586206896,3,0.0,java,asterisk-java/asterisk-java,AgiServerThread.startup
1,4,4,2,2,0,0,0,1,3,8,0,7,24,3,1,8,201,139,62,10,0.6915422885572139,0.30845771144278605,0.009950248756218905,0.014925373134328358,0.11940298507462686,0.004975124378109453,0.01990049751243781,0.004975124378109453,0.04975124378109453,3,4.0,java,amzn/ion-java,SharedSymbolTable.newSharedSymbolTable
1,2,2,1,1,1,0,0,2,0,0,0,2,12,3,0,2,79,51,28,9,0.6455696202531646,0.35443037974683544,0.02531645569620253,0.0,0.1518987341772152,0.0,0.02531645569620253,0.0,0.11392405063291139,3,2.0,java,elki-project/elki,NearestNeighborAffinityMatrixBuilder.containsIndex
1,1,2,1,1,0,0,0,2,7,7,0,1,15,2,0,1,90,58,32,10,0.6444444444444445,0.35555555555555557,0.011111111111111112,0.07777777777777778,0.16666666666666666,0.0,0.022222222222222223,0.0,0.1111111111111111,2,1.0,java,eclipse/xtext-extras,StandardTypeReferenceOwner.newReferenceTo
1,2,0,0,0,0,0,0,1,4,4,0,0,11,1,0,0,64,40,24,11,0.625,0.375,0.0,0.0625,0.171875,0.0,0.0,0.0,0.171875,1,2.0,java,jMotif/SAX,EuclideanDistance.distance
1,2,18,9,6,1,0,0,2,12,14,5,14,74,9,9,17,413,284,129,17,0.6876513317191283,0.31234866828087166,0.01694915254237288,0.029055690072639227,0.1791767554479419,0.021791767554479417,0.043583535108958835,0.021791767554479417,0.04116222760290557,8,2.0,java,headius/invokebinder,Signature.collect
1,2,2,1,0,0,0,0,0,6,6,0,1,16,1,2,8,112,78,34,13,0.6964285714285714,0.30357142857142855,0.0,0.05357142857142857,0.14285714285714285,0.017857142857142856,0.017857142857142856,0.017857142857142856,0.11607142857142858,1,2.0,java,facebookarchive/hadoop-20,FairSchedulerServlet.showAdminFormPreemption
1,1,0,0,0,0,0,0,2,3,3,0,0,12,3,2,3,78,51,27,10,0.6538461538461539,0.34615384615384615,0.0,0.038461538461538464,0.15384615384615385,0.02564102564102564,0.0,0.02564102564102564,0.1282051282051282,1,1.0,java,Red5/red5-io,FLVWriter.writeStream
1,3,0,0,0,0,0,0,0,6,6,0,0,18,1,3,2,77,54,23,8,0.7012987012987013,0.2987012987012987,0.0,0.07792207792207792,0.23376623376623376,0.03896103896103896,0.0,0.03896103896103896,0.1038961038961039,1,3.0,java,pravega/pravega,TransactionMetrics.createTransaction
1,1,2,1,2,0,0,0,2,2,2,1,3,14,4,1,4,90,62,28,9,0.6888888888888889,0.3111111111111111,0.022222222222222223,0.022222222222222223,0.15555555555555556,0.011111111111111112,0.022222222222222223,0.011111111111111112,0.1,3,1.0,java,stagemonitor/stagemonitor,ConfigurationRegistry.getString
1,4,0,0,1,0,0,0,1,5,5,1,0,23,2,3,0,110,76,34,11,0.6909090909090909,0.3090909090909091,0.00909090909090909,0.045454545454545456,0.20909090909090908,0.02727272727272727,0.0,0.02727272727272727,0.1,2,4.0,java,blinkfox/zealot,ZealotKhala.doIsNull
1,0,1,1,1,0,0,0,1,2,3,0,1,11,3,2,1,91,61,30,13,0.6703296703296703,0.32967032967032966,0.01098901098901099,0.02197802197802198,0.12087912087912088,0.02197802197802198,0.01098901098901099,0.02197802197802198,0.14285714285714285,2,0.0,java,aws/aws-sdk-java,DescribeTrustedAdvisorChecksResult.withChecks
1,0,16,8,0,0,0,0,0,16,16,0,9,40,1,4,7,219,140,79,12,0.639269406392694,0.3607305936073059,0.0,0.0730593607305936,0.182648401826484,0.0182648401826484,0.0730593607305936,0.0182648401826484,0.0547945205479452,1,0.0,java,HanSolo/Medusa,Gauge.calcAutoScale
1,3,18,9,0,2,0,0,1,3,5,1,15,41,3,1,8,229,151,78,12,0.6593886462882096,0.3406113537117904,0.008733624454148471,0.013100436681222707,0.17903930131004367,0.004366812227074236,0.07860262008733625,0.004366812227074236,0.05240174672489083,3,3.0,java,lessthanoptimal/BoofCV,CalibrationDetectorCircleHexagonalGrid.createLayout
1,0,0,0,0,0,0,0,0,3,3,3,0,12,1,3,2,56,37,19,8,0.6607142857142857,0.3392857142857143,0.0,0.05357142857142857,0.21428571428571427,0.05357142857142857,0.0,0.05357142857142857,0.14285714285714285,1,0.0,java,zaproxy/zaproxy,AlertParam.parse
1,1,12,6,14,1,0,0,0,32,32,3,8,107,23,14,17,642,451,191,21,0.7024922118380063,0.29750778816199375,0.02336448598130841,0.04984423676012461,0.16666666666666666,0.021806853582554516,0.018691588785046728,0.021806853582554516,0.03271028037383177,16,1.0,java,google/j2objc,DOM3TreeWalker.initProperties
1,1,0,0,0,0,0,0,1,1,1,0,0,7,1,0,0,47,31,16,7,0.6595744680851063,0.3404255319148936,0.0,0.02127659574468085,0.14893617021276595,0.0,0.0,0.0,0.14893617021276595,1,1.0,java,jOOQ/jOOL,Sneaky.binaryOperator
2,4,9,5,4,0,0,0,2,13,17,3,6,57,8,6,10,415,282,133,13,0.6795180722891566,0.3204819277108434,0.00963855421686747,0.03132530120481928,0.13734939759036144,0.014457831325301205,0.021686746987951807,0.014457831325301205,0.03132530120481928,5,2.0,java,OpenTSDB/opentsdb,Tree.storeTree
1,0,0,0,1,0,0,0,1,3,3,1,1,12,2,1,2,67,45,22,13,0.6716417910447762,0.3283582089552239,0.014925373134328358,0.04477611940298507,0.1791044776119403,0.014925373134328358,0.0,0.014925373134328358,0.19402985074626866,2,0.0,java,opensourceBIM/BIMserver,Ifc2x3tc1PackageImpl.getIfcElectricHeaterTypeEnum
1,2,0,0,1,0,0,0,2,5,5,0,1,19,2,0,0,80,55,25,9,0.6875,0.3125,0.0125,0.0625,0.2375,0.0,0.0,0.0,0.1125,2,2.0,java,recommenders/rival,DataModel.getUserItemPreference
1,1,4,2,3,0,0,0,4,6,6,0,4,22,3,0,5,148,100,48,13,0.6756756756756757,0.32432432432432434,0.02027027027027027,0.04054054054054054,0.14864864864864866,0.0,0.02702702702702703,0.0,0.08783783783783784,4,1.0,java,eclipse/xtext-extras,JvmTypeConstraintImplCustom.isLikelyAValidConstraintBound
1,1,10,5,0,1,0,0,1,5,6,3,1,32,2,4,1,143,96,47,10,0.6713286713286714,0.32867132867132864,0.006993006993006993,0.03496503496503497,0.22377622377622378,0.027972027972027972,0.06993006993006994,0.027972027972027972,0.06993006993006994,2,1.0,java,kaichunlin/android-transition,ViewTransitionBuilder.transitViewGroup
1,0,0,0,1,0,0,0,1,3,3,1,1,12,2,1,2,67,45,22,13,0.6716417910447762,0.3283582089552239,0.014925373134328358,0.04477611940298507,0.1791044776119403,0.014925373134328358,0.0,0.014925373134328358,0.19402985074626866,2,0.0,java,opensourceBIM/BIMserver,Ifc2x3tc1PackageImpl.getIfcAxis2Placement2D
1,2,0,0,0,0,0,0,1,0,1,0,0,5,1,0,0,60,39,21,7,0.65,0.35,0.0,0.0,0.08333333333333333,0.0,0.0,0.0,0.11666666666666667,1,2.0,java,VoltDB/voltdb,Constraints.constrainedSet
1,0,26,13,4,0,0,0,0,37,53,2,4,109,8,20,4,597,415,182,12,0.695142378559464,0.304857621440536,0.006700167504187605,0.06197654941373534,0.18257956448911222,0.03350083752093802,0.04355108877721943,0.03350083752093802,0.020100502512562814,5,0.0,java,camunda/camunda-bpm-platform,ProcessEngineConfigurationImpl.initJobExecutor
1,1,0,0,0,0,0,1,2,4,4,0,0,14,1,3,0,81,51,30,10,0.6296296296296297,0.37037037037037035,0.0,0.04938271604938271,0.1728395061728395,0.037037037037037035,0.0,0.037037037037037035,0.12345679012345678,1,1.0,java,yan74/afplib,MGORGImpl.eUnset
1,0,0,0,1,0,0,0,1,0,1,1,1,6,2,1,1,60,40,20,10,0.6666666666666666,0.3333333333333333,0.016666666666666666,0.0,0.1,0.016666666666666666,0.0,0.016666666666666666,0.16666666666666666,2,0.0,java,eclipse/xtext-extras,JvmStringAnnotationValueImpl.getValues
1,1,2,1,0,0,0,0,0,1,1,1,0,8,2,2,0,45,29,16,7,0.6444444444444445,0.35555555555555557,0.0,0.022222222222222223,0.17777777777777778,0.044444444444444446,0.044444444444444446,0.044444444444444446,0.15555555555555556,1,1.0,java,knightliao/disconf,ReloadablePropertiesBase.setProperties
2,2,4,2,1,0,0,0,3,10,13,0,1,29,5,0,3,272,180,92,20,0.6617647058823529,0.3382352941176471,0.003676470588235294,0.03676470588235294,0.10661764705882353,0.0,0.014705882352941176,0.0,0.07352941176470588,2,1.0,java,Azure/azure-sdk-for-java,WebSiteManagementClientImpl.listPremierAddOnOffersNextSinglePageAsync
1,1,0,0,0,0,0,0,0,11,11,0,0,33,1,10,0,126,86,40,9,0.6825396825396826,0.31746031746031744,0.0,0.0873015873015873,0.2619047619047619,0.07936507936507936,0.0,0.07936507936507936,0.07142857142857142,1,1.0,java,apache/incubator-druid,FixedBucketsHistogram.writeByteBufferCommonFields
1,1,0,0,0,0,0,0,1,1,1,0,0,6,1,0,0,52,33,19,7,0.6346153846153846,0.36538461538461536,0.0,0.019230769230769232,0.11538461538461539,0.0,0.0,0.0,0.1346153846153846,1,1.0,java,op4j/op4j,Op.on
1,3,12,6,0,0,0,0,1,10,10,0,7,46,1,2,4,208,141,67,10,0.6778846153846154,0.32211538461538464,0.0,0.04807692307692308,0.22115384615384615,0.009615384615384616,0.057692307692307696,0.009615384615384616,0.04807692307692308,1,3.0,java,katjahahn/PortEx,PELoader.reloadCOFFFileHeader
1,1,4,2,2,0,0,0,0,1,1,6,4,28,4,8,5,150,100,50,11,0.6666666666666666,0.3333333333333333,0.013333333333333334,0.006666666666666667,0.18666666666666668,0.05333333333333334,0.02666666666666667,0.05333333333333334,0.07333333333333333,3,1.0,java,google/j2objc,NodeVector.push
4,5,14,7,3,0,0,0,3,25,28,1,4,87,8,7,4,479,330,149,17,0.6889352818371608,0.31106471816283926,0.006263048016701462,0.05219206680584551,0.18162839248434237,0.014613778705636743,0.029227557411273485,0.014613778705636743,0.03549060542797495,4,1.25,java,jenkinsci/jenkins,ItemListener.fireLocationChange
1,0,4,2,2,0,0,0,1,7,9,0,1,17,3,2,3,123,82,41,9,0.6666666666666666,0.3333333333333333,0.016260162601626018,0.056910569105691054,0.13821138211382114,0.016260162601626018,0.032520325203252036,0.016260162601626018,0.07317073170731707,3,0.0,java,tvesalainen/util,SimpleWorkflow.join
1,2,0,0,0,0,0,0,0,4,4,0,0,12,1,4,1,74,50,24,8,0.6756756756756757,0.32432432432432434,0.0,0.05405405405405406,0.16216216216216217,0.05405405405405406,0.0,0.05405405405405406,0.10810810810810811,1,2.0,java,jnr/jnr-x86asm,TrampolineWriter.writeTrampoline
1,1,6,3,8,0,0,0,0,7,7,16,28,63,10,16,11,491,327,164,16,0.6659877800407332,0.3340122199592668,0.016293279022403257,0.014256619144602852,0.12830957230142567,0.032586558044806514,0.012219959266802444,0.032586558044806514,0.032586558044806514,9,1.0,java,stephanrauh/AngularFaces,NGBeanAttributeInfo.readJSR303Annotations
1,1,0,0,2,0,0,0,1,5,5,0,2,15,3,3,2,85,57,28,8,0.6705882352941176,0.32941176470588235,0.023529411764705882,0.058823529411764705,0.17647058823529413,0.03529411764705882,0.0,0.03529411764705882,0.09411764705882353,3,1.0,java,rapidoid/rapidoid,Form.add
1,4,12,6,5,0,0,0,2,13,15,3,5,60,8,6,5,324,224,100,14,0.691358024691358,0.30864197530864196,0.015432098765432098,0.040123456790123455,0.18518518518518517,0.018518518518518517,0.037037037037037035,0.018518518518518517,0.043209876543209874,6,4.0,java,google/closure-compiler,PolymerPassStaticUtils.extractProperties
1,3,18,9,5,1,0,0,2,2,2,5,17,57,9,6,13,355,235,120,14,0.6619718309859155,0.3380281690140845,0.016901408450704224,0.005633802816901409,0.16056338028169015,0.016901408450704224,0.05070422535211268,0.016901408450704224,0.03943661971830986,7,3.0,java,TheHortonMachine/hortonmachine,UCSReader.readUCS2
1,2,4,2,2,0,0,0,4,9,9,0,4,36,6,1,5,187,131,56,12,0.7005347593582888,0.2994652406417112,0.0106951871657754,0.0481283422459893,0.1925133689839572,0.0053475935828877,0.0213903743315508,0.0053475935828877,0.06417112299465241,3,2.0,java,alkacon/opencms-core,CmsElementView.hasPermission
2,1,4,2,0,0,0,0,0,9,11,0,0,23,2,5,1,129,87,42,13,0.6744186046511628,0.32558139534883723,0.0,0.06976744186046512,0.17829457364341086,0.03875968992248062,0.031007751937984496,0.03875968992248062,0.10077519379844961,1,0.5,java,facebookarchive/hadoop-20,ServerView.createContextMenu
1,3,6,3,0,0,0,0,1,1,1,0,4,25,1,1,1,116,75,41,9,0.646551724137931,0.35344827586206895,0.0,0.008620689655172414,0.21551724137931033,0.008620689655172414,0.05172413793103448,0.008620689655172414,0.07758620689655173,1,3.0,java,MariaDB/mariadb-connector-j,Utils.copyRange
1,2,0,0,1,0,0,0,0,7,9,0,2,23,4,3,3,138,95,43,12,0.6884057971014492,0.3115942028985507,0.007246376811594203,0.050724637681159424,0.16666666666666666,0.021739130434782608,0.0,0.021739130434782608,0.08695652173913043,2,2.0,java,aws/aws-sdk-java,PutBackupVaultNotificationsRequestMarshaller.marshall
1,0,2,1,0,0,0,0,1,7,8,0,0,19,2,1,0,114,80,34,13,0.7017543859649122,0.2982456140350877,0.0,0.06140350877192982,0.16666666666666666,0.008771929824561403,0.017543859649122806,0.008771929824561403,0.11403508771929824,1,0.0,java,alkacon/opencms-core,CmsMessageBundleEditorModel.getKeyItemMap
1,1,8,4,1,1,0,0,1,7,8,0,3,30,4,3,3,160,108,52,12,0.675,0.325,0.0125,0.04375,0.1875,0.01875,0.05,0.01875,0.075,3,1.0,java,strator-dev/greenpepper,NameUtils.humanize
1,2,2,1,1,0,0,0,2,7,7,0,0,16,3,0,2,96,66,30,11,0.6875,0.3125,0.010416666666666666,0.07291666666666667,0.16666666666666666,0.0,0.020833333333333332,0.0,0.11458333333333333,2,2.0,java,alkacon/opencms-core,CmsContainerpageService.isModelPage
1,1,10,5,0,0,0,0,0,19,21,0,0,47,3,7,3,232,159,73,12,0.6853448275862069,0.3146551724137931,0.0,0.08189655172413793,0.2025862068965517,0.03017241379310345,0.04310344827586207,0.03017241379310345,0.05172413793103448,1,1.0,java,jbake-org/jbake,BakeWatcher.start
1,1,0,0,0,0,0,0,0,3,3,0,1,10,1,3,1,53,36,17,7,0.6792452830188679,0.32075471698113206,0.0,0.05660377358490566,0.18867924528301888,0.05660377358490566,0.0,0.05660377358490566,0.1320754716981132,1,1.0,java,google/closure-compiler,JSModule.addDependency
2,11,37,19,2,2,0,0,1,19,30,1,6,136,11,2,7,733,511,222,20,0.6971350613915416,0.30286493860845837,0.005457025920873124,0.02592087312414734,0.1855388813096862,0.002728512960436562,0.0504774897680764,0.002728512960436562,0.027285129604365622,5,5.5,java,finmath/finmath-lib,ModelFactory.getHybridAssetLIBORModel
1,1,1,1,0,0,0,0,1,1,1,0,0,6,1,0,1,35,24,11,6,0.6857142857142857,0.3142857142857143,0.0,0.02857142857142857,0.17142857142857143,0.0,0.02857142857142857,0.0,0.17142857142857143,1,1.0,java,codeprimate-software/cp-elements,ElementsExceptionsFactory.newServiceInvocationException
1,3,0,0,0,0,0,0,1,2,2,0,0,10,1,0,0,46,32,14,7,0.6956521739130435,0.30434782608695654,0.0,0.043478260869565216,0.21739130434782608,0.0,0.0,0.0,0.15217391304347827,1,3.0,java,avianey/facebook-api-android-maven,Request.executeGraphPathRequestAsync
1,0,2,1,2,0,0,0,0,3,5,0,1,11,6,1,1,108,72,36,13,0.6666666666666666,0.3333333333333333,0.018518518518518517,0.027777777777777776,0.10185185185185185,0.009259259259259259,0.018518518518518517,0.009259259259259259,0.12037037037037036,3,0.0,java,Bandwidth/java-bandwidth,BandwidthClient.validateCredentials
1,1,6,3,1,0,1,0,1,17,19,3,0,40,5,5,6,241,165,76,15,0.6846473029045643,0.3153526970954357,0.008298755186721992,0.07053941908713693,0.16597510373443983,0.02074688796680498,0.024896265560165973,0.02074688796680498,0.06224066390041494,3,1.0,java,Impetus/Kundera,ThriftClientFactory.getConnection
1,2,0,0,4,0,0,0,5,15,17,0,3,49,6,1,3,241,169,72,16,0.7012448132780082,0.2987551867219917,0.016597510373443983,0.06224066390041494,0.2033195020746888,0.004149377593360996,0.0,0.004149377593360996,0.06639004149377593,5,2.0,java,lucee/Lucee,Operator.compare
1,2,8,4,4,0,0,0,1,15,15,0,2,49,6,8,9,258,180,78,13,0.6976744186046512,0.3023255813953488,0.015503875968992248,0.05813953488372093,0.18992248062015504,0.031007751937984496,0.031007751937984496,0.031007751937984496,0.050387596899224806,5,2.0,java,ModeShape/modeshape,OracleDdlParser.parseCreateProcedureStatement
1,2,2,1,1,0,0,0,1,5,6,0,0,19,3,2,0,113,76,37,10,0.672566371681416,0.3274336283185841,0.008849557522123894,0.04424778761061947,0.168141592920354,0.017699115044247787,0.017699115044247787,0.017699115044247787,0.08849557522123894,2,2.0,java,apache/incubator-shardingsphere,ExtractorUtils.getAllDescendantNodes
1,3,0,0,0,0,0,0,1,2,2,0,0,9,1,0,0,48,31,17,8,0.6458333333333334,0.3541666666666667,0.0,0.041666666666666664,0.1875,0.0,0.0,0.0,0.16666666666666666,1,3.0,java,derari/cthul,Boxing.boxLongs
1,1,0,0,0,0,0,0,1,3,3,0,0,9,1,1,2,51,37,14,8,0.7254901960784313,0.27450980392156865,0.0,0.058823529411764705,0.17647058823529413,0.0196078431372549,0.0,0.0196078431372549,0.1568627450980392,1,1.0,java,spring-projects/spring-shell,TableBuilder.addInnerBorder
1,2,0,0,1,0,0,0,0,5,7,0,2,18,4,2,3,120,82,38,12,0.6833333333333333,0.31666666666666665,0.008333333333333333,0.041666666666666664,0.15,0.016666666666666666,0.0,0.016666666666666666,0.1,2,2.0,java,aws/aws-sdk-java,WarningMarshaller.marshall
1,6,10,5,5,0,0,0,0,19,28,2,0,77,15,6,0,530,367,163,13,0.6924528301886792,0.30754716981132074,0.009433962264150943,0.035849056603773584,0.14528301886792452,0.011320754716981131,0.018867924528301886,0.011320754716981131,0.024528301886792454,6,6.0,java,gsi-upm/Shanks,ComplexScenario.addScenario
1,0,0,0,1,0,1,4,0,18,18,1,2,31,3,14,13,370,233,137,20,0.6297297297297297,0.37027027027027026,0.005405405405405406,0.04864864864864865,0.08378378378378379,0.03783783783783784,0.0,0.03783783783783784,0.05405405405405406,3,0.0,java,j-a-w-r/jawr-main-repo,JSMin.jsmin
1,1,0,0,1,0,0,0,1,2,3,0,1,6,1,0,2,53,35,18,8,0.660377358490566,0.33962264150943394,0.018867924528301886,0.03773584905660377,0.11320754716981132,0.0,0.0,0.0,0.1509433962264151,2,1.0,java,schallee/alib4j,PkgRes.getPackageName
2,2,0,0,0,0,0,0,2,3,4,0,0,10,2,0,0,115,73,42,15,0.6347826086956522,0.3652173913043478,0.0,0.02608695652173913,0.08695652173913043,0.0,0.0,0.0,0.13043478260869565,1,1.0,java,Azure/azure-sdk-for-java,FileServersInner.listByResourceGroupNextAsync
1,1,6,3,0,1,0,0,0,3,4,1,2,19,2,2,0,101,66,35,10,0.6534653465346535,0.3465346534653465,0.009900990099009901,0.0297029702970297,0.18811881188118812,0.019801980198019802,0.0594059405940594,0.019801980198019802,0.09900990099009901,2,1.0,java,anotheria/moskito,BuiltinErrorCatcher.trimList
1,1,2,1,0,0,1,0,1,4,4,1,1,19,2,1,2,83,57,26,9,0.6867469879518072,0.3132530120481928,0.012048192771084338,0.04819277108433735,0.2289156626506024,0.012048192771084338,0.024096385542168676,0.012048192771084338,0.10843373493975904,2,1.0,java,atomix/atomix,AbstractBuffer.calculateCapacity
1,3,6,3,0,0,0,0,0,13,13,0,1,43,1,1,8,217,153,64,11,0.7050691244239631,0.29493087557603687,0.0,0.059907834101382486,0.19815668202764977,0.004608294930875576,0.027649769585253458,0.004608294930875576,0.05069124423963134,1,3.0,java,cdk/cdk,CDKToBeam.addExtendedTetrahedralConfiguration
1,0,0,0,1,0,0,0,1,4,5,0,1,13,2,2,2,78,54,24,10,0.6923076923076923,0.3076923076923077,0.01282051282051282,0.05128205128205128,0.16666666666666666,0.02564102564102564,0.0,0.02564102564102564,0.1282051282051282,2,0.0,java,OpenLiberty/open-liberty,MessageProcessor.discardMsgsAfterQueueDeletion
1,1,0,0,1,0,0,0,1,0,1,2,1,6,3,2,2,59,39,20,9,0.6610169491525424,0.3389830508474576,0.01694915254237288,0.0,0.1016949152542373,0.03389830508474576,0.0,0.03389830508474576,0.15254237288135594,2,1.0,java,Azure/azure-sdk-for-java,FileGetPropertiesFromTaskOptions.withIfModifiedSince
1,2,8,4,0,0,0,0,1,0,1,2,7,26,1,2,3,149,95,54,11,0.6375838926174496,0.3624161073825503,0.0,0.0,0.174496644295302,0.013422818791946308,0.053691275167785234,0.013422818791946308,0.0738255033557047,1,2.0,java,tango-controls/JTango,PollThread.time_diff
1,3,10,5,1,2,0,0,2,2,2,0,3,27,2,0,2,137,90,47,10,0.656934306569343,0.34306569343065696,0.021897810218978103,0.014598540145985401,0.19708029197080293,0.0,0.072992700729927,0.0,0.072992700729927,4,3.0,java,aoindustries/aocode-public,StringUtility.indexOf
1,1,4,2,2,0,0,0,1,3,4,1,4,21,3,1,3,117,79,38,14,0.6752136752136753,0.3247863247863248,0.017094017094017096,0.02564102564102564,0.1794871794871795,0.008547008547008548,0.03418803418803419,0.008547008547008548,0.11965811965811966,3,1.0,java,real-logic/simple-binary-encoding,JavaUtil.formatPropertyName
1,4,6,3,2,0,0,0,6,19,21,4,2,55,14,8,5,367,245,122,16,0.667574931880109,0.33242506811989103,0.005449591280653951,0.051771117166212535,0.14986376021798364,0.021798365122615803,0.01634877384196185,0.021798365122615803,0.043596730245231606,3,4.0,java,jboss/jboss-jstl-api_spec,JstlBaseTLV.validate
1,2,4,2,3,0,0,0,4,8,8,0,12,41,4,1,7,212,141,71,11,0.6650943396226415,0.33490566037735847,0.014150943396226415,0.03773584905660377,0.19339622641509435,0.0047169811320754715,0.018867924528301886,0.0047169811320754715,0.05188679245283019,4,2.0,java,spotbugs/spotbugs,UselessSubclassMethod.differentAttributes
1,1,0,0,1,0,1,0,1,3,5,1,2,12,3,2,1,101,66,35,11,0.6534653465346535,0.3465346534653465,0.019801980198019802,0.0297029702970297,0.1188118811881188,0.019801980198019802,0.0,0.019801980198019802,0.10891089108910891,3,1.0,java,ist-dresden/composum,ComponentTag.getReplacedAttributes
1,0,2,1,1,0,0,0,2,2,2,0,1,6,3,0,4,61,41,20,8,0.6721311475409836,0.32786885245901637,0.01639344262295082,0.03278688524590164,0.09836065573770492,0.0,0.03278688524590164,0.0,0.13114754098360656,2,0.0,java,petergeneric/stdlib,MediaInfoTrack.getOtherTrackType
1,1,4,2,0,0,0,0,0,65,88,0,10,193,1,13,26,917,670,247,18,0.7306434023991276,0.2693565976008724,0.0,0.07088331515812432,0.21046892039258452,0.014176663031624863,0.004362050163576881,0.014176663031624863,0.019629225736095966,1,1.0,java,phax/ph-bdve,EN16931Validation.initEN16931
1,2,4,2,2,0,0,0,1,6,8,1,1,23,4,3,2,126,85,41,11,0.6746031746031746,0.3253968253968254,0.015873015873015872,0.047619047619047616,0.18253968253968253,0.023809523809523808,0.031746031746031744,0.023809523809523808,0.0873015873015873,3,2.0,java,bushidowallet/bushido-java-service,V2WalletServiceImpl.getTransactionsKeys
1,3,2,1,1,0,0,0,2,4,5,0,3,18,2,0,2,97,67,30,9,0.6907216494845361,0.30927835051546393,0.010309278350515464,0.041237113402061855,0.18556701030927836,0.0,0.020618556701030927,0.0,0.09278350515463918,2,3.0,java,wisdom-framework/wisdom-jcr,RepositoryManagerImpl.getSession
1,1,2,1,1,0,0,0,2,2,6,1,1,12,4,1,3,121,82,39,11,0.6776859504132231,0.32231404958677684,0.008264462809917356,0.01652892561983471,0.09917355371900827,0.008264462809917356,0.01652892561983471,0.008264462809917356,0.09090909090909091,2,1.0,java,MKLab-ITI/multimedia-indexing,ImageIOGreyScale.getImageWritersByMIMEType
1,1,2,1,2,0,0,0,1,12,13,0,0,24,3,4,5,155,105,50,10,0.6774193548387096,0.3225806451612903,0.012903225806451613,0.07741935483870968,0.15483870967741936,0.025806451612903226,0.012903225806451613,0.025806451612903226,0.06451612903225806,3,1.0,java,apache/groovy,GroovyMBean.describeAttribute
1,2,2,1,0,0,0,0,1,2,2,0,0,9,1,0,0,51,34,17,7,0.6666666666666666,0.3333333333333333,0.0,0.0392156862745098,0.17647058823529413,0.0,0.0392156862745098,0.0,0.13725490196078433,1,2.0,java,artikcloud/artikcloud-java,WhitelistingApi.deleteVdid
1,2,2,1,0,0,0,0,1,1,2,0,0,7,1,0,0,46,31,15,7,0.6739130434782609,0.32608695652173914,0.0,0.021739130434782608,0.15217391304347827,0.0,0.043478260869565216,0.0,0.15217391304347827,1,2.0,java,netscaler/nitro,shutdown.Shutdown
1,2,0,0,0,0,0,0,1,1,1,0,0,9,1,0,0,40,26,14,7,0.65,0.35,0.0,0.025,0.225,0.0,0.0,0.0,0.175,1,2.0,java,duracloud/snapshot,SnapshotHistory.compare
1,1,0,0,1,0,0,0,2,3,3,0,1,11,2,0,1,66,44,22,8,0.6666666666666666,0.3333333333333333,0.015151515151515152,0.045454545454545456,0.16666666666666666,0.0,0.0,0.0,0.12121212121212122,2,1.0,java,kmi/iserve,ServiceManagerIndexRdf.listInputs
1,5,14,7,5,0,0,0,1,14,19,2,7,78,4,8,6,417,296,121,13,0.709832134292566,0.290167865707434,0.011990407673860911,0.03357314148681055,0.18705035971223022,0.019184652278177457,0.03357314148681055,0.019184652278177457,0.03117505995203837,6,5.0,java,jbundle/jbundle,ReferenceField.setupIconView
1,0,0,0,2,0,0,0,1,0,2,2,1,20,4,2,1,144,104,40,12,0.7222222222222222,0.2777777777777778,0.013888888888888888,0.0,0.1388888888888889,0.013888888888888888,0.0,0.013888888888888888,0.08333333333333333,3,0.0,java,openbaton/openbaton-client,NFVORequestor.getNetworkServiceDescriptorAgent
2,2,6,3,8,0,0,0,8,14,19,1,7,49,13,1,18,403,278,125,23,0.6898263027295285,0.31017369727047145,0.019851116625310174,0.034739454094292806,0.12158808933002481,0.0024813895781637717,0.01488833746898263,0.0024813895781637717,0.05707196029776675,9,1.0,java,OpenLiberty/open-liberty,RepositoryReaderImpl.containsLogFiles
1,2,0,0,0,0,0,1,0,21,22,10,14,89,1,17,12,420,284,136,12,0.6761904761904762,0.3238095238095238,0.0,0.05,0.2119047619047619,0.04047619047619048,0.0,0.04047619047619048,0.02857142857142857,1,2.0,java,Samsung/GearVRf,AiMesh.allocateDataChannel
1,2,0,0,1,0,0,0,0,7,9,0,2,23,4,3,3,138,95,43,12,0.6884057971014492,0.3115942028985507,0.007246376811594203,0.050724637681159424,0.16666666666666666,0.021739130434782608,0.0,0.021739130434782608,0.08695652173913043,2,2.0,java,aws/aws-sdk-java,GetDeviceDefinitionVersionRequestMarshaller.marshall
1,5,4,2,2,0,0,0,3,4,4,0,2,27,3,0,5,142,98,44,8,0.6901408450704225,0.30985915492957744,0.014084507042253521,0.028169014084507043,0.19014084507042253,0.0,0.028169014084507043,0.0,0.056338028169014086,3,5.0,java,liferay/com-liferay-commerce,CPAttachmentFileEntryPersistenceImpl.fetchByC_C_T_NotST_Last
1,0,4,2,1,1,0,0,2,2,2,1,4,19,4,1,3,115,77,38,11,0.6695652173913044,0.33043478260869563,0.017391304347826087,0.017391304347826087,0.16521739130434782,0.008695652173913044,0.034782608695652174,0.008695652173913044,0.09565217391304348,3,0.0,java,michael-rapp/AndroidMaterialDialog,ListDialogDecorator.getCheckedItems
1,1,6,3,2,0,0,1,3,3,3,3,3,34,4,4,8,207,137,70,12,0.6618357487922706,0.33816425120772947,0.00966183574879227,0.014492753623188406,0.1642512077294686,0.01932367149758454,0.028985507246376812,0.01932367149758454,0.057971014492753624,3,1.0,java,Trilarion/java-vorbis-support,CodeBook.decode
1,1,2,1,0,0,0,0,1,2,4,0,0,9,1,2,1,70,46,24,8,0.6571428571428571,0.34285714285714286,0.0,0.02857142857142857,0.12857142857142856,0.02857142857142857,0.02857142857142857,0.02857142857142857,0.11428571428571428,1,1.0,java,mapbox/mapbox-events-android,LocationEngineResult.create
2,2,0,0,0,0,0,0,2,3,4,0,0,10,2,0,0,115,73,42,15,0.6347826086956522,0.3652173913043478,0.0,0.02608695652173913,0.08695652173913043,0.0,0.0,0.0,0.13043478260869565,1,1.0,java,Azure/azure-sdk-for-java,VaultsInner.listNextAsync
1,1,0,0,0,0,0,0,1,1,1,0,0,4,1,0,1,34,24,10,6,0.7058823529411765,0.29411764705882354,0.0,0.029411764705882353,0.11764705882352941,0.0,0.0,0.0,0.17647058823529413,1,1.0,java,gallandarakhneorg/afc,XMLUtil.readXMLFragment
1,2,6,3,2,0,0,0,2,9,11,0,3,40,3,0,2,187,132,55,11,0.7058823529411765,0.29411764705882354,0.0106951871657754,0.0481283422459893,0.21390374331550802,0.0,0.03208556149732621,0.0,0.058823529411764705,3,2.0,java,timewalker74/ffmq,FFMQQueueConnectionFactory.createQueueConnection
1,3,0,0,0,0,0,0,0,1,3,0,0,9,1,1,0,49,34,15,10,0.6938775510204082,0.30612244897959184,0.0,0.02040816326530612,0.1836734693877551,0.02040816326530612,0.0,0.02040816326530612,0.20408163265306123,1,3.0,java,morimekta/utils,SubCommandSet.printUsage
1,0,0,0,3,0,0,0,0,8,8,2,3,24,4,6,7,167,117,50,10,0.7005988023952096,0.2994011976047904,0.017964071856287425,0.04790419161676647,0.1437125748502994,0.03592814371257485,0.0,0.03592814371257485,0.059880239520958084,4,0.0,java,OpenLiberty/open-liberty,JmsMsgConsumerImpl.emergencyClose
1,1,2,1,3,0,0,0,2,3,4,4,7,31,3,2,2,145,97,48,11,0.6689655172413793,0.3310344827586207,0.020689655172413793,0.020689655172413793,0.21379310344827587,0.013793103448275862,0.013793103448275862,0.013793103448275862,0.07586206896551724,4,1.0,java,google/j2objc,Buffer.writableSegment
1,4,4,2,2,1,0,0,1,4,4,3,8,32,3,4,7,178,119,59,17,0.6685393258426966,0.33146067415730335,0.016853932584269662,0.02247191011235955,0.1797752808988764,0.02247191011235955,0.02247191011235955,0.02247191011235955,0.09550561797752809,4,4.0,java,h2oai/h2o-3,ModelUtils.sampleOOBRows
1,1,0,0,1,0,0,0,0,2,2,1,1,11,2,2,1,63,42,21,11,0.6666666666666666,0.3333333333333333,0.015873015873015872,0.031746031746031744,0.1746031746031746,0.031746031746031744,0.0,0.031746031746031744,0.1746031746031746,2,1.0,java,BranchMetrics/android-branch-deep-linking,BranchLinkData.putStage
2,1,0,0,0,0,0,0,2,2,4,0,0,8,2,0,0,76,50,26,14,0.6578947368421053,0.34210526315789475,0.0,0.02631578947368421,0.10526315789473684,0.0,0.0,0.0,0.18421052631578946,1,0.5,java,exoplatform/jcr,FSDirectoryManager.hasDirectory
1,0,2,1,1,0,0,1,11,10,10,0,10,18,2,0,5,246,157,89,18,0.6382113821138211,0.3617886178861789,0.0040650406504065045,0.04065040650406504,0.07317073170731707,0.0,0.008130081300813009,0.0,0.07317073170731707,2,0.0,java,yonik/noggit,JSONParser.readEscapedChar
1,4,2,1,2,0,0,0,0,5,7,1,1,26,4,4,2,149,103,46,11,0.6912751677852349,0.3087248322147651,0.013422818791946308,0.03355704697986577,0.174496644295302,0.026845637583892617,0.013422818791946308,0.026845637583892617,0.0738255033557047,3,4.0,java,PureSolTechnologies/parsers,PackratMemo.setMemo
1,1,2,1,0,0,0,0,1,0,0,0,1,10,1,0,1,47,32,15,7,0.6808510638297872,0.3191489361702128,0.0,0.0,0.2127659574468085,0.0,0.0425531914893617,0.0,0.14893617021276595,1,1.0,java,google/error-prone-javac,WorkArounds.getLocationForModule
1,1,2,1,5,0,0,0,0,3,9,0,5,25,9,0,12,245,170,75,15,0.6938775510204082,0.30612244897959184,0.02040816326530612,0.012244897959183673,0.10204081632653061,0.0,0.00816326530612245,0.0,0.061224489795918366,6,1.0,java,groovy/gmaven,FailClosureTarget.call
1,1,0,0,0,0,0,0,1,0,0,3,0,12,1,3,0,52,33,19,6,0.6346153846153846,0.36538461538461536,0.0,0.0,0.23076923076923078,0.057692307692307696,0.0,0.057692307692307696,0.11538461538461539,1,1.0,java,JOML-CI/JOML,Vector3i.negate
3,5,0,0,0,0,0,0,0,3,4,0,0,19,3,3,0,120,76,44,13,0.6333333333333333,0.36666666666666664,0.0,0.025,0.15833333333333333,0.025,0.0,0.025,0.10833333333333334,1,1.6666666666666667,java,kite-sdk/kite,HBaseUtils.addColumnsToGet
1,2,0,0,0,0,0,0,1,1,1,0,0,9,1,0,0,40,26,14,6,0.65,0.35,0.0,0.025,0.225,0.0,0.0,0.0,0.15,1,2.0,java,couchbase/couchbase-lite-java,MutableDocument.setArray
1,1,0,0,0,0,0,0,0,1,1,0,0,7,1,1,0,38,25,13,7,0.6578947368421053,0.34210526315789475,0.0,0.02631578947368421,0.18421052631578946,0.02631578947368421,0.0,0.02631578947368421,0.18421052631578946,1,1.0,java,xwiki/xwiki-rendering,QueueListener.beginDefinitionList
1,2,8,4,1,0,0,0,3,7,7,0,1,34,5,1,7,189,131,58,10,0.6931216931216931,0.30687830687830686,0.005291005291005291,0.037037037037037035,0.17989417989417988,0.005291005291005291,0.042328042328042326,0.005291005291005291,0.05291005291005291,2,2.0,java,Alluxio/alluxio,UfsJournalFile.decodeLogFile
1,4,0,0,0,0,0,0,1,1,1,0,0,11,1,0,1,60,40,20,6,0.6666666666666666,0.3333333333333333,0.0,0.016666666666666666,0.18333333333333332,0.0,0.0,0.0,0.1,1,4.0,java,liferay/com-liferay-commerce,CommerceDiscountRelPersistenceImpl.findByCommerceDiscountId
1,2,12,6,1,0,1,0,1,10,11,1,1,36,4,2,2,212,145,67,15,0.6839622641509434,0.3160377358490566,0.009433962264150943,0.04716981132075472,0.16981132075471697,0.009433962264150943,0.05660377358490566,0.009433962264150943,0.07075471698113207,3,2.0,java,ontop/ontop,OneShotSQLGeneratorEngine.getConditionsSharedVariables
1,2,0,0,1,0,0,0,0,1,1,0,1,8,2,1,1,44,29,15,8,0.6590909090909091,0.3409090909090909,0.022727272727272728,0.022727272727272728,0.18181818181818182,0.022727272727272728,0.0,0.022727272727272728,0.18181818181818182,2,2.0,java,twotoasters/JazzyListView,JazzyRecyclerViewScrollListener.notifyAdditionalOnScrollStateChangedListener
1,1,0,0,1,0,0,0,1,2,2,0,1,12,2,1,2,83,56,27,11,0.6746987951807228,0.3253012048192771,0.012048192771084338,0.024096385542168676,0.14457831325301204,0.012048192771084338,0.0,0.012048192771084338,0.13253012048192772,2,1.0,java,future-architect/uroborosql,AbstractSqlFluent.paramMap
1,1,0,0,0,0,0,0,0,2,2,0,0,10,1,2,1,49,33,16,7,0.673469387755102,0.32653061224489793,0.0,0.04081632653061224,0.20408163265306123,0.04081632653061224,0.0,0.04081632653061224,0.14285714285714285,1,1.0,java,michael-rapp/AndroidPreferenceActivity,PreferenceActivity.removePreferenceFragmentListener
1,1,3,2,0,0,0,0,1,3,3,0,0,16,1,1,0,76,51,25,9,0.6710526315789473,0.32894736842105265,0.0,0.039473684210526314,0.21052631578947367,0.013157894736842105,0.039473684210526314,0.013157894736842105,0.11842105263157894,1,1.0,java,BioPAX/Paxtools,SelfOrThis.generate
1,1,2,1,0,0,0,0,1,2,3,0,1,11,1,0,1,86,53,33,10,0.6162790697674418,0.38372093023255816,0.0,0.023255813953488372,0.12790697674418605,0.0,0.023255813953488372,0.0,0.11627906976744186,1,1.0,java,DDTH/ddth-redis,JedisRedisClient.setMembersAsBinary
1,1,0,0,0,0,0,0,1,3,5,0,0,11,1,0,0,71,48,23,11,0.676056338028169,0.323943661971831,0.0,0.04225352112676056,0.15492957746478872,0.0,0.0,0.0,0.15492957746478872,1,1.0,java,DataSketches/sketches-core,DoubleSummary.fromMemory
1,4,34,17,15,1,0,0,1,19,21,19,63,182,22,26,23,962,660,302,16,0.6860706860706861,0.31392931392931395,0.016632016632016633,0.01975051975051975,0.1891891891891892,0.02702702702702703,0.035343035343035345,0.02702702702702703,0.016632016632016633,17,4.0,java,facebookarchive/hadoop-20,BlockReaderLocalInlineChecksum.read
1,1,4,2,4,1,0,0,1,5,6,0,5,25,6,3,3,173,117,56,15,0.6763005780346821,0.3236994219653179,0.028901734104046242,0.028901734104046242,0.14450867052023122,0.017341040462427744,0.023121387283236993,0.017341040462427744,0.08670520231213873,6,1.0,java,jboss/jboss-jsf-api_spec,UIInput.setValidator
1,1,4,2,0,0,0,0,1,4,7,0,0,14,1,3,0,99,67,32,8,0.6767676767676768,0.32323232323232326,0.0,0.04040404040404041,0.1414141414141414,0.030303030303030304,0.04040404040404041,0.030303030303030304,0.08080808080808081,1,1.0,java,kiswanij/jk-util,JKObjectUtil.toXml
1,0,0,0,1,0,0,1,3,5,6,0,1,15,1,0,4,121,77,44,11,0.6363636363636364,0.36363636363636365,0.008264462809917356,0.04132231404958678,0.12396694214876033,0.0,0.0,0.0,0.09090909090909091,2,0.0,java,peter-lawrey/SAXophone,JsonParser.finish
1,0,11,6,2,0,0,0,0,9,9,2,1,40,1,4,2,164,115,49,9,0.7012195121951219,0.29878048780487804,0.012195121951219513,0.054878048780487805,0.24390243902439024,0.024390243902439025,0.06707317073170732,0.024390243902439025,0.054878048780487805,3,0.0,java,eclipse/xtext-core,MergeableManifest2.addExportedPackages
1,1,0,0,0,0,0,0,1,2,2,1,0,8,1,1,0,38,24,14,7,0.631578947368421,0.3684210526315789,0.0,0.05263157894736842,0.21052631578947367,0.02631578947368421,0.0,0.02631578947368421,0.18421052631578946,1,1.0,java,aws/aws-sdk-java,AmazonCloudSearchClient.describeSuggesters
1,1,0,0,0,0,0,0,1,1,2,0,0,7,1,0,0,45,31,14,9,0.6888888888888889,0.3111111111111111,0.0,0.022222222222222223,0.15555555555555556,0.0,0.0,0.0,0.2,1,1.0,java,JM-Lab/utils-java8,StatsMap.changeIntoStatsMap
1,1,0,0,1,0,0,0,2,6,6,0,0,16,3,0,0,91,61,30,14,0.6703296703296703,0.32967032967032966,0.01098901098901099,0.06593406593406594,0.17582417582417584,0.0,0.0,0.0,0.15384615384615385,2,1.0,java,BBN-E/bue-common-open,Parameters.getOptionalFileAsStringSet
1,1,2,1,1,0,0,0,1,4,4,1,2,14,3,3,6,87,60,27,8,0.6896551724137931,0.3103448275862069,0.011494252873563218,0.04597701149425287,0.16091954022988506,0.034482758620689655,0.022988505747126436,0.034482758620689655,0.09195402298850575,2,1.0,java,jboss/jboss-jsf-api_spec,CurrentThreadToServletContext.detectSpecialInitializationCase
1,1,2,1,1,0,0,0,1,1,2,1,1,8,2,1,2,57,38,19,9,0.6666666666666666,0.3333333333333333,0.017543859649122806,0.017543859649122806,0.14035087719298245,0.017543859649122806,0.03508771929824561,0.017543859649122806,0.15789473684210525,2,1.0,java,jboss-integration/fuse-bxms-integ,PropertiesBuilder.builder
1,2,2,1,1,0,0,0,1,4,5,2,1,21,2,4,2,122,81,41,11,0.6639344262295082,0.3360655737704918,0.00819672131147541,0.03278688524590164,0.1721311475409836,0.03278688524590164,0.01639344262295082,0.03278688524590164,0.09016393442622951,2,2.0,java,streamsets/datacollector-api,BaseStage.init
1,1,0,0,3,0,0,0,0,2,2,0,1,14,6,2,1,107,74,33,16,0.6915887850467289,0.308411214953271,0.028037383177570093,0.018691588785046728,0.1308411214953271,0.018691588785046728,0.0,0.018691588785046728,0.14953271028037382,4,1.0,java,BranchMetrics/android-branch-deep-linking,ServerRequestQueue.setInstallOrOpenCallback
1,2,4,2,2,0,0,0,3,10,10,1,4,34,3,3,9,180,125,55,11,0.6944444444444444,0.3055555555555556,0.011111111111111112,0.05555555555555555,0.18888888888888888,0.016666666666666666,0.022222222222222223,0.016666666666666666,0.06111111111111111,3,2.0,java,ppiastucki/recast4j,PathCorridor.optimizePathTopology
1,2,6,3,2,0,0,1,4,9,9,1,1,33,3,1,1,179,119,60,14,0.664804469273743,0.33519553072625696,0.0111731843575419,0.05027932960893855,0.18435754189944134,0.00558659217877095,0.0335195530726257,0.00558659217877095,0.0782122905027933,3,2.0,java,ZenHarbinger/l2fprod-properties-editor,PropertySheetTable.getCellRenderer
1,2,40,20,12,1,1,0,5,45,53,4,16,190,22,20,29,1059,734,325,16,0.6931067044381491,0.3068932955618508,0.013220018885741265,0.042492917847025496,0.1794145420207743,0.018885741265344664,0.03777148253068933,0.018885741265344664,0.015108593012275733,15,2.0,java,facebookarchive/hadoop-20,RaidShell.distRaid
1,1,0,0,0,0,0,0,0,6,6,0,5,14,2,1,3,95,64,31,15,0.6736842105263158,0.3263157894736842,0.0,0.06315789473684211,0.14736842105263157,0.010526315789473684,0.0,0.010526315789473684,0.15789473684210525,1,1.0,java,facebookarchive/hadoop-20,JobInitializationPoller.printJobs
1,2,4,2,2,0,0,0,1,3,3,0,7,19,3,1,4,117,77,40,16,0.6581196581196581,0.3418803418803419,0.017094017094017096,0.02564102564102564,0.1623931623931624,0.008547008547008548,0.03418803418803419,0.008547008547008548,0.13675213675213677,3,2.0,java,ysc/word,Bigram.getScore
1,2,4,2,1,0,0,0,0,6,6,0,0,22,2,3,1,110,75,35,9,0.6818181818181818,0.3181818181818182,0.00909090909090909,0.05454545454545454,0.2,0.02727272727272727,0.03636363636363636,0.02727272727272727,0.08181818181818182,2,2.0,java,sd4324530/fastweixin,WeixinControllerSupport.process
1,1,2,1,0,0,0,0,1,2,2,0,2,9,1,0,2,52,35,17,8,0.6730769230769231,0.3269230769230769,0.0,0.038461538461538464,0.17307692307692307,0.0,0.038461538461538464,0.0,0.15384615384615385,1,1.0,java,fhoeben/hsac-fitnesse-fixtures,HtmlFixture.html
2,2,4,2,1,0,0,0,0,8,11,0,3,31,7,5,4,206,138,68,20,0.6699029126213593,0.3300970873786408,0.0048543689320388345,0.038834951456310676,0.15048543689320387,0.024271844660194174,0.019417475728155338,0.024271844660194174,0.0970873786407767,2,1.0,java,alibaba/otter,DataMatrixServiceImpl.modify
1,2,0,0,1,0,0,0,2,1,1,1,6,15,3,1,2,80,54,26,10,0.675,0.325,0.0125,0.0125,0.1875,0.0125,0.0,0.0125,0.125,2,2.0,java,google/error-prone-javac,JavacParser.argumentsOpt
1,3,2,1,0,0,0,0,1,3,3,1,0,18,1,2,0,91,59,32,8,0.6483516483516484,0.3516483516483517,0.0,0.03296703296703297,0.1978021978021978,0.02197802197802198,0.02197802197802198,0.02197802197802198,0.08791208791208792,1,3.0,java,exoplatform/jcr,AbstractValueData.readFromByteArray
1,2,0,0,0,0,0,0,0,13,13,0,0,34,1,8,3,147,101,46,8,0.6870748299319728,0.3129251700680272,0.0,0.08843537414965986,0.23129251700680273,0.05442176870748299,0.0,0.05442176870748299,0.05442176870748299,1,2.0,java,carewebframework/carewebframework-vista,DocumentListRenderer.renderItem
2,2,2,1,0,0,0,0,0,4,5,0,0,17,2,3,0,100,67,33,14,0.67,0.33,0.0,0.04,0.17,0.03,0.02,0.03,0.14,1,1.0,java,groovy/groovy-core,ManagedConcurrentValueMap.put
1,0,6,3,0,0,0,0,1,7,7,1,0,25,1,4,2,111,77,34,8,0.6936936936936937,0.3063063063063063,0.0,0.06306306306306306,0.22522522522522523,0.036036036036036036,0.05405405405405406,0.036036036036036036,0.07207207207207207,1,0.0,java,lucee/Lucee,Ftp.actionExistsDir
2,5,0,0,0,0,0,1,4,0,2,0,0,12,2,0,4,113,71,42,14,0.6283185840707964,0.37168141592920356,0.0,0.0,0.10619469026548672,0.0,0.0,0.0,0.12389380530973451,1,2.5,java,kazocsaba/matrix,ImmutableMatrixFactory.createVector
1,2,2,1,0,0,0,0,1,6,6,0,1,16,1,0,2,79,54,25,12,0.6835443037974683,0.31645569620253167,0.0,0.0759493670886076,0.20253164556962025,0.0,0.02531645569620253,0.0,0.1518987341772152,1,2.0,java,googleapis/google-cloud-java,BackendServiceClient.addSignedUrlKeyBackendService
1,2,2,1,0,0,0,0,1,5,5,0,0,14,1,0,0,65,44,21,10,0.676923076923077,0.3230769230769231,0.0,0.07692307692307693,0.2153846153846154,0.0,0.03076923076923077,0.0,0.15384615384615385,1,2.0,java,googleapis/google-cloud-java,ForwardingRuleClient.insertForwardingRule
1,0,2,1,1,0,0,0,2,4,4,0,1,11,1,0,1,68,45,23,8,0.6617647058823529,0.3382352941176471,0.014705882352941176,0.058823529411764705,0.16176470588235295,0.0,0.029411764705882353,0.0,0.11764705882352941,2,0.0,java,OpenLiberty/open-liberty,FeatureWebSecurityConfigImpl.getWASReqURLRedirectDomainNames
1,1,0,0,1,0,0,0,2,3,3,0,0,11,2,0,0,60,40,20,8,0.6666666666666666,0.3333333333333333,0.016666666666666666,0.05,0.18333333333333332,0.0,0.0,0.0,0.13333333333333333,2,1.0,java,Omertron/api-fanarttv,ArtworkList.getArtwork
1,3,0,0,1,0,0,0,2,3,3,0,0,13,1,0,0,79,55,24,10,0.6962025316455697,0.3037974683544304,0.012658227848101266,0.0379746835443038,0.16455696202531644,0.0,0.0,0.0,0.12658227848101267,2,3.0,java,jbundle/jbundle,PropertiesConverter.setString
1,1,2,1,1,0,0,0,2,1,2,0,1,8,1,0,2,55,37,18,7,0.6727272727272727,0.32727272727272727,0.01818181818181818,0.01818181818181818,0.14545454545454545,0.0,0.03636363636363636,0.0,0.12727272727272726,2,1.0,java,amzn/ion-java,Timestamp.forDateZ
1,4,8,4,0,0,0,0,1,7,8,0,0,28,1,3,5,166,118,48,9,0.7108433734939759,0.2891566265060241,0.0,0.04216867469879518,0.1686746987951807,0.018072289156626505,0.04819277108433735,0.018072289156626505,0.05421686746987952,1,4.0,java,UrielCh/ovh-java-sdk,ApiOvhVps.serviceName_automatedBackup_restore_POST
1,12,0,0,0,0,0,0,1,1,1,0,0,27,1,0,6,120,92,28,6,0.7666666666666667,0.23333333333333334,0.0,0.008333333333333333,0.225,0.0,0.0,0.0,0.05,1,12.0,java,linkhub-sdk/popbill.sdk.java,TaxinvoiceServiceImp.Search
1,0,0,0,1,0,0,0,1,0,1,1,1,6,2,1,1,60,40,20,10,0.6666666666666666,0.3333333333333333,0.016666666666666666,0.0,0.1,0.016666666666666666,0.0,0.016666666666666666,0.16666666666666666,2,0.0,java,eclipse/xtext-extras,RuleCallImpl.getArguments
1,1,2,1,1,0,0,0,0,4,4,1,1,12,3,2,2,77,50,27,11,0.6493506493506493,0.35064935064935066,0.012987012987012988,0.05194805194805195,0.15584415584415584,0.025974025974025976,0.025974025974025976,0.025974025974025976,0.14285714285714285,2,1.0,java,sarl/sarl,StandardContextSpaceService.removeDefaultSpaceDefinition
1,1,14,7,0,0,1,0,1,25,32,0,0,69,4,9,0,379,256,123,14,0.6754617414248021,0.3245382585751979,0.002638522427440633,0.06596306068601583,0.1820580474934037,0.023746701846965697,0.036939313984168866,0.023746701846965697,0.036939313984168866,2,1.0,java,sai-pullabhotla/catatumbo,DefaultDatastoreReader.executeKeyQueryRequest
1,1,0,0,1,0,0,0,0,4,4,3,1,14,2,3,4,77,52,25,12,0.6753246753246753,0.3246753246753247,0.012987012987012988,0.05194805194805195,0.18181818181818182,0.03896103896103896,0.0,0.03896103896103896,0.15584415584415584,2,1.0,java,albfernandez/itext2,Cell.setWidth
1,2,14,7,5,1,0,0,1,12,17,0,4,55,11,2,6,388,261,127,13,0.6726804123711341,0.327319587628866,0.015463917525773196,0.030927835051546393,0.14175257731958762,0.005154639175257732,0.03608247422680412,0.005154639175257732,0.03350515463917526,7,2.0,java,kiegroup/droolsjbpm-integration,FastCloner.copyPropertiesOfInheritedClass
1,1,10,5,1,1,0,0,1,3,3,3,4,28,3,3,3,142,95,47,10,0.6690140845070423,0.33098591549295775,0.014084507042253521,0.02112676056338028,0.19718309859154928,0.02112676056338028,0.07042253521126761,0.02112676056338028,0.07042253521126761,3,1.0,java,goldmansachs/reladomo,SimulatedSequencePrimaryKeyGenerator.getMax
1,3,0,0,0,0,0,0,1,2,2,0,0,9,1,0,0,42,29,13,8,0.6904761904761905,0.30952380952380953,0.0,0.047619047619047616,0.21428571428571427,0.0,0.0,0.0,0.19047619047619047,1,3.0,java,alkacon/opencms-core,CmsHtmlWidget.getJSONConfiguration
1,0,0,0,0,0,0,0,0,3,4,1,0,17,4,4,6,110,77,33,10,0.7,0.3,0.0,0.02727272727272727,0.15454545454545454,0.03636363636363636,0.0,0.03636363636363636,0.09090909090909091,1,0.0,java,VoltDB/voltdb,MpTerm.start
1,2,0,0,1,0,0,0,0,27,29,0,2,73,4,13,3,318,225,93,12,0.7075471698113207,0.29245283018867924,0.0031446540880503146,0.08490566037735849,0.22955974842767296,0.040880503144654086,0.0,0.040880503144654086,0.03773584905660377,2,2.0,java,aws/aws-sdk-java,JobFlowInstancesDetailMarshaller.marshall
1,3,1,1,0,0,0,0,1,3,3,0,0,18,1,0,0,77,51,26,9,0.6623376623376623,0.33766233766233766,0.0,0.03896103896103896,0.23376623376623376,0.0,0.012987012987012988,0.0,0.11688311688311688,1,3.0,java,jenkinsci/jenkins,Util.isOverridden
1,1,0,0,0,0,0,0,0,7,7,0,0,17,1,1,0,85,56,29,12,0.6588235294117647,0.3411764705882353,0.0,0.08235294117647059,0.2,0.011764705882352941,0.0,0.011764705882352941,0.1411764705882353,1,1.0,java,apache/reef,ClientConnection.sendMessage
1,6,0,0,0,0,0,0,1,1,1,0,0,16,1,0,0,63,44,19,7,0.6984126984126984,0.30158730158730157,0.0,0.015873015873015872,0.25396825396825395,0.0,0.0,0.0,0.1111111111111111,1,6.0,java,deeplearning4j/deeplearning4j,SDBaseOps.oneHot
1,1,0,0,1,0,0,0,0,2,3,0,6,11,2,1,3,74,49,25,12,0.6621621621621622,0.33783783783783783,0.013513513513513514,0.02702702702702703,0.14864864864864866,0.013513513513513514,0.0,0.013513513513513514,0.16216216216216217,2,1.0,java,matomo-org/piwik-java-tracker,PiwikRequest.setAuthToken
1,2,0,0,0,0,0,0,1,3,3,0,0,8,1,0,0,51,33,18,9,0.6470588235294118,0.35294117647058826,0.0,0.058823529411764705,0.1568627450980392,0.0,0.0,0.0,0.17647058823529413,1,2.0,java,astrapi69/jaulp-wicket,CaptchaPanel.newImage
1,4,8,4,1,0,0,0,2,4,6,0,0,34,3,0,0,211,143,68,9,0.6777251184834123,0.3222748815165877,0.004739336492890996,0.018957345971563982,0.16113744075829384,0.0,0.037914691943127965,0.0,0.04265402843601896,2,4.0,java,lessthanoptimal/BoofCV,FactoryDetectDescribe.surfStable
1,2,8,4,3,1,0,0,1,9,10,1,4,36,5,3,2,207,139,68,13,0.6714975845410628,0.3285024154589372,0.01932367149758454,0.043478260869565216,0.17391304347826086,0.014492753623188406,0.03864734299516908,0.014492753623188406,0.06280193236714976,5,2.0,java,js-lib-com/commons,Strings.split
1,0,2,1,0,0,0,0,1,6,6,1,0,15,2,4,0,94,65,29,10,0.6914893617021277,0.30851063829787234,0.0,0.06382978723404255,0.1595744680851064,0.0425531914893617,0.02127659574468085,0.0425531914893617,0.10638297872340426,1,0.0,java,igniterealtime/Smack,JingleSessionRequest.accept
1,1,2,1,1,0,0,0,0,4,4,0,1,14,2,3,2,71,47,24,8,0.6619718309859155,0.3380281690140845,0.014084507042253521,0.056338028169014086,0.19718309859154928,0.04225352112676056,0.028169014084507043,0.04225352112676056,0.11267605633802817,2,1.0,java,apptentive/apptentive-android,ApptentiveNestedScrollView.scrollToChild
1,0,0,0,0,0,0,0,1,1,1,0,0,7,1,0,0,56,37,19,8,0.6607142857142857,0.3392857142857143,0.0,0.017857142857142856,0.125,0.0,0.0,0.0,0.14285714285714285,1,0.0,java,SonarSource/sonarqube,MoreCollectors.toArrayList
1,1,8,4,15,0,2,1,2,4,4,21,33,101,14,29,27,584,386,198,17,0.660958904109589,0.339041095890411,0.02910958904109589,0.00684931506849315,0.17294520547945205,0.04965753424657534,0.0136986301369863,0.04965753424657534,0.02910958904109589,18,1.0,java,webmetrics/browsermob-proxy,LineInput.fillLine
1,2,0,0,0,0,0,1,2,6,6,0,0,20,1,4,1,127,83,44,13,0.6535433070866141,0.3464566929133858,0.0,0.047244094488188976,0.15748031496062992,0.031496062992125984,0.0,0.031496062992125984,0.10236220472440945,1,2.0,java,yan74/afplib,BFMImpl.eSet
1,2,0,0,1,0,0,0,0,3,3,0,6,12,1,1,3,79,53,26,13,0.6708860759493671,0.3291139240506329,0.012658227848101266,0.0379746835443038,0.1518987341772152,0.012658227848101266,0.0,0.012658227848101266,0.16455696202531644,2,2.0,java,OpenLiberty/open-liberty,GenericConnection.setClientInfo
1,3,8,4,4,0,0,0,0,13,20,8,13,56,7,13,18,464,315,149,15,0.6788793103448276,0.32112068965517243,0.008620689655172414,0.028017241379310345,0.1206896551724138,0.028017241379310345,0.017241379310344827,0.028017241379310345,0.032327586206896554,5,3.0,java,ptgoetz/storm-jms,JmsSpout.open
2,1,4,2,1,0,0,0,0,7,9,0,1,21,3,3,1,149,97,52,15,0.6510067114093959,0.348993288590604,0.006711409395973154,0.04697986577181208,0.14093959731543623,0.020134228187919462,0.026845637583892617,0.020134228187919462,0.10067114093959731,2,0.5,java,alkacon/opencms-core,CmsPatternPanelWeeklyController.setWeekDays
1,2,0,0,0,0,0,0,1,2,3,0,1,12,1,0,0,65,46,19,11,0.7076923076923077,0.2923076923076923,0.0,0.03076923076923077,0.18461538461538463,0.0,0.0,0.0,0.16923076923076924,1,2.0,java,cycorp/api-suite,QueryException.fromThrowable
1,3,2,1,1,0,0,0,1,4,5,0,3,19,3,1,0,144,94,50,11,0.6527777777777778,0.3472222222222222,0.006944444444444444,0.027777777777777776,0.13194444444444445,0.006944444444444444,0.013888888888888888,0.006944444444444444,0.0763888888888889,2,3.0,java,jingwei/krati,ArrayEntryManager.filterEntryList
1,5,0,0,0,0,0,0,1,2,2,0,1,18,1,0,0,78,53,25,7,0.6794871794871795,0.32051282051282054,0.0,0.02564102564102564,0.23076923076923078,0.0,0.0,0.0,0.08974358974358974,1,5.0,java,ppiastucki/recast4j,RecastMesh.diagonal
1,1,10,5,2,2,0,0,0,17,20,0,3,43,7,4,10,291,200,91,17,0.6872852233676976,0.3127147766323024,0.013745704467353952,0.058419243986254296,0.14776632302405499,0.013745704467353952,0.03436426116838488,0.013745704467353952,0.058419243986254296,5,1.0,java,OpenHFT/Chronicle-Network,VerySimpleClient.main
1,1,2,1,1,0,0,0,1,2,2,1,1,10,2,2,4,80,54,26,12,0.675,0.325,0.0125,0.025,0.125,0.025,0.025,0.025,0.15,2,1.0,java,moparisthebest/beehive,HtmlGroupBaseTag.setOptionsDataSource
1,0,10,5,0,0,0,0,1,4,4,0,25,32,1,0,11,243,160,83,22,0.6584362139917695,0.34156378600823045,0.0,0.01646090534979424,0.13168724279835392,0.0,0.0411522633744856,0.0,0.09053497942386832,1,0.0,java,haraldk/TwelveMonkeys,ObjectReader.getStats
1,1,0,0,0,0,0,0,0,3,3,1,0,8,1,3,1,44,28,16,8,0.6363636363636364,0.36363636363636365,0.0,0.06818181818181818,0.18181818181818182,0.06818181818181818,0.0,0.06818181818181818,0.18181818181818182,1,1.0,java,pravega/pravega,SegmentMetadataUpdateTransaction.acceptOperation
1,1,0,0,1,0,0,0,1,4,4,0,2,13,1,1,1,70,48,22,9,0.6857142857142857,0.3142857142857143,0.014285714285714285,0.05714285714285714,0.18571428571428572,0.014285714285714285,0.0,0.014285714285714285,0.12857142857142856,2,1.0,java,OpenLiberty/open-liberty,PersistenceType.getPersistenceType
1,2,0,0,0,0,0,0,1,1,1,0,0,8,1,0,0,72,48,24,8,0.6666666666666666,0.3333333333333333,0.0,0.013888888888888888,0.1111111111111111,0.0,0.0,0.0,0.1111111111111111,1,2.0,java,liferay/com-liferay-commerce,CommerceTierPriceEntryLocalServiceWrapper.getCommerceTierPriceEntryByUuidAndGroupId
1,1,0,0,0,0,0,1,3,15,17,0,0,34,1,0,12,205,142,63,16,0.6926829268292682,0.3073170731707317,0.0,0.07317073170731707,0.16585365853658537,0.0,0.0,0.0,0.07804878048780488,1,1.0,java,cvut/JCOP,JFreeChartRender.setStyle
1,2,4,2,2,0,0,0,2,20,25,2,0,69,9,5,1,361,248,113,13,0.6869806094182825,0.31301939058171746,0.00554016620498615,0.055401662049861494,0.19113573407202217,0.013850415512465374,0.0110803324099723,0.013850415512465374,0.036011080332409975,3,2.0,java,alkacon/opencms-core,CmsResourceManager.addHtmlConverter
1,1,6,3,0,0,0,0,1,12,13,0,0,33,3,2,4,202,141,61,13,0.698019801980198,0.30198019801980197,0.0,0.0594059405940594,0.16336633663366337,0.009900990099009901,0.0297029702970297,0.009900990099009901,0.06435643564356436,1,1.0,java,googleapis/google-cloud-java,FindingSnippets.groupActiveFindingsWithSource
1,1,0,0,1,0,0,0,2,9,9,0,8,20,2,0,11,147,101,46,16,0.6870748299319728,0.3129251700680272,0.006802721088435374,0.061224489795918366,0.1360544217687075,0.0,0.0,0.0,0.10884353741496598,2,1.0,java,HeidelTime/heideltime,StringUtils.endsWithPunc
1,1,2,1,0,0,0,0,1,3,4,0,0,10,1,1,0,57,38,19,7,0.6666666666666666,0.3333333333333333,0.0,0.05263157894736842,0.17543859649122806,0.017543859649122806,0.03508771929824561,0.017543859649122806,0.12280701754385964,1,1.0,java,hdecarne/java-default,Strings.decode
1,2,18,9,26,0,0,0,0,170,172,0,32,332,35,44,31,1705,1162,543,19,0.681524926686217,0.318475073313783,0.015249266862170088,0.09970674486803519,0.19472140762463344,0.025806451612903226,0.010557184750733138,0.025806451612903226,0.011143695014662757,27,2.0,java,kuali/kc-s2sgen,RRFedNonFedBudget10V1_1Generator.setCumulativeOtherDirect
1,1,0,0,2,0,0,0,0,7,8,0,3,19,1,2,6,150,109,41,11,0.7266666666666667,0.2733333333333333,0.013333333333333334,0.04666666666666667,0.12666666666666668,0.013333333333333334,0.0,0.013333333333333334,0.07333333333333333,3,1.0,java,OpenLiberty/open-liberty,ConsumerSessionProxy.activateAsynchConsumer
1,5,0,0,0,0,0,0,0,1,1,0,0,12,1,1,0,50,36,14,6,0.72,0.28,0.0,0.02,0.24,0.02,0.0,0.02,0.12,1,5.0,java,raphw/byte-buddy,ExceptionTableSensitiveMethodVisitor.onVisitMethodInsn
1,0,2,1,1,0,0,0,2,1,2,0,0,7,3,0,0,74,50,24,10,0.6756756756756757,0.32432432432432434,0.013513513513513514,0.013513513513513514,0.0945945945945946,0.0,0.02702702702702703,0.0,0.13513513513513514,2,0.0,java,dkmfbk/knowledgestore,Representation.getReader
1,1,8,5,3,0,1,0,1,21,21,4,6,56,2,4,8,289,196,93,13,0.6782006920415224,0.3217993079584775,0.01384083044982699,0.0726643598615917,0.19377162629757785,0.01384083044982699,0.02768166089965398,0.01384083044982699,0.04498269896193772,5,1.0,java,groupon/monsoon,Histogram.compareTo
1,2,2,1,1,0,0,0,2,2,2,0,1,12,2,0,2,63,43,20,7,0.6825396825396826,0.31746031746031744,0.015873015873015872,0.031746031746031744,0.19047619047619047,0.0,0.031746031746031744,0.0,0.1111111111111111,2,2.0,java,molgenis/molgenis,LocalizationMessageSource.resolveCode
1,0,4,2,1,0,0,0,1,6,9,2,0,17,3,2,0,129,85,44,14,0.6589147286821705,0.34108527131782945,0.007751937984496124,0.046511627906976744,0.13178294573643412,0.015503875968992248,0.031007751937984496,0.015503875968992248,0.10852713178294573,2,0.0,java,yegor256/takes,RqAuth.identity
1,2,0,0,0,0,0,0,1,1,1,0,0,6,1,0,0,44,29,15,7,0.6590909090909091,0.3409090909090909,0.0,0.022727272727272728,0.13636363636363635,0.0,0.0,0.0,0.1590909090909091,1,2.0,java,VoltDB/voltdb,ShortCountsHistogram.decodeFromCompressedByteBuffer
1,1,0,0,3,0,0,0,0,4,4,0,3,19,5,4,3,126,85,41,10,0.6746031746031746,0.3253968253968254,0.023809523809523808,0.031746031746031744,0.15079365079365079,0.031746031746031744,0.0,0.031746031746031744,0.07936507936507936,4,1.0,java,classgraph/classgraph,FieldInfo.setScanResult
1,4,0,0,0,0,0,0,1,4,4,0,0,16,1,0,0,87,60,27,8,0.6896551724137931,0.3103448275862069,0.0,0.04597701149425287,0.1839080459770115,0.0,0.0,0.0,0.09195402298850575,1,4.0,java,knowm/XChart,BubbleChart.addSeries
1,1,0,0,1,0,0,0,0,1,1,1,1,8,2,2,1,49,31,18,8,0.6326530612244898,0.3673469387755102,0.02040816326530612,0.02040816326530612,0.16326530612244897,0.04081632653061224,0.0,0.04081632653061224,0.16326530612244897,2,1.0,java,mnlipp/jgrapes,EventBase.generatedBy
1,1,12,6,0,0,0,0,0,14,20,0,0,62,1,14,13,319,233,86,7,0.7304075235109718,0.26959247648902823,0.0,0.0438871473354232,0.19435736677115986,0.0438871473354232,0.03761755485893417,0.0438871473354232,0.0219435736677116,1,1.0,java,netscaler/sdx_nitro,mail_profile.validate
1,0,0,0,0,0,0,0,1,2,4,0,0,8,1,0,0,55,37,18,11,0.6727272727272727,0.32727272727272727,0.0,0.03636363636363636,0.14545454545454545,0.0,0.0,0.0,0.2,1,0.0,java,logic-ng/LogicNG,MaxSATSolver.linearSU
1,2,18,9,3,0,0,0,0,44,51,5,5,116,7,22,39,770,549,221,15,0.712987012987013,0.287012987012987,0.003896103896103896,0.05714285714285714,0.15064935064935064,0.02857142857142857,0.023376623376623377,0.02857142857142857,0.01948051948051948,4,2.0,java,agmip/translator-dssat,DssatBatchFileOutput.writeFile
1,4,10,5,2,0,0,0,0,19,20,1,3,61,6,12,9,325,227,98,12,0.6984615384615385,0.30153846153846153,0.006153846153846154,0.05846153846153846,0.18769230769230769,0.036923076923076927,0.03076923076923077,0.036923076923076927,0.036923076923076927,3,4.0,java,meltmedia/cadmium,LogUtils.configureLogback
1,1,2,1,0,0,0,0,1,2,2,0,1,9,1,0,2,46,31,15,7,0.6739130434782609,0.32608695652173914,0.0,0.043478260869565216,0.1956521739130435,0.0,0.043478260869565216,0.0,0.15217391304347827,1,1.0,java,pip-services3-java/pip-services3-commons-java,DependencyResolver.getOneOptional
1,1,6,3,3,0,0,0,1,15,18,4,19,50,11,4,17,377,255,122,25,0.6763925729442971,0.32360742705570295,0.007957559681697613,0.03978779840848806,0.13262599469496023,0.010610079575596816,0.015915119363395226,0.010610079575596816,0.06631299734748011,4,1.0,java,j-a-w-r/jawr,ClassLoaderResourceUtils.getClass
1,2,0,0,0,0,0,0,1,4,4,0,0,14,1,2,0,58,40,18,8,0.6896551724137931,0.3103448275862069,0.0,0.06896551724137931,0.2413793103448276,0.034482758620689655,0.0,0.034482758620689655,0.13793103448275862,1,2.0,java,apache/fluo,Span.prefix
1,2,0,0,0,0,0,0,1,1,1,0,0,8,1,0,0,43,30,13,7,0.6976744186046512,0.3023255813953488,0.0,0.023255813953488372,0.18604651162790697,0.0,0.0,0.0,0.16279069767441862,1,2.0,java,OpenLiberty/open-liberty,JaxWsDDHelper.getWebserviceDescriptionByEJBLink
1,2,2,1,0,0,0,0,1,3,5,0,0,15,1,2,3,90,63,27,8,0.7,0.3,0.0,0.03333333333333333,0.16666666666666666,0.022222222222222223,0.022222222222222223,0.022222222222222223,0.08888888888888889,1,2.0,java,Mozu/mozu-java,PublicTokenUrl.executeUrl
1,1,2,1,0,0,0,0,0,3,3,1,0,16,1,1,0,65,43,22,9,0.6615384615384615,0.3384615384615385,0.0,0.046153846153846156,0.24615384615384617,0.015384615384615385,0.03076923076923077,0.015384615384615385,0.13846153846153847,1,1.0,java,michael-rapp/AndroidUtil,ElevationShadowView.obtainEmulateParallelLight
1,1,0,0,0,0,0,0,0,4,4,0,0,13,2,3,1,66,44,22,12,0.6666666666666666,0.3333333333333333,0.0,0.06060606060606061,0.19696969696969696,0.045454545454545456,0.0,0.045454545454545456,0.18181818181818182,1,1.0,java,Graylog2/graylog2-server,IndexFieldTypePollerPeriodical.handleIndexDeletion
1,0,4,2,0,0,0,0,0,8,9,2,7,30,1,8,12,180,125,55,9,0.6944444444444444,0.3055555555555556,0.0,0.044444444444444446,0.16666666666666666,0.044444444444444446,0.022222222222222223,0.044444444444444446,0.05,1,0.0,java,Red5/red5-io,FLVWriter.writeHeader
1,1,6,3,3,0,1,0,2,12,13,0,10,36,3,8,6,209,138,71,12,0.6602870813397129,0.3397129186602871,0.019138755980861243,0.05741626794258373,0.1722488038277512,0.03827751196172249,0.028708133971291867,0.03827751196172249,0.05741626794258373,5,1.0,java,RogerParkinson/madura-objects-parent,Parser.any
1,3,14,7,5,0,1,0,4,12,13,2,9,55,7,3,7,321,212,109,10,0.660436137071651,0.3395638629283489,0.018691588785046728,0.037383177570093455,0.17133956386292834,0.009345794392523364,0.04361370716510903,0.009345794392523364,0.03115264797507788,7,3.0,java,ManfredTremmel/gwt-commons-lang3,StringUtils.substringsBetween
1,1,2,1,1,0,0,0,2,1,1,0,0,7,2,0,1,52,35,17,8,0.6730769230769231,0.3269230769230769,0.019230769230769232,0.019230769230769232,0.1346153846153846,0.0,0.038461538461538464,0.0,0.15384615384615385,2,1.0,java,alipay/sofa-rpc,SofaRpcSerialization.getTargetServiceName
1,1,2,1,6,0,0,0,1,7,7,6,2,25,7,6,13,212,145,67,14,0.6839622641509434,0.3160377358490566,0.02830188679245283,0.0330188679245283,0.1179245283018868,0.02830188679245283,0.009433962264150943,0.02830188679245283,0.0660377358490566,7,1.0,java,camunda/camunda-bpm-platform,ProcessDefinitionResourceImpl.getMediaTypeForFileSuffix
1,1,12,6,3,2,0,0,4,9,11,0,2,41,6,2,4,278,189,89,15,0.6798561151079137,0.32014388489208634,0.017985611510791366,0.03237410071942446,0.1474820143884892,0.007194244604316547,0.04316546762589928,0.007194244604316547,0.0539568345323741,6,1.0,java,meertensinstituut/mtas,MtasSolrResultMerge.adjustablePartsCloned
1,1,4,2,4,0,0,0,1,13,13,5,3,37,5,6,5,206,139,67,9,0.6747572815533981,0.32524271844660196,0.019417475728155338,0.06310679611650485,0.1796116504854369,0.02912621359223301,0.019417475728155338,0.02912621359223301,0.043689320388349516,5,1.0,java,apache/spark,ThriftCLIService.getUserName
1,3,0,0,1,0,0,0,1,1,2,0,9,17,3,1,2,108,73,35,10,0.6759259259259259,0.32407407407407407,0.009259259259259259,0.009259259259259259,0.1574074074074074,0.009259259259259259,0.0,0.009259259259259259,0.09259259259259259,2,3.0,java,stratosphere/stratosphere,CheckedMemorySegment.put
1,2,0,0,0,0,0,0,1,2,3,0,0,8,1,0,1,81,53,28,10,0.654320987654321,0.345679012345679,0.0,0.024691358024691357,0.09876543209876543,0.0,0.0,0.0,0.12345679012345678,1,2.0,java,querydsl/querydsl,BeanPath.createComparable
1,1,0,0,0,0,0,0,0,2,3,1,0,8,2,2,0,55,36,19,9,0.6545454545454545,0.34545454545454546,0.0,0.03636363636363636,0.14545454545454545,0.03636363636363636,0.0,0.03636363636363636,0.16363636363636364,1,1.0,java,micronaut-projects/micronaut-core,ResourceLocator.setSearchLocations
1,0,2,1,1,1,0,0,2,12,14,0,8,38,6,6,11,244,168,76,17,0.6885245901639344,0.3114754098360656,0.00819672131147541,0.04918032786885246,0.1557377049180328,0.02459016393442623,0.00819672131147541,0.02459016393442623,0.06967213114754098,3,0.0,java,Grasia/phatsim,GrammarFacilitator.createFile
1,1,6,3,2,0,0,0,1,10,11,1,1,37,3,5,2,168,117,51,11,0.6964285714285714,0.30357142857142855,0.011904761904761904,0.05952380952380952,0.22023809523809523,0.02976190476190476,0.03571428571428571,0.02976190476190476,0.06547619047619048,3,1.0,java,threerings/nenya,KeyboardManager.keyPressed
1,2,2,1,0,0,0,0,1,1,2,3,0,19,1,3,0,82,55,27,7,0.6707317073170732,0.32926829268292684,0.0,0.012195121951219513,0.23170731707317074,0.036585365853658534,0.024390243902439025,0.036585365853658534,0.08536585365853659,1,2.0,java,netscaler/nitro,nsweblogparam.update
1,2,18,9,4,2,0,0,1,14,14,4,13,66,9,6,9,355,238,117,19,0.6704225352112676,0.3295774647887324,0.016901408450704224,0.03943661971830986,0.18591549295774648,0.016901408450704224,0.05070422535211268,0.016901408450704224,0.05352112676056338,7,2.0,java,facebookarchive/hadoop-20,BlockPlacementPolicyConfigurable.findBestWithoutFirst
1,2,6,3,5,0,0,0,4,12,12,0,13,42,6,3,12,255,173,82,16,0.6784313725490196,0.3215686274509804,0.0196078431372549,0.047058823529411764,0.16470588235294117,0.011764705882352941,0.023529411764705882,0.011764705882352941,0.06274509803921569,6,2.0,java,hazelcast/hazelcast,PartitionReplicaManager.checkAndGetPrimaryReplicaOwner
1,2,0,0,1,0,0,0,0,3,5,0,2,13,4,1,3,102,69,33,12,0.6764705882352942,0.3235294117647059,0.00980392156862745,0.029411764705882353,0.12745098039215685,0.00980392156862745,0.0,0.00980392156862745,0.11764705882352941,2,2.0,java,aws/aws-sdk-java,DeleteModelRequestMarshaller.marshall
1,2,0,0,1,0,0,0,0,9,11,0,2,28,4,4,3,156,108,48,12,0.6923076923076923,0.3076923076923077,0.00641025641025641,0.057692307692307696,0.1794871794871795,0.02564102564102564,0.0,0.02564102564102564,0.07692307692307693,2,2.0,java,aws/aws-sdk-java,RelationalDatabaseEventMarshaller.marshall
1,3,8,4,1,0,0,0,2,10,10,0,1,31,2,0,4,150,104,46,10,0.6933333333333334,0.30666666666666664,0.006666666666666667,0.06666666666666667,0.20666666666666667,0.0,0.05333333333333334,0.0,0.06666666666666667,2,3.0,java,mapbox/mapbox-java,PointDeserializer.deserialize
1,1,0,0,0,0,0,0,1,2,2,0,0,15,1,0,0,64,43,21,7,0.671875,0.328125,0.0,0.03125,0.234375,0.0,0.0,0.0,0.109375,1,1.0,java,census-instrumentation/opencensus-java,BasicOperationsBenchmark.decodeSpanBinary
1,2,0,0,0,0,0,0,0,1,1,0,0,9,2,1,0,50,35,15,8,0.7,0.3,0.0,0.02,0.18,0.02,0.0,0.02,0.16,1,2.0,java,Jasig/uPortal,TenantService.validateAttribute
1,0,0,0,1,0,0,0,0,3,3,1,1,9,1,2,2,56,38,18,8,0.6785714285714286,0.32142857142857145,0.017857142857142856,0.05357142857142857,0.16071428571428573,0.03571428571428571,0.0,0.03571428571428571,0.14285714285714285,2,0.0,java,OpenLiberty/open-liberty,WSRdbManagedConnectionImpl.setKerberosConnection
1,2,0,0,0,0,0,0,1,2,2,0,0,8,1,0,0,42,28,14,8,0.6666666666666666,0.3333333333333333,0.0,0.047619047619047616,0.19047619047619047,0.0,0.0,0.0,0.19047619047619047,1,2.0,java,igniterealtime/Smack,IQ.createErrorResponse
1,3,6,3,0,0,0,0,1,4,4,0,0,18,1,0,3,95,68,27,9,0.7157894736842105,0.28421052631578947,0.0,0.042105263157894736,0.18947368421052632,0.0,0.06315789473684211,0.0,0.09473684210526316,1,3.0,java,UrielCh/ovh-java-sdk,ApiOvhHostingprivateDatabase.serviceName_user_userName_grant_databaseName_GET
1,1,2,1,1,0,0,0,0,2,3,1,0,14,1,2,0,66,45,21,10,0.6818181818181818,0.3181818181818182,0.015151515151515152,0.030303030303030304,0.21212121212121213,0.030303030303030304,0.030303030303030304,0.030303030303030304,0.15151515151515152,2,1.0,java,yan74/afplib,MeasurementUnitsImpl.setXoaBase
1,0,6,3,1,0,0,0,0,5,5,0,2,20,4,2,4,122,86,36,12,0.7049180327868853,0.29508196721311475,0.00819672131147541,0.040983606557377046,0.16393442622950818,0.01639344262295082,0.04918032786885246,0.01639344262295082,0.09836065573770492,2,0.0,java,camunda/camunda-bpm-platform,BpmnParse.parseImports
1,3,4,2,0,0,0,0,1,6,8,0,0,29,1,4,2,136,99,37,9,0.7279411764705882,0.27205882352941174,0.0,0.04411764705882353,0.21323529411764705,0.029411764705882353,0.029411764705882353,0.029411764705882353,0.0661764705882353,1,3.0,java,jhalterman/lyra,Connections.create
1,1,0,0,1,0,0,0,2,3,3,0,1,14,2,0,0,65,44,21,9,0.676923076923077,0.3230769230769231,0.015384615384615385,0.046153846153846156,0.2153846153846154,0.0,0.0,0.0,0.13846153846153847,2,1.0,java,alkacon/opencms-core,CmsUserInfoDialog.getStatusForItem
1,2,0,0,0,0,0,0,0,1,2,0,0,6,1,1,1,37,25,12,8,0.6756756756756757,0.32432432432432434,0.0,0.02702702702702703,0.16216216216216217,0.02702702702702703,0.0,0.02702702702702703,0.21621621621621623,1,2.0,java,carewebframework/carewebframework-core,LayoutParser.parseAction
1,1,4,2,1,0,0,1,1,8,9,5,3,30,3,5,5,192,127,65,11,0.6614583333333334,0.3385416666666667,0.005208333333333333,0.041666666666666664,0.15625,0.026041666666666668,0.020833333333333332,0.026041666666666668,0.057291666666666664,2,1.0,java,hawkular/hawkular-alerts,PluginMessageDescription.availability
3,1,0,0,0,0,0,0,2,4,5,0,0,16,3,2,0,145,95,50,13,0.6551724137931034,0.3448275862068966,0.0,0.027586206896551724,0.1103448275862069,0.013793103448275862,0.0,0.013793103448275862,0.0896551724137931,1,0.3333333333333333,java,calrissian/mango,CloseableIterables.chain
1,0,2,1,1,0,0,0,2,3,3,0,2,8,2,0,3,61,40,21,8,0.6557377049180327,0.3442622950819672,0.01639344262295082,0.04918032786885246,0.13114754098360656,0.0,0.03278688524590164,0.0,0.13114754098360656,2,0.0,java,OpenBEL/openbel-framework,LockAdviser.obtainReadLock
1,1,0,0,0,0,0,0,1,1,1,0,0,4,1,1,0,40,26,14,7,0.65,0.35,0.0,0.025,0.1,0.025,0.0,0.025,0.175,1,1.0,java,aws/aws-sdk-java,SetPlatformApplicationAttributesRequest.withAttributes
1,1,2,1,0,0,0,0,1,1,3,0,1,11,3,0,5,110,77,33,11,0.7,0.3,0.0,0.00909090909090909,0.1,0.0,0.01818181818181818,0.0,0.1,1,1.0,java,google/j2objc,AlgorithmParameters.getInstance
1,1,2,1,2,0,0,0,3,2,2,0,8,13,2,0,6,97,63,34,11,0.6494845360824743,0.35051546391752575,0.020618556701030927,0.020618556701030927,0.13402061855670103,0.0,0.020618556701030927,0.0,0.1134020618556701,3,1.0,java,VoltDB/voltdb,DRLogSegmentId.isInitialAckDRId
1,2,0,0,0,0,0,0,1,4,4,0,0,10,1,1,2,59,39,20,9,0.6610169491525424,0.3389830508474576,0.0,0.06779661016949153,0.1694915254237288,0.01694915254237288,0.0,0.01694915254237288,0.15254237288135594,1,2.0,java,JM-Lab/utils-elasticsearch,JMElasticsearchSearchAndCount.countQuery
1,1,0,0,1,0,0,0,1,3,4,0,0,11,2,0,1,78,54,24,11,0.6923076923076923,0.3076923076923077,0.01282051282051282,0.038461538461538464,0.14102564102564102,0.0,0.0,0.0,0.14102564102564102,2,1.0,java,yegor256/takes,RsReturn.validLocation
1,2,6,3,1,1,0,0,2,3,3,0,1,18,3,0,2,96,65,31,9,0.6770833333333334,0.3229166666666667,0.020833333333333332,0.03125,0.1875,0.0,0.0625,0.0,0.09375,3,2.0,java,goldmansachs/gs-collections,StringIterate.detectChar
1,1,8,4,0,0,0,0,1,10,17,0,2,45,1,7,10,268,186,82,10,0.6940298507462687,0.30597014925373134,0.0,0.03731343283582089,0.16791044776119404,0.026119402985074626,0.029850746268656716,0.026119402985074626,0.03731343283582089,1,1.0,java,GCRC/nunaliit,Searches.getAudioMediaFromPlaceId
1,1,20,10,4,0,1,0,1,22,24,2,1,62,6,5,4,348,234,114,13,0.6724137931034483,0.3275862068965517,0.014367816091954023,0.06321839080459771,0.1781609195402299,0.014367816091954023,0.05747126436781609,0.014367816091954023,0.03735632183908046,6,1.0,java,alkacon/opencms-core,CmsFrameset.getViewSelect
1,1,4,2,1,0,0,0,2,1,1,0,4,16,3,0,2,80,54,26,9,0.675,0.325,0.0125,0.0125,0.2,0.0,0.05,0.0,0.1125,2,1.0,java,google/error-prone-javac,TreeInfo.isSelfCall
1,1,2,1,2,0,0,0,0,4,6,0,9,26,4,3,13,194,134,60,12,0.6907216494845361,0.30927835051546393,0.010309278350515464,0.020618556701030927,0.13402061855670103,0.015463917525773196,0.010309278350515464,0.015463917525773196,0.061855670103092786,3,1.0,java,google/j2objc,BasicChecker.verifyTimestamp
1,2,10,5,0,0,0,0,1,8,11,0,3,33,3,1,3,186,128,58,12,0.6881720430107527,0.3118279569892473,0.0,0.043010752688172046,0.1774193548387097,0.005376344086021506,0.053763440860215055,0.005376344086021506,0.06451612903225806,1,2.0,java,duracloud/duracloud,S3StorageProvider.createHiddenSpace
1,0,12,6,2,2,0,0,1,7,7,3,6,45,4,6,8,219,150,69,12,0.684931506849315,0.3150684931506849,0.0182648401826484,0.0319634703196347,0.2054794520547945,0.0273972602739726,0.0547945205479452,0.0273972602739726,0.0547945205479452,5,0.0,java,lessthanoptimal/ejml,PolynomialFit.removeWorstFit
1,2,0,0,0,0,0,0,1,2,2,0,0,8,1,0,0,38,26,12,8,0.6842105263157895,0.3157894736842105,0.0,0.05263157894736842,0.21052631578947367,0.0,0.0,0.0,0.21052631578947367,1,2.0,java,liyiorg/weixin-popular,BizwifiAPI.barSet
1,1,0,0,0,0,0,0,1,1,1,0,34,37,1,0,0,195,131,64,23,0.6717948717948717,0.3282051282051282,0.0,0.005128205128205128,0.18974358974358974,0.0,0.0,0.0,0.11794871794871795,1,1.0,java,classgraph/classgraph,JSONUtils.isBasicValueType
1,2,0,0,0,0,0,0,0,2,2,0,0,9,1,1,0,50,32,18,8,0.64,0.36,0.0,0.04,0.18,0.02,0.0,0.02,0.16,1,2.0,java,mikepenz/FastAdapter,AbstractItem.bindView
1,1,0,0,5,0,0,0,1,7,7,6,0,23,1,6,8,173,117,56,11,0.6763005780346821,0.3236994219653179,0.028901734104046242,0.04046242774566474,0.1329479768786127,0.03468208092485549,0.0,0.03468208092485549,0.06358381502890173,6,1.0,java,lucee/Lucee,Schedule.setInterval
1,0,0,0,1,0,0,0,2,0,0,13,4,19,1,13,1,119,79,40,8,0.6638655462184874,0.33613445378151263,0.008403361344537815,0.0,0.15966386554621848,0.1092436974789916,0.0,0.1092436974789916,0.06722689075630252,2,0.0,java,JOML-CI/JOML,Matrix4x3d.identity
1,0,0,0,2,0,0,0,1,8,8,0,2,18,2,2,2,114,78,36,10,0.6842105263157895,0.3157894736842105,0.017543859649122806,0.07017543859649122,0.15789473684210525,0.017543859649122806,0.0,0.017543859649122806,0.08771929824561403,3,0.0,java,OpenLiberty/open-liberty,JSMessageData.isEmpty
1,3,2,1,2,0,0,0,1,6,8,2,9,30,6,4,9,205,140,65,12,0.6829268292682927,0.3170731707317073,0.00975609756097561,0.02926829268292683,0.14634146341463414,0.01951219512195122,0.00975609756097561,0.01951219512195122,0.05853658536585366,3,3.0,java,Impetus/Kundera,CouchbaseBucketUtils.openBucket
1,2,0,0,3,0,0,0,3,8,8,0,0,19,6,3,0,126,82,44,12,0.6507936507936508,0.3492063492063492,0.023809523809523808,0.06349206349206349,0.15079365079365079,0.023809523809523808,0.0,0.023809523809523808,0.09523809523809523,4,2.0,java,hazelcast/hazelcast,ClusterJoinManager.executeJoinRequest
1,3,22,11,0,0,0,0,0,30,35,0,0,91,1,17,9,488,344,144,11,0.7049180327868853,0.29508196721311475,0.0,0.06147540983606557,0.1864754098360656,0.03483606557377049,0.045081967213114756,0.03483606557377049,0.022540983606557378,1,3.0,java,googleads/googleads-java-lib,AddResponsiveDisplayAd.runExample
1,5,48,24,5,0,0,0,0,57,57,0,11,175,4,32,8,755,521,234,12,0.6900662251655629,0.30993377483443707,0.006622516556291391,0.07549668874172186,0.23178807947019867,0.0423841059602649,0.06357615894039735,0.0423841059602649,0.015894039735099338,6,5.0,java,OpenLiberty/open-liberty,GBSInsertFringe.balance12
1,1,0,0,1,0,0,0,0,3,3,0,2,19,1,2,3,98,68,30,10,0.6938775510204082,0.30612244897959184,0.01020408163265306,0.030612244897959183,0.19387755102040816,0.02040816326530612,0.0,0.02040816326530612,0.10204081632653061,2,1.0,java,BlueBrain/bluima,DictTerm.setEnclosingSpan
2,5,10,5,2,1,1,0,1,7,13,2,10,65,7,7,5,412,276,136,19,0.6699029126213593,0.3300970873786408,0.009708737864077669,0.01699029126213592,0.15776699029126215,0.01699029126213592,0.024271844660194174,0.01699029126213592,0.04611650485436893,5,2.5,java,hankcs/HanLP,CommonAhoCorasickSegmentUtil.segment
1,2,3,2,0,0,0,0,3,2,2,0,0,14,4,1,3,92,63,29,9,0.6847826086956522,0.31521739130434784,0.0,0.021739130434782608,0.15217391304347827,0.010869565217391304,0.03260869565217391,0.010869565217391304,0.09782608695652174,1,2.0,java,javamonkey/beetl2.0,ObjectUtil.getGetMethod
1,0,1,1,0,0,0,0,1,0,1,0,0,5,1,0,0,48,30,18,7,0.625,0.375,0.0,0.0,0.10416666666666667,0.0,0.020833333333333332,0.0,0.14583333333333334,1,0.0,java,codeprimate-software/cp-elements,CollectionExtensions.from
1,1,4,2,0,0,0,0,1,11,12,0,0,27,1,5,1,189,128,61,10,0.6772486772486772,0.32275132275132273,0.0,0.0582010582010582,0.14285714285714285,0.026455026455026454,0.021164021164021163,0.026455026455026454,0.05291005291005291,1,1.0,java,demidenko05/beigesoft-accounting,FctBnAccEntitiesProcessors.createPutPrcPurchaseInvoiceServiceLineDelete
1,0,5,3,0,0,0,0,1,1,1,3,0,24,2,4,3,127,87,40,9,0.6850393700787402,0.31496062992125984,0.0,0.007874015748031496,0.1889763779527559,0.031496062992125984,0.03937007874015748,0.031496062992125984,0.07086614173228346,1,0.0,java,h2oai/h2o-2,GenUtils.concat
1,1,0,0,1,0,0,0,0,6,6,0,0,13,3,2,1,78,51,27,12,0.6538461538461539,0.34615384615384615,0.01282051282051282,0.07692307692307693,0.16666666666666666,0.02564102564102564,0.0,0.02564102564102564,0.15384615384615385,2,1.0,java,randomizedtesting/randomizedtesting,JUnit4.setPrefix
1,0,2,1,0,0,0,0,1,2,2,0,1,7,1,0,2,62,40,22,9,0.6451612903225806,0.3548387096774194,0.0,0.03225806451612903,0.11290322580645161,0.0,0.03225806451612903,0.0,0.14516129032258066,1,0.0,java,BorderTech/wcomponents,WAudio.getAudio
1,5,0,0,0,0,0,0,1,4,4,0,0,15,1,0,0,66,47,19,9,0.7121212121212122,0.2878787878787879,0.0,0.06060606060606061,0.22727272727272727,0.0,0.0,0.0,0.13636363636363635,1,5.0,java,Azure/azure-sdk-for-java,ManagedDatabaseVulnerabilityAssessmentRuleBaselinesInner.get
1,1,2,1,1,0,0,0,1,3,4,0,1,10,1,1,2,69,45,24,8,0.6521739130434783,0.34782608695652173,0.014492753623188406,0.043478260869565216,0.14492753623188406,0.014492753623188406,0.028985507246376812,0.014492753623188406,0.11594202898550725,2,1.0,java,reinert/requestor,WebTarget.path
1,1,0,0,0,0,0,0,1,2,2,1,0,8,1,1,0,38,24,14,7,0.631578947368421,0.3684210526315789,0.0,0.05263157894736842,0.21052631578947367,0.02631578947368421,0.0,0.02631578947368421,0.18421052631578946,1,1.0,java,aws/aws-sdk-java,AmazonElasticMapReduceClient.listBootstrapActions
1,1,0,0,0,0,0,0,1,6,6,0,0,15,2,3,0,102,70,32,10,0.6862745098039216,0.3137254901960784,0.0,0.058823529411764705,0.14705882352941177,0.029411764705882353,0.0,0.029411764705882353,0.09803921568627451,1,1.0,java,hazelcast/hazelcast,Config.setQuorumConfigs
1,1,4,2,0,0,1,0,1,3,5,1,1,15,2,1,2,113,75,38,12,0.6637168141592921,0.336283185840708,0.008849557522123894,0.02654867256637168,0.13274336283185842,0.008849557522123894,0.035398230088495575,0.008849557522123894,0.10619469026548672,2,1.0,java,medallia/Word2VecJava,Common.readToList
1,0,8,4,2,0,0,0,4,11,11,2,2,31,8,3,10,235,159,76,18,0.676595744680851,0.32340425531914896,0.00851063829787234,0.04680851063829787,0.13191489361702127,0.01276595744680851,0.03404255319148936,0.01276595744680851,0.07659574468085106,3,0.0,java,selendroid/selendroid,SelendroidServerBuilder.getJarVersionNumber
1,2,4,2,2,1,0,0,3,5,5,0,2,19,4,1,3,123,85,38,10,0.6910569105691057,0.3089430894308943,0.024390243902439025,0.04065040650406504,0.15447154471544716,0.008130081300813009,0.032520325203252036,0.008130081300813009,0.08130081300813008,4,2.0,java,lievendoclo/Valkyrie-RCP,SimpleGroupMember.findMenu
1,2,12,6,3,0,0,0,1,20,25,4,1,75,11,13,8,523,366,157,14,0.6998087954110899,0.30019120458891013,0.0057361376673040155,0.03824091778202677,0.14340344168260039,0.0248565965583174,0.022944550669216062,0.0248565965583174,0.02676864244741874,4,2.0,java,samtingleff/jchronic,Chronic.parse
2,3,28,14,2,3,0,0,1,22,28,4,14,96,9,12,11,539,364,175,17,0.6753246753246753,0.3246753246753247,0.00927643784786642,0.04081632653061224,0.17810760667903525,0.022263450834879406,0.05194805194805195,0.022263450834879406,0.03153988868274583,6,1.5,java,att/AAF,Symm.depass
1,2,2,1,0,0,0,0,1,5,5,0,1,17,1,0,2,126,86,40,11,0.6825396825396826,0.31746031746031744,0.0,0.03968253968253968,0.1349206349206349,0.0,0.015873015873015872,0.0,0.0873015873015873,1,2.0,java,aol/cyclops,Memoize.memoizeFunction
1,2,0,0,0,0,0,0,0,1,1,0,0,6,1,1,2,51,35,16,7,0.6862745098039216,0.3137254901960784,0.0,0.0196078431372549,0.11764705882352941,0.0196078431372549,0.0,0.0196078431372549,0.13725490196078433,1,2.0,java,pgjdbc/pgjdbc,EscapedFunctions2.sqllcase
1,4,4,2,1,0,0,0,1,5,6,0,6,24,2,1,4,131,91,40,13,0.6946564885496184,0.3053435114503817,0.007633587786259542,0.03816793893129771,0.183206106870229,0.007633587786259542,0.030534351145038167,0.007633587786259542,0.09923664122137404,2,4.0,java,forge/core,MavenJDOMWriter.findAndReplaceXpp3DOM
1,4,0,0,1,0,0,0,0,7,7,0,0,28,1,4,3,136,94,42,9,0.6911764705882353,0.3088235294117647,0.007352941176470588,0.051470588235294115,0.20588235294117646,0.029411764705882353,0.0,0.029411764705882353,0.0661764705882353,2,4.0,java,phax/ph-commons,LogHelper.log
1,0,6,3,5,1,0,0,1,11,11,3,8,46,4,6,9,279,192,87,16,0.6881720430107527,0.3118279569892473,0.021505376344086023,0.03942652329749104,0.16487455197132617,0.021505376344086023,0.021505376344086023,0.021505376344086023,0.05734767025089606,7,0.0,java,OpenLiberty/open-liberty,MessageStoreImpl.listPreparedTransactions
2,5,46,23,9,2,0,1,2,34,35,12,4,190,13,18,18,952,670,282,32,0.7037815126050421,0.296218487394958,0.011554621848739496,0.03571428571428571,0.19957983193277312,0.018907563025210083,0.04831932773109244,0.018907563025210083,0.03361344537815126,12,2.5,java,jruby/yecht,Resolver.node_import
1,1,0,0,1,0,0,0,1,1,1,1,1,9,2,2,1,56,37,19,10,0.6607142857142857,0.3392857142857143,0.017857142857142856,0.017857142857142856,0.16071428571428573,0.03571428571428571,0.0,0.03571428571428571,0.17857142857142858,2,1.0,java,VoltDB/voltdb,QueryExpression.setTableColumnNames
1,2,0,0,1,0,0,0,0,9,11,0,2,28,4,4,3,156,108,48,12,0.6923076923076923,0.3076923076923077,0.00641025641025641,0.057692307692307696,0.1794871794871795,0.02564102564102564,0.0,0.02564102564102564,0.07692307692307693,2,2.0,java,aws/aws-sdk-java,ListAliasesRequestMarshaller.marshall
2,3,2,1,0,0,0,0,2,4,6,0,1,17,2,1,0,184,123,61,15,0.6684782608695652,0.33152173913043476,0.0,0.021739130434782608,0.09239130434782608,0.005434782608695652,0.010869565217391304,0.005434782608695652,0.08152173913043478,1,1.5,java,ysc/QuestionAnsweringSystem,Tools.sortByIntegerValue
1,2,2,1,0,0,0,0,1,1,2,7,0,35,1,7,0,130,87,43,7,0.6692307692307692,0.33076923076923076,0.0,0.007692307692307693,0.2692307692307692,0.05384615384615385,0.015384615384615385,0.05384615384615385,0.05384615384615385,1,2.0,java,netscaler/nitro,responderpolicy.add
1,5,6,3,0,0,0,0,0,6,6,0,0,24,1,1,0,115,81,34,10,0.7043478260869566,0.2956521739130435,0.0,0.05217391304347826,0.20869565217391303,0.008695652173913044,0.05217391304347826,0.008695652173913044,0.08695652173913043,1,5.0,java,Impetus/Kundera,CouchDBObjectMapper.onEmbeddable
1,1,0,0,1,0,0,0,2,5,5,0,0,16,2,4,2,87,60,27,9,0.6896551724137931,0.3103448275862069,0.011494252873563218,0.05747126436781609,0.1839080459770115,0.04597701149425287,0.0,0.04597701149425287,0.10344827586206896,2,1.0,java,zeromq/jeromq,ZMonitor.verbose
1,0,4,2,0,0,1,0,1,2,2,0,0,9,2,1,1,65,41,24,7,0.6307692307692307,0.36923076923076925,0.015384615384615385,0.03076923076923077,0.13846153846153847,0.015384615384615385,0.06153846153846154,0.015384615384615385,0.1076923076923077,2,0.0,java,iig-uni-freiburg/SEWOL,ConstraintContextProperties.getNextConstraintIndex
1,2,4,2,0,0,0,0,1,3,3,0,0,16,1,0,0,70,50,20,8,0.7142857142857143,0.2857142857142857,0.0,0.04285714285714286,0.22857142857142856,0.0,0.05714285714285714,0.0,0.11428571428571428,1,2.0,java,drewwills/cernunnos,ServletRequestHeaderPhrase.evaluate
1,1,2,1,1,0,0,0,2,2,2,0,1,8,2,0,3,58,39,19,8,0.6724137931034483,0.3275862068965517,0.017241379310344827,0.034482758620689655,0.13793103448275862,0.0,0.034482758620689655,0.0,0.13793103448275862,2,1.0,java,ihaolin/session,WebUtil.getUserAgent
1,2,0,0,0,0,0,0,1,1,1,0,0,6,1,0,3,42,30,12,6,0.7142857142857143,0.2857142857142857,0.0,0.023809523809523808,0.14285714285714285,0.0,0.0,0.0,0.14285714285714285,1,2.0,java,PeterisP/LVTagger,ChunkAnnotationUtils.fixChunkSentenceBoundaries
1,2,6,3,0,0,0,0,0,3,4,0,0,22,1,1,2,93,66,27,8,0.7096774193548387,0.2903225806451613,0.0,0.03225806451612903,0.23655913978494625,0.010752688172043012,0.06451612903225806,0.010752688172043012,0.08602150537634409,1,2.0,java,javagl/CommonUI,JTables.scrollToRow
1,5,4,2,4,0,0,0,1,15,20,0,3,40,1,0,9,275,191,84,15,0.6945454545454546,0.3054545454545455,0.014545454545454545,0.05454545454545454,0.14545454545454545,0.0,0.014545454545454545,0.0,0.05454545454545454,5,5.0,java,twilio/authy-java,AuthyUtil.validateSignature
1,1,2,1,1,0,0,0,1,2,3,0,2,12,2,0,2,74,50,24,11,0.6756756756756757,0.32432432432432434,0.013513513513513514,0.02702702702702703,0.16216216216216217,0.0,0.02702702702702703,0.0,0.14864864864864866,2,1.0,java,arquillian/arquillian-extension-persistence,DataSetProvider.inferFormat
1,1,2,1,0,0,0,0,1,7,9,0,0,17,1,2,1,100,69,31,9,0.69,0.31,0.0,0.07,0.17,0.02,0.02,0.02,0.09,1,1.0,java,tobato/FastDFS_Client,DefaultFastFileStorageClient.generateThumbImageByDefault
1,2,0,0,0,0,0,0,0,7,7,0,0,13,1,2,0,71,46,25,10,0.647887323943662,0.352112676056338,0.0,0.09859154929577464,0.18309859154929578,0.028169014084507043,0.0,0.028169014084507043,0.14084507042253522,1,2.0,java,fuinorg/units4j,Units4JUtils.assertCauseMessage
1,2,0,0,0,0,0,0,1,1,3,0,0,11,1,0,0,61,43,18,8,0.7049180327868853,0.29508196721311475,0.0,0.01639344262295082,0.18032786885245902,0.0,0.0,0.0,0.13114754098360656,1,2.0,java,JetBrains/xodus,VirtualFileSystem.writeFile
1,3,10,5,2,1,0,0,1,19,20,1,7,62,5,5,8,378,257,121,15,0.6798941798941799,0.3201058201058201,0.007936507936507936,0.05026455026455026,0.164021164021164,0.013227513227513227,0.026455026455026454,0.013227513227513227,0.03968253968253968,4,3.0,java,jenetics/jenetics,TruncationSelector.select
1,3,30,15,6,1,0,1,0,51,56,18,31,321,12,45,42,1469,1025,444,19,0.6977535738597685,0.30224642614023145,0.004765146358066712,0.03471749489448604,0.21851599727705923,0.03063308373042886,0.02042205582028591,0.03063308373042886,0.012933968686181076,8,3.0,java,tango-controls/JTango,Util.fill_attr_polling_buffer
1,1,4,2,1,0,0,0,2,3,3,0,3,14,3,0,2,82,55,27,8,0.6707317073170732,0.32926829268292684,0.012195121951219513,0.036585365853658534,0.17073170731707318,0.0,0.04878048780487805,0.0,0.0975609756097561,2,1.0,java,camunda/camunda-bpm-platform,ExecutionImpl.generateActivityInstanceId
1,1,6,3,0,0,0,0,0,7,10,0,0,23,3,1,4,160,110,50,12,0.6875,0.3125,0.0,0.04375,0.14375,0.00625,0.0375,0.00625,0.075,1,1.0,java,Alluxio/alluxio,FileSystemAdminShellUtils.checkMasterClientService
1,4,0,0,0,0,0,0,1,2,2,0,0,12,1,0,0,61,42,19,8,0.6885245901639344,0.3114754098360656,0.0,0.03278688524590164,0.19672131147540983,0.0,0.0,0.0,0.13114754098360656,1,4.0,java,Azure/azure-sdk-for-java,DeploymentsInner.validateAsync
1,2,0,0,1,0,0,0,0,15,17,0,2,43,4,7,3,210,147,63,12,0.7,0.3,0.004761904761904762,0.07142857142857142,0.20476190476190476,0.03333333333333333,0.0,0.03333333333333333,0.05714285714285714,2,2.0,java,aws/aws-sdk-java,ListedServerMarshaller.marshall
1,0,1,1,0,0,0,0,1,3,3,0,0,9,1,1,1,48,32,16,8,0.6666666666666666,0.3333333333333333,0.0,0.0625,0.1875,0.020833333333333332,0.020833333333333332,0.020833333333333332,0.16666666666666666,1,0.0,java,spring-projects/spring-hateoas,Links.and
1,4,0,0,0,0,0,0,1,2,2,0,0,12,1,0,0,61,42,19,8,0.6885245901639344,0.3114754098360656,0.0,0.03278688524590164,0.19672131147540983,0.0,0.0,0.0,0.13114754098360656,1,4.0,java,Azure/azure-sdk-for-java,WorkflowsInner.updateAsync
1,2,2,1,0,0,0,0,1,3,3,0,0,11,1,0,0,67,44,23,10,0.6567164179104478,0.34328358208955223,0.0,0.04477611940298507,0.16417910447761194,0.0,0.029850746268656716,0.0,0.14925373134328357,1,2.0,java,alkacon/opencms-core,CmsStringUtil.splitAsArray
1,0,0,0,1,0,0,0,1,4,4,1,1,10,2,1,1,58,38,20,13,0.6551724137931034,0.3448275862068966,0.017241379310344827,0.06896551724137931,0.1724137931034483,0.017241379310344827,0.0,0.017241379310344827,0.22413793103448276,2,0.0,java,alkacon/opencms-core,A_CmsJspValueWrapper.getToBoolean
1,0,6,3,1,1,0,0,0,8,9,0,1,21,4,3,1,170,113,57,10,0.6647058823529411,0.3352941176470588,0.011764705882352941,0.047058823529411764,0.12352941176470589,0.01764705882352941,0.03529411764705882,0.01764705882352941,0.058823529411764705,3,0.0,java,csc19601128/Phynixx,PhynixxXAResourceFactory.close
1,1,2,1,2,0,0,0,3,2,2,0,0,10,4,0,3,100,68,32,10,0.68,0.32,0.02,0.02,0.1,0.0,0.02,0.0,0.1,3,1.0,java,VoltDB/voltdb,AbstractExpression.containsFunctionById
1,5,16,8,13,0,0,0,1,51,53,2,10,152,21,12,7,816,567,249,21,0.6948529411764706,0.30514705882352944,0.015931372549019607,0.0625,0.18627450980392157,0.014705882352941176,0.0196078431372549,0.014705882352941176,0.025735294117647058,14,5.0,java,korpling/ANNIS,CorefVisualizer.getAllTokens
1,2,0,0,0,0,0,0,1,0,1,0,0,6,1,0,0,34,23,11,6,0.6764705882352942,0.3235294117647059,0.0,0.0,0.17647058823529413,0.0,0.0,0.0,0.17647058823529413,1,2.0,java,vladmihalcea/flexy-pool,ConnectionDecoratorFactory.proxyConnection
2,3,0,0,0,0,0,0,0,3,4,0,0,14,2,2,0,84,54,30,15,0.6428571428571429,0.35714285714285715,0.0,0.03571428571428571,0.16666666666666666,0.023809523809523808,0.0,0.023809523809523808,0.17857142857142858,1,1.5,java,Samsung/GearVRf,GVRRigidBody.applyCentralImpulse
1,1,4,2,1,0,0,0,1,6,6,2,1,20,3,2,2,102,69,33,12,0.6764705882352942,0.3235294117647059,0.00980392156862745,0.058823529411764705,0.19607843137254902,0.0196078431372549,0.0392156862745098,0.0196078431372549,0.11764705882352941,2,1.0,java,j-a-w-r/jawr-main-repo,JawrRequestHandler.getRequestPath
1,0,0,0,1,0,0,0,1,0,1,1,1,4,2,1,1,64,41,23,12,0.640625,0.359375,0.015625,0.0,0.0625,0.015625,0.0,0.015625,0.1875,2,0.0,java,aws/aws-sdk-java,DescribeApplicationsResult.getApplications
1,3,0,0,0,0,0,0,1,2,2,0,0,10,1,0,1,58,38,20,8,0.6551724137931034,0.3448275862068966,0.0,0.034482758620689655,0.1724137931034483,0.0,0.0,0.0,0.13793103448275862,1,3.0,java,pravega/pravega,PravegaTablesStoreHelper.addNewEntryIfAbsent
1,8,0,0,0,0,0,0,1,2,2,0,0,20,1,0,0,85,62,23,8,0.7294117647058823,0.27058823529411763,0.0,0.023529411764705882,0.23529411764705882,0.0,0.0,0.0,0.09411764705882353,1,8.0,java,Azure/azure-sdk-for-java,ManagementLocksInner.createOrUpdateAtResourceLevelAsync
1,0,0,0,1,0,0,0,1,3,3,0,1,6,2,2,1,59,39,20,8,0.6610169491525424,0.3389830508474576,0.01694915254237288,0.05084745762711865,0.1016949152542373,0.03389830508474576,0.0,0.03389830508474576,0.13559322033898305,2,0.0,java,alkacon/opencms-core,CmsSimpleEditor.actionExit
1,0,2,1,0,0,0,0,1,4,6,0,0,14,1,0,1,88,62,26,9,0.7045454545454546,0.29545454545454547,0.0,0.045454545454545456,0.1590909090909091,0.0,0.022727272727272728,0.0,0.10227272727272728,1,0.0,java,spring-projects/spring-android,HierarchicalUriComponents.normalize
1,8,8,4,0,0,0,0,0,14,16,0,0,55,2,9,1,259,183,76,11,0.7065637065637066,0.29343629343629346,0.0,0.05405405405405406,0.21235521235521235,0.03474903474903475,0.03088803088803089,0.03474903474903475,0.04247104247104247,1,8.0,java,googleads/googleads-java-lib,UploadConversionAdjustment.runExample
1,1,2,1,0,0,0,0,0,2,3,0,0,10,2,1,0,63,42,21,8,0.6666666666666666,0.3333333333333333,0.0,0.031746031746031744,0.15873015873015872,0.015873015873015872,0.031746031746031744,0.015873015873015872,0.12698412698412698,1,1.0,java,sarl/sarl,Boot.setPropertiesFrom
1,0,2,1,1,0,0,0,1,7,7,3,1,20,2,4,1,100,66,34,10,0.66,0.34,0.01,0.07,0.2,0.04,0.02,0.04,0.1,2,0.0,java,Netflix/spectator,IpcLogEntry.markStart
1,4,0,0,1,0,0,0,0,2,4,0,0,14,2,1,1,92,62,30,9,0.6739130434782609,0.32608695652173914,0.010869565217391304,0.021739130434782608,0.15217391304347827,0.010869565217391304,0.0,0.010869565217391304,0.09782608695652174,2,4.0,java,eserating/siren4j,BaseBuilder.addStep
1,0,4,2,0,0,0,0,1,2,2,2,0,9,1,2,3,71,46,25,8,0.647887323943662,0.352112676056338,0.0,0.028169014084507043,0.1267605633802817,0.028169014084507043,0.056338028169014086,0.028169014084507043,0.11267605633802817,1,0.0,java,Waikato/moa,GUIDefaults.getTabs
1,0,1,1,0,0,0,0,1,3,4,0,0,12,1,0,2,86,58,28,11,0.6744186046511628,0.32558139534883723,0.0,0.03488372093023256,0.13953488372093023,0.0,0.011627906976744186,0.0,0.12790697674418605,1,0.0,java,mongodb/stitch-android-sdk,CoreRemoteMongoCollectionImpl.watch
1,2,0,0,2,0,0,0,3,3,3,0,1,23,5,0,1,105,74,31,12,0.7047619047619048,0.29523809523809524,0.01904761904761905,0.02857142857142857,0.21904761904761905,0.0,0.0,0.0,0.11428571428571428,3,2.0,java,google/error-prone-javac,EnumConstantWriterImpl.getNavSummaryLink
1,1,0,0,1,0,0,0,0,1,2,0,2,10,2,0,1,59,41,18,11,0.6949152542372882,0.3050847457627119,0.01694915254237288,0.01694915254237288,0.1694915254237288,0.0,0.0,0.0,0.1864406779661017,2,1.0,java,juebanlin/util4j,ArrayBytesBuff.checkReadableBytesUnsafe
1,1,6,3,0,0,1,0,1,6,7,0,0,22,2,1,0,120,80,40,10,0.6666666666666666,0.3333333333333333,0.008333333333333333,0.05,0.18333333333333332,0.008333333333333333,0.05,0.008333333333333333,0.08333333333333333,2,1.0,java,elki-project/elki,SplitHistory.getCommonDimensions
1,2,8,4,5,0,0,0,3,15,17,4,4,54,10,6,6,310,210,100,15,0.6774193548387096,0.3225806451612903,0.016129032258064516,0.04838709677419355,0.17419354838709677,0.01935483870967742,0.025806451612903226,0.01935483870967742,0.04838709677419355,6,2.0,java,sarl/sarl,FileSystemAddons.convertFileToURL
1,2,2,1,0,0,0,0,1,6,6,0,1,15,1,0,2,76,52,24,12,0.6842105263157895,0.3157894736842105,0.0,0.07894736842105263,0.19736842105263158,0.0,0.02631578947368421,0.0,0.15789473684210525,1,2.0,java,googleapis/google-cloud-java,ConfigClient.createSink
1,2,20,11,3,1,0,0,2,0,0,11,50,83,5,11,38,629,422,207,16,0.670906200317965,0.32909379968203495,0.006359300476947536,0.0,0.13195548489666137,0.017488076311605722,0.03179650238473768,0.017488076311605722,0.025437201907790145,5,2.0,java,sirthias/parboiled,Base64.encodeToByte
2,1,4,2,0,0,0,0,2,6,8,0,0,17,2,0,0,106,71,35,14,0.6698113207547169,0.330188679245283,0.0,0.05660377358490566,0.16037735849056603,0.0,0.03773584905660377,0.0,0.1320754716981132,1,0.5,java,qiujuer/OkHttpPacker,HttpCore.interceptToProgressResponse
1,2,4,2,0,0,0,0,1,3,3,0,1,16,1,0,2,87,60,27,8,0.6896551724137931,0.3103448275862069,0.0,0.034482758620689655,0.1839080459770115,0.0,0.04597701149425287,0.0,0.09195402298850575,1,2.0,java,drtrang/spring-boot-autoconfigure,SqlMapper.selectList
1,2,4,2,1,0,0,0,1,2,3,0,1,16,3,1,1,130,87,43,10,0.6692307692307692,0.33076923076923076,0.007692307692307693,0.015384615384615385,0.12307692307692308,0.007692307692307693,0.03076923076923077,0.007692307692307693,0.07692307692307693,2,2.0,java,groovy/groovy-core,DefaultGroovyMethods.findResults
1,1,2,1,1,0,0,0,2,5,5,0,3,16,3,0,2,100,64,36,9,0.64,0.36,0.01,0.05,0.16,0.0,0.02,0.0,0.09,2,1.0,java,wcm-io/wcm-io-handler,SimpleImageMediaMarkupBuilder.getMediaElement
1,2,4,2,0,0,0,0,1,8,8,1,5,24,1,1,1,120,81,39,14,0.675,0.325,0.0,0.06666666666666667,0.2,0.008333333333333333,0.03333333333333333,0.008333333333333333,0.11666666666666667,1,2.0,java,cdk/cdk,StandardAtomGenerator.positionSubscript
1,0,2,1,1,0,0,0,2,4,5,0,3,11,2,0,5,112,75,37,11,0.6696428571428571,0.33035714285714285,0.008928571428571428,0.03571428571428571,0.09821428571428571,0.0,0.017857142857142856,0.0,0.09821428571428571,2,0.0,java,forge/javaee-descriptors,EntityListenersImpl.getOrCreateEntityListener
1,1,2,1,0,0,0,0,1,2,2,0,0,9,1,1,0,44,29,15,7,0.6590909090909091,0.3409090909090909,0.0,0.045454545454545456,0.20454545454545456,0.022727272727272728,0.045454545454545456,0.022727272727272728,0.1590909090909091,1,1.0,java,spotbugs/spotbugs,BugInstance.addReferencedField
1,3,0,0,0,0,0,0,1,3,3,0,0,13,1,2,0,74,46,28,6,0.6216216216216216,0.3783783783783784,0.0,0.04054054054054054,0.17567567567567569,0.02702702702702703,0.0,0.02702702702702703,0.08108108108108109,1,3.0,java,xetorthio/jedis,BinaryJedis.setex
1,0,1,1,1,0,0,0,1,2,3,0,1,11,3,2,1,88,59,29,12,0.6704545454545454,0.32954545454545453,0.011363636363636364,0.022727272727272728,0.125,0.022727272727272728,0.011363636363636364,0.022727272727272728,0.13636363636363635,2,0.0,java,aws/aws-sdk-java,BudgetPerformanceHistory.withBudgetedAndActualAmountsList
1,2,0,0,0,0,0,0,1,2,2,0,0,8,1,0,0,50,32,18,8,0.64,0.36,0.0,0.04,0.16,0.0,0.0,0.0,0.16,1,2.0,java,mirage-sql/mirage,SqlManagerImpl.updateBatch
1,1,2,1,0,0,0,0,0,8,8,0,0,21,2,4,0,96,65,31,12,0.6770833333333334,0.3229166666666667,0.0,0.08333333333333333,0.21875,0.041666666666666664,0.020833333333333332,0.041666666666666664,0.125,1,1.0,java,allure-framework/allure1,Allure.fire
1,1,2,1,0,0,0,0,1,4,4,0,0,10,1,0,0,51,34,17,9,0.6666666666666666,0.3333333333333333,0.0,0.0784313725490196,0.19607843137254902,0.0,0.0392156862745098,0.0,0.17647058823529413,1,1.0,java,googleapis/google-cloud-java,KeyManagementServiceClient.listCryptoKeys
1,1,0,0,2,0,0,0,0,2,2,1,6,15,3,3,3,78,52,26,8,0.6666666666666666,0.3333333333333333,0.02564102564102564,0.02564102564102564,0.19230769230769232,0.038461538461538464,0.0,0.038461538461538464,0.10256410256410256,3,1.0,java,OpenLiberty/open-liberty,StartupServletContextListener.setFacesInitializer
1,1,0,0,2,0,0,0,0,5,6,1,6,17,3,2,3,107,71,36,14,0.6635514018691588,0.3364485981308411,0.018691588785046728,0.04672897196261682,0.1588785046728972,0.018691588785046728,0.0,0.018691588785046728,0.1308411214953271,3,1.0,java,biojava/biojava,MultipleSequenceAlignment.addAlignedSequence
1,2,6,3,1,1,0,0,0,0,0,8,3,42,4,8,9,245,167,78,12,0.6816326530612244,0.3183673469387755,0.00816326530612245,0.0,0.17142857142857143,0.0326530612244898,0.024489795918367346,0.0326530612244898,0.04897959183673469,3,2.0,java,Waikato/moa,OnlineAccuracyUpdatedEnsemble.addToStored
1,7,8,4,0,0,0,0,1,11,12,0,0,42,1,7,9,236,169,67,9,0.7161016949152542,0.2838983050847458,0.0,0.046610169491525424,0.17796610169491525,0.029661016949152543,0.03389830508474576,0.029661016949152543,0.038135593220338986,1,7.0,java,UrielCh/ovh-java-sdk,ApiOvhSupport.tickets_create_POST
1,0,8,4,0,0,0,0,2,4,4,1,2,20,4,1,3,123,82,41,11,0.6666666666666666,0.3333333333333333,0.0,0.032520325203252036,0.16260162601626016,0.008130081300813009,0.06504065040650407,0.008130081300813009,0.08943089430894309,1,0.0,java,neoremind/navi,IPUtils.getServerId
1,1,2,1,0,0,0,0,1,3,4,0,0,9,1,1,1,54,36,18,9,0.6666666666666666,0.3333333333333333,0.0,0.05555555555555555,0.16666666666666666,0.018518518518518517,0.037037037037037035,0.018518518518518517,0.16666666666666666,1,1.0,java,aws/aws-sdk-java,AmazonS3Client.requestConfigWithSkipAppendUriPath
1,1,6,3,1,0,0,0,3,9,10,0,1,34,5,4,4,194,135,59,12,0.6958762886597938,0.30412371134020616,0.005154639175257732,0.04639175257731959,0.17525773195876287,0.020618556701030927,0.030927835051546393,0.020618556701030927,0.061855670103092786,2,1.0,java,baratine/baratine,WebSocketApply.service
1,0,0,0,1,0,0,0,1,3,3,1,1,12,2,1,2,67,45,22,13,0.6716417910447762,0.3283582089552239,0.014925373134328358,0.04477611940298507,0.1791044776119403,0.014925373134328358,0.0,0.014925373134328358,0.19402985074626866,2,0.0,java,opensourceBIM/BIMserver,Ifc2x3tc1PackageImpl.getIfcPowerMeasure
1,0,0,0,1,0,0,0,0,4,4,0,1,8,2,3,3,57,36,21,10,0.631578947368421,0.3684210526315789,0.017543859649122806,0.07017543859649122,0.14035087719298245,0.05263157894736842,0.0,0.05263157894736842,0.17543859649122806,2,0.0,java,bignerdranch/expandable-recycler-view,ParentViewHolder.collapseView
1,0,2,1,3,0,0,0,1,9,13,0,3,29,4,3,2,197,134,63,15,0.6802030456852792,0.3197969543147208,0.015228426395939087,0.04568527918781726,0.14720812182741116,0.015228426395939087,0.01015228426395939,0.015228426395939087,0.07614213197969544,4,0.0,java,apache/incubator-gobblin,Fork.getFinalState
2,4,6,3,1,0,0,0,0,11,13,0,1,37,6,5,4,218,149,69,18,0.6834862385321101,0.3165137614678899,0.0045871559633027525,0.05045871559633028,0.16972477064220184,0.022935779816513763,0.027522935779816515,0.022935779816513763,0.08256880733944955,2,2.0,java,Samsung/GearVRf,GVRAssetLoader.loadModel
1,1,6,3,4,0,0,0,1,8,9,0,2,33,7,4,3,208,147,61,16,0.7067307692307693,0.2932692307692308,0.019230769230769232,0.038461538461538464,0.15865384615384615,0.019230769230769232,0.028846153846153848,0.019230769230769232,0.07692307692307693,5,1.0,java,fhoeben/hsac-fitnesse-fixtures,LocalDriverFactory.getFirefoxProfile
1,2,0,0,1,0,0,0,0,3,5,0,2,13,4,1,3,102,69,33,12,0.6764705882352942,0.3235294117647059,0.00980392156862745,0.029411764705882353,0.12745098039215685,0.00980392156862745,0.0,0.00980392156862745,0.11764705882352941,2,2.0,java,aws/aws-sdk-java,PutConfigurationRecorderRequestMarshaller.marshall
1,1,4,2,1,0,0,0,3,1,2,0,1,10,4,0,3,86,56,30,9,0.6511627906976745,0.3488372093023256,0.011627906976744186,0.011627906976744186,0.11627906976744186,0.0,0.046511627906976744,0.0,0.10465116279069768,2,1.0,java,dkpro/dkpro-jwpl,Wikipedia.getCategory
1,3,2,1,1,1,0,0,2,3,3,0,4,17,2,0,3,98,65,33,13,0.6632653061224489,0.336734693877551,0.02040816326530612,0.030612244897959183,0.17346938775510204,0.0,0.02040816326530612,0.0,0.1326530612244898,3,3.0,java,HeidelTime/heideltime,StringUtils.findLastNotOf
1,4,26,13,8,0,0,0,3,27,28,4,6,98,8,5,8,521,369,152,13,0.708253358925144,0.29174664107485604,0.015355086372360844,0.05182341650671785,0.18809980806142035,0.009596928982725527,0.04990403071017274,0.009596928982725527,0.02495201535508637,9,4.0,java,OpenLiberty/open-liberty,JPAJndiLookupObjectFactory.getObjectInstance
1,0,6,3,0,0,0,0,1,6,6,3,0,22,3,4,5,118,80,38,9,0.6779661016949152,0.3220338983050847,0.0,0.05084745762711865,0.1864406779661017,0.03389830508474576,0.05084745762711865,0.03389830508474576,0.07627118644067797,1,0.0,java,attribyte/wpdb,DB.selectMaxPostId
1,4,6,3,0,0,0,0,1,7,7,0,0,26,1,3,6,140,100,40,9,0.7142857142857143,0.2857142857142857,0.0,0.05,0.18571428571428572,0.02142857142857143,0.04285714285714286,0.02142857142857143,0.06428571428571428,1,4.0,java,UrielCh/ovh-java-sdk,ApiOvhOrder.license_cpanel_new_duration_GET
1,1,3,2,2,1,0,0,2,0,0,1,3,15,4,1,4,95,63,32,9,0.6631578947368421,0.3368421052631579,0.031578947368421054,0.0,0.15789473684210525,0.010526315789473684,0.031578947368421054,0.010526315789473684,0.09473684210526316,4,1.0,java,js-lib-com/commons,Strings.isSeparator
1,2,0,0,0,0,0,0,1,4,6,0,0,13,1,3,0,78,51,27,10,0.6538461538461539,0.34615384615384615,0.0,0.05128205128205128,0.16666666666666666,0.038461538461538464,0.0,0.038461538461538464,0.1282051282051282,1,2.0,java,baidubce/bce-sdk-java,Datapoint.addDoubleValue
1,1,0,0,1,0,0,0,0,3,3,0,2,19,1,2,3,98,68,30,10,0.6938775510204082,0.30612244897959184,0.01020408163265306,0.030612244897959183,0.19387755102040816,0.02040816326530612,0.0,0.02040816326530612,0.10204081632653061,2,1.0,java,BlueBrain/bluima,Clause.setSubclauses
1,2,2,1,0,0,0,0,1,6,6,0,1,18,1,2,1,79,54,25,9,0.6835443037974683,0.31645569620253167,0.0,0.0759493670886076,0.22784810126582278,0.02531645569620253,0.02531645569620253,0.02531645569620253,0.11392405063291139,1,2.0,java,DiUS/pact-jvm,PactDslJsonArray.timestamp
1,0,0,0,0,0,0,0,1,0,0,0,0,3,1,0,1,62,41,21,8,0.6612903225806451,0.3387096774193548,0.0,0.0,0.04838709677419355,0.0,0.0,0.0,0.12903225806451613,1,0.0,java,google/closure-compiler,HamtPMap.emptyChildren
1,3,2,1,0,0,0,0,0,9,10,0,0,27,3,2,4,149,103,46,11,0.6912751677852349,0.3087248322147651,0.0,0.06040268456375839,0.18120805369127516,0.013422818791946308,0.013422818791946308,0.013422818791946308,0.0738255033557047,1,3.0,java,bazaarvoice/emodb,AbstractQueueClient.send
1,5,0,0,0,0,0,0,1,2,2,0,0,14,1,0,0,67,47,20,8,0.7014925373134329,0.29850746268656714,0.0,0.029850746268656716,0.208955223880597,0.0,0.0,0.0,0.11940298507462686,1,5.0,java,Azure/azure-sdk-for-java,DatabaseAutomaticTuningsInner.updateAsync
1,0,0,0,1,0,0,0,1,4,5,0,2,7,2,1,2,77,50,27,10,0.6493506493506493,0.35064935064935066,0.012987012987012988,0.05194805194805195,0.09090909090909091,0.012987012987012988,0.0,0.012987012987012988,0.12987012987012986,2,0.0,java,exoplatform/jcr,NodeImpl.getUUID
1,9,2,1,0,0,0,0,1,0,0,3,3,24,1,3,4,149,92,57,7,0.6174496644295302,0.3825503355704698,0.0,0.0,0.1610738255033557,0.020134228187919462,0.013422818791946308,0.020134228187919462,0.04697986577181208,1,9.0,java,rwl/JKLU,Dklu_version.GET_POINTER
1,0,2,1,2,0,0,0,3,4,5,1,2,19,4,2,3,130,88,42,10,0.676923076923077,0.3230769230769231,0.015384615384615385,0.03076923076923077,0.14615384615384616,0.015384615384615385,0.015384615384615385,0.015384615384615385,0.07692307692307693,3,0.0,java,box/box-android-sdk,BoxFolder.getAllowedSharedLinkAccessLevels
1,1,8,4,2,0,0,0,1,9,11,2,1,34,5,5,2,203,139,64,13,0.6847290640394089,0.31527093596059114,0.009852216748768473,0.04433497536945813,0.16748768472906403,0.024630541871921183,0.03940886699507389,0.024630541871921183,0.06403940886699508,3,1.0,java,biojava/biojava,AlignmentTools.getAlignedModel
1,1,4,2,3,0,0,0,1,17,21,1,6,52,13,8,9,360,244,116,14,0.6777777777777778,0.32222222222222224,0.008333333333333333,0.04722222222222222,0.14444444444444443,0.022222222222222223,0.011111111111111112,0.022222222222222223,0.03888888888888889,4,1.0,java,spring-cloud/spring-cloud-config,JGitEnvironmentRepository.refresh
1,0,2,1,1,0,0,0,1,3,3,2,1,11,3,2,1,78,51,27,10,0.6538461538461539,0.34615384615384615,0.01282051282051282,0.038461538461538464,0.14102564102564102,0.02564102564102564,0.02564102564102564,0.02564102564102564,0.1282051282051282,2,0.0,java,eFaps/eFaps-Kernel,OneSelect.getAttribute
2,2,0,0,0,0,0,0,2,2,3,0,0,11,2,0,0,69,44,25,13,0.6376811594202898,0.36231884057971014,0.0,0.028985507246376812,0.15942028985507245,0.0,0.0,0.0,0.18840579710144928,1,1.0,java,aNNiMON/Lightweight-Stream-API,DoubleStream.min
1,2,0,0,0,0,0,0,1,2,2,0,0,7,1,0,0,59,38,21,9,0.6440677966101694,0.3559322033898305,0.0,0.03389830508474576,0.11864406779661017,0.0,0.0,0.0,0.15254237288135594,1,2.0,java,hal/elemento,Elements.emptyElement
1,2,4,2,1,0,0,0,2,9,10,0,2,28,1,1,5,155,108,47,10,0.6967741935483871,0.3032258064516129,0.0064516129032258064,0.05806451612903226,0.18064516129032257,0.0064516129032258064,0.025806451612903226,0.0064516129032258064,0.06451612903225806,2,2.0,java,mfornos/humanize,Humanize.camelize
1,0,4,2,0,0,0,0,1,3,3,0,4,16,1,0,0,81,53,28,12,0.654320987654321,0.345679012345679,0.0,0.037037037037037035,0.19753086419753085,0.0,0.04938271604938271,0.0,0.14814814814814814,1,0.0,java,elki-project/elki,VAFile.getScannedPages
1,0,10,5,4,1,0,0,1,4,4,8,21,42,8,7,14,271,182,89,21,0.6715867158671587,0.3284132841328413,0.01845018450184502,0.014760147601476014,0.15498154981549817,0.025830258302583026,0.03690036900369004,0.025830258302583026,0.07749077490774908,6,0.0,java,respoke/respoke-sdk-android,Respoke.makeGUID
1,0,28,14,19,0,0,0,0,71,109,19,14,228,49,38,66,1719,1181,538,31,0.6870273414776032,0.31297265852239675,0.011052937754508435,0.04130308318789994,0.13263525305410123,0.02210587550901687,0.016288539848749273,0.02210587550901687,0.018033740546829553,20,0.0,java,cdk/cdk,MM2BasedParameterSetReader.setForceFieldDefinitions
1,2,6,3,0,0,0,0,1,2,4,0,0,14,1,1,0,93,62,31,8,0.6666666666666666,0.3333333333333333,0.0,0.021505376344086023,0.15053763440860216,0.010752688172043012,0.06451612903225806,0.010752688172043012,0.08602150537634409,1,2.0,java,netscaler/sdx_nitro,xen_supplemental_pack.get_filtered
1,0,1,1,1,0,0,0,1,2,3,0,1,11,3,2,1,91,61,30,13,0.6703296703296703,0.32967032967032966,0.01098901098901099,0.02197802197802198,0.12087912087912088,0.02197802197802198,0.01098901098901099,0.02197802197802198,0.14285714285714285,2,0.0,java,aws/aws-sdk-java,DescribeVirtualInterfacesResult.withVirtualInterfaces
1,4,0,0,0,0,0,0,1,2,2,0,0,12,1,0,0,61,42,19,8,0.6885245901639344,0.3114754098360656,0.0,0.03278688524590164,0.19672131147540983,0.0,0.0,0.0,0.13114754098360656,1,4.0,java,Azure/azure-sdk-for-java,P2sVpnServerConfigurationsInner.getAsync
1,2,0,0,1,0,0,0,0,7,9,0,2,23,4,3,3,138,95,43,12,0.6884057971014492,0.3115942028985507,0.007246376811594203,0.050724637681159424,0.16666666666666666,0.021739130434782608,0.0,0.021739130434782608,0.08695652173913043,2,2.0,java,aws/aws-sdk-java,ToolchainMarshaller.marshall
1,1,0,0,1,0,0,0,0,5,5,0,1,10,3,2,2,74,48,26,10,0.6486486486486487,0.35135135135135137,0.013513513513513514,0.06756756756756757,0.13513513513513514,0.02702702702702703,0.0,0.02702702702702703,0.13513513513513514,2,1.0,java,ManfredTremmel/gwt-bean-validators,AbstractMinMaxTextBox.setMax
1,1,0,0,1,0,0,0,1,0,0,2,4,10,1,2,0,58,37,21,11,0.6379310344827587,0.3620689655172414,0.017241379310344827,0.0,0.1724137931034483,0.034482758620689655,0.0,0.034482758620689655,0.1896551724137931,2,1.0,java,JOML-CI/JOML,Matrix4d.m23
1,1,0,0,1,0,0,0,1,1,1,1,1,10,2,1,1,49,33,16,9,0.673469387755102,0.32653061224489793,0.02040816326530612,0.02040816326530612,0.20408163265306123,0.02040816326530612,0.0,0.02040816326530612,0.1836734693877551,2,1.0,java,ThreeTen/threeten-extra,Months.subtractFrom
1,0,2,1,2,0,0,0,0,13,16,1,4,39,7,6,6,252,170,82,15,0.6746031746031746,0.3253968253968254,0.007936507936507936,0.051587301587301584,0.15476190476190477,0.023809523809523808,0.007936507936507936,0.023809523809523808,0.05952380952380952,3,0.0,java,baratine/baratine,CompilingLoader.init
1,1,4,2,2,0,0,0,2,5,5,1,3,17,1,1,6,126,85,41,8,0.6746031746031746,0.3253968253968254,0.015873015873015872,0.03968253968253968,0.1349206349206349,0.007936507936507936,0.031746031746031744,0.007936507936507936,0.06349206349206349,3,1.0,java,nyla-solutions/nyla,Organizer.flattenPaging
1,1,0,0,1,0,0,0,0,1,1,1,1,8,2,1,1,50,33,17,10,0.66,0.34,0.02,0.02,0.16,0.02,0.0,0.02,0.2,2,1.0,java,RestComm/sip-servlets,SipDeploymentService.start
1,0,6,3,1,0,0,0,1,7,8,1,5,27,2,3,5,143,99,44,10,0.6923076923076923,0.3076923076923077,0.006993006993006993,0.04895104895104895,0.1888111888111888,0.02097902097902098,0.04195804195804196,0.02097902097902098,0.06993006993006994,2,0.0,java,spotify/scio,Injector.addLiveTeam
1,2,10,5,1,0,2,0,2,12,14,0,2,33,4,0,2,201,139,62,16,0.6915422885572139,0.30845771144278605,0.014925373134328358,0.05970149253731343,0.16417910447761194,0.0,0.04975124378109453,0.0,0.07960199004975124,4,2.0,java,tcurdt/jdeb,PGPSigner.getSecretKey
1,2,0,0,0,0,0,0,0,1,1,0,0,8,1,1,0,42,27,15,6,0.6428571428571429,0.35714285714285715,0.0,0.023809523809523808,0.19047619047619047,0.023809523809523808,0.0,0.023809523809523808,0.14285714285714285,1,2.0,java,BorderTech/wcomponents,ServletResponse.sendError
1,3,4,2,2,0,0,0,1,8,9,2,4,39,6,3,4,222,154,68,14,0.6936936936936937,0.3063063063063063,0.009009009009009009,0.036036036036036036,0.17567567567567569,0.013513513513513514,0.018018018018018018,0.013513513513513514,0.06306306306306306,3,3.0,java,davidcarboni/restolino,Serialiser.deserialise
1,1,10,5,2,0,0,0,2,10,12,1,3,37,4,5,5,201,135,66,12,0.6716417910447762,0.3283582089552239,0.009950248756218905,0.04975124378109453,0.18407960199004975,0.024875621890547265,0.04975124378109453,0.024875621890547265,0.05970149253731343,3,1.0,java,kaazing/gateway,ByteArrayPool.create
1,0,4,2,3,0,0,0,3,3,3,1,3,14,4,1,5,99,66,33,13,0.6666666666666666,0.3333333333333333,0.030303030303030304,0.030303030303030304,0.1414141414141414,0.010101010101010102,0.04040404040404041,0.010101010101010102,0.13131313131313133,4,0.0,java,JakeWharton/ActionBarSherlock,SearchView.getQueryHint
1,4,0,0,1,0,0,0,2,2,2,0,0,14,1,0,0,62,44,18,7,0.7096774193548387,0.2903225806451613,0.016129032258064516,0.03225806451612903,0.22580645161290322,0.0,0.0,0.0,0.11290322580645161,2,4.0,java,timewalker74/ffmq,StringTools.startsWith
1,1,0,0,1,0,0,0,1,2,4,0,1,14,2,1,2,77,55,22,9,0.7142857142857143,0.2857142857142857,0.012987012987012988,0.025974025974025976,0.18181818181818182,0.012987012987012988,0.0,0.012987012987012988,0.11688311688311688,2,1.0,java,hector-client/hector,HKerberosSecuredThriftClientFactoryImpl.createClient
1,0,6,3,0,0,0,6,0,14,16,5,0,33,18,14,20,575,379,196,23,0.6591304347826087,0.3408695652173913,0.0,0.02434782608695652,0.057391304347826085,0.02434782608695652,0.010434782608695653,0.02434782608695652,0.04,1,0.0,java,dyu/protostuff-1.0.x,ProtoLexer.mOCTAL_ESC
1,2,0,0,0,0,0,0,1,2,2,0,0,7,1,0,1,56,37,19,7,0.6607142857142857,0.3392857142857143,0.0,0.03571428571428571,0.125,0.0,0.0,0.0,0.125,1,2.0,java,apereo/cas,WebUtils.getPasswordlessAuthenticationAccount
1,2,0,0,0,0,0,0,0,3,4,0,0,13,4,1,0,87,58,29,10,0.6666666666666666,0.3333333333333333,0.0,0.034482758620689655,0.14942528735632185,0.011494252873563218,0.0,0.011494252873563218,0.11494252873563218,1,2.0,java,jenkinsci/jenkins,RunIdMigrator.move
1,2,0,0,0,0,0,0,0,1,1,0,0,7,1,1,0,35,23,12,6,0.6571428571428571,0.34285714285714286,0.0,0.02857142857142857,0.2,0.02857142857142857,0.0,0.02857142857142857,0.17142857142857143,1,2.0,java,matthewhorridge/owlapi-gwt,OWLDisjointUnionAxiomImpl_CustomFieldSerializer.deserializeInstance
1,1,0,0,0,0,0,0,1,2,2,0,0,7,1,0,0,42,28,14,8,0.6666666666666666,0.3333333333333333,0.0,0.047619047619047616,0.16666666666666666,0.0,0.0,0.0,0.19047619047619047,1,1.0,java,ben-manes/caffeine,Caffeine.from
1,2,0,0,5,0,0,0,6,12,12,0,2,23,8,0,7,182,124,58,11,0.6813186813186813,0.31868131868131866,0.027472527472527472,0.06593406593406594,0.12637362637362637,0.0,0.0,0.0,0.06043956043956044,6,2.0,java,hsiafan/apk-parser,Locales.match
1,0,0,0,6,0,0,0,1,14,14,0,5,36,12,4,1,280,194,86,17,0.6928571428571428,0.30714285714285716,0.02142857142857143,0.05,0.12857142857142856,0.014285714285714285,0.0,0.014285714285714285,0.060714285714285714,7,0.0,java,alkacon/opencms-core,CmsContainerpageController.reInitInlineEditing
1,1,2,1,1,0,0,0,0,8,8,0,1,21,6,4,4,157,107,50,13,0.6815286624203821,0.3184713375796178,0.006369426751592357,0.050955414012738856,0.1337579617834395,0.025477707006369428,0.012738853503184714,0.025477707006369428,0.08280254777070063,2,1.0,java,xvik/guice-persist-orient,RepositoryModule.loadOptionalExecutor
1,2,2,1,3,0,0,0,1,6,7,2,1,32,5,3,3,195,137,58,14,0.7025641025641025,0.29743589743589743,0.015384615384615385,0.03076923076923077,0.1641025641025641,0.015384615384615385,0.010256410256410256,0.015384615384615385,0.07179487179487179,4,2.0,java,ddf-project/DDF,BasicDDF.afterDeserialization
1,2,2,1,1,0,0,0,0,1,2,0,1,9,2,1,1,62,41,21,9,0.6612903225806451,0.3387096774193548,0.016129032258064516,0.016129032258064516,0.14516129032258066,0.016129032258064516,0.03225806451612903,0.016129032258064516,0.14516129032258066,2,2.0,java,gwtbootstrap3/gwtbootstrap3-extras,SummernoteImageUploadEvent.fire
1,3,2,1,1,0,0,0,1,5,5,5,7,30,3,5,4,153,100,53,10,0.6535947712418301,0.3464052287581699,0.006535947712418301,0.032679738562091505,0.19607843137254902,0.032679738562091505,0.013071895424836602,0.032679738562091505,0.06535947712418301,2,3.0,java,google/j2objc,UCaseProps.getSlotValueAndOffset
1,1,3,2,0,0,0,0,0,4,5,0,0,15,2,2,0,88,60,28,10,0.6818181818181818,0.3181818181818182,0.0,0.045454545454545456,0.17045454545454544,0.022727272727272728,0.03409090909090909,0.022727272727272728,0.11363636363636363,1,1.0,java,Talend/tesb-rt-se,SLPropertiesImpl.addProperty
1,1,2,1,1,0,0,0,2,1,1,0,1,9,1,0,1,47,32,15,7,0.6808510638297872,0.3191489361702128,0.02127659574468085,0.02127659574468085,0.19148936170212766,0.0,0.0425531914893617,0.0,0.14893617021276595,2,1.0,java,hankcs/HanLP,PartOfSpeechTagDictionary.translate
1,0,4,2,0,0,0,0,1,3,4,0,0,10,1,1,0,71,46,25,8,0.647887323943662,0.352112676056338,0.0,0.04225352112676056,0.14084507042253522,0.014084507042253521,0.056338028169014086,0.014084507042253521,0.11267605633802817,1,0.0,java,zaproxy/zaproxy,Context.getNodesInContextFromSiteTree
1,3,2,1,2,0,0,0,0,8,10,2,4,29,3,4,6,186,129,57,10,0.6935483870967742,0.3064516129032258,0.010752688172043012,0.043010752688172046,0.15591397849462366,0.021505376344086023,0.010752688172043012,0.021505376344086023,0.053763440860215055,3,3.0,java,iipc/openwayback,UIResults.forward
1,2,2,1,4,0,0,0,3,16,17,0,6,40,6,5,7,272,186,86,12,0.6838235294117647,0.3161764705882353,0.014705882352941176,0.058823529411764705,0.14705882352941177,0.01838235294117647,0.007352941176470588,0.01838235294117647,0.04411764705882353,5,2.0,java,opencb/biodata,VariantMetadataManager.addIndividual
1,5,12,6,0,0,0,0,0,11,13,1,0,42,1,6,0,192,131,61,8,0.6822916666666666,0.3177083333333333,0.0,0.057291666666666664,0.21875,0.03125,0.0625,0.03125,0.041666666666666664,1,5.0,java,biojava/biojava,StructurePairAligner.align
1,2,2,1,1,0,0,0,2,1,1,0,7,18,2,0,1,89,58,31,9,0.651685393258427,0.34831460674157305,0.011235955056179775,0.011235955056179775,0.20224719101123595,0.0,0.02247191011235955,0.0,0.10112359550561797,2,2.0,java,alibaba/jstorm,WatermarkTimeTriggerPolicy.getNextAlignedWindowTs
2,5,4,2,4,0,0,0,3,11,16,0,4,41,8,0,10,369,250,119,17,0.6775067750677507,0.3224932249322493,0.01084010840108401,0.02981029810298103,0.1111111111111111,0.0,0.01084010840108401,0.0,0.04607046070460705,5,2.5,java,Azure/azure-sdk-for-java,ModelsImpl.getIntentSuggestionsWithServiceResponseAsync
1,1,2,1,0,0,0,0,1,2,2,1,0,9,1,1,2,55,37,18,8,0.6727272727272727,0.32727272727272727,0.0,0.03636363636363636,0.16363636363636364,0.01818181818181818,0.03636363636363636,0.01818181818181818,0.14545454545454545,1,1.0,java,WolfgangFahl/Mediawiki-Japi,MediaWikiApiImpl.normalizeTitle
1,1,4,2,0,0,0,0,1,1,2,0,0,8,1,0,0,65,42,23,8,0.6461538461538462,0.35384615384615387,0.0,0.015384615384615385,0.12307692307692308,0.0,0.06153846153846154,0.0,0.12307692307692308,1,1.0,java,netscaler/nitro,autoscaleaction.get
1,1,16,8,9,0,0,0,4,22,25,0,7,62,13,3,17,476,330,146,14,0.6932773109243697,0.3067226890756303,0.018907563025210083,0.046218487394957986,0.13025210084033614,0.0063025210084033615,0.03361344537815126,0.0063025210084033615,0.029411764705882353,10,1.0,java,avianey/facebook-api-android-maven,Session.handlePermissionResponse
1,2,8,4,1,0,0,0,1,9,11,0,0,32,4,3,0,192,128,64,12,0.6666666666666666,0.3333333333333333,0.005208333333333333,0.046875,0.16666666666666666,0.015625,0.041666666666666664,0.015625,0.0625,2,2.0,java,Axway/Grapes,ArtifactHandler.getArtifactLicenses
1,1,2,1,0,1,0,0,0,1,1,1,1,12,1,1,1,61,40,21,9,0.6557377049180327,0.3442622950819672,0.01639344262295082,0.01639344262295082,0.19672131147540983,0.01639344262295082,0.03278688524590164,0.01639344262295082,0.14754098360655737,2,1.0,java,EdwardRaff/JSAT,Stemmer.applyTo
1,1,0,0,0,0,0,0,1,1,2,0,0,5,1,0,0,47,30,17,9,0.6382978723404256,0.3617021276595745,0.0,0.02127659574468085,0.10638297872340426,0.0,0.0,0.0,0.19148936170212766,1,1.0,java,kaazing/gateway,ResolutionUtils.cloneInterfaces
1,1,8,4,2,1,0,0,3,5,5,0,7,24,3,0,6,142,95,47,11,0.6690140845070423,0.33098591549295775,0.02112676056338028,0.035211267605633804,0.16901408450704225,0.0,0.056338028169014086,0.0,0.07746478873239436,4,1.0,java,OpenLiberty/open-liberty,StatsImpl.getStatistic
1,1,2,1,2,0,0,0,1,3,5,1,3,14,3,4,6,117,78,39,10,0.6666666666666666,0.3333333333333333,0.017094017094017096,0.02564102564102564,0.11965811965811966,0.03418803418803419,0.017094017094017096,0.03418803418803419,0.08547008547008547,3,1.0,java,lastaflute/lastaflute,HtmlResponse.renderWith
1,2,4,2,0,0,0,0,1,6,6,0,0,21,1,0,1,91,64,27,12,0.7032967032967034,0.2967032967032967,0.0,0.06593406593406594,0.23076923076923078,0.0,0.04395604395604396,0.0,0.13186813186813187,1,2.0,java,googleapis/google-cloud-java,LoggingSnippets.updateSink
1,3,0,0,0,0,0,0,1,4,4,0,0,11,1,0,0,54,37,17,9,0.6851851851851852,0.3148148148148148,0.0,0.07407407407407407,0.2037037037037037,0.0,0.0,0.0,0.16666666666666666,1,3.0,java,Azure/azure-sdk-for-java,NetworkWatchersInner.beginGetVMSecurityRules
1,3,9,5,1,0,0,0,2,6,6,0,1,32,2,0,4,179,123,56,11,0.6871508379888268,0.3128491620111732,0.00558659217877095,0.0335195530726257,0.1787709497206704,0.0,0.05027932960893855,0.0,0.061452513966480445,2,3.0,java,micronaut-projects/micronaut-core,AbstractBeanDefinition.getValueForPath
1,1,2,1,0,0,0,0,1,7,7,0,0,16,1,0,1,84,57,27,12,0.6785714285714286,0.32142857142857145,0.0,0.08333333333333333,0.19047619047619047,0.0,0.023809523809523808,0.0,0.14285714285714285,1,1.0,java,molgenis/molgenis,Attribute.getChild
1,1,7,4,3,1,0,0,2,8,8,3,2,41,5,3,3,195,133,62,12,0.6820512820512821,0.31794871794871793,0.020512820512820513,0.041025641025641026,0.21025641025641026,0.015384615384615385,0.035897435897435895,0.015384615384615385,0.06153846153846154,5,1.0,java,landawn/AbacusUtil,StringUtil.swapCase
1,1,0,0,0,0,0,0,1,1,1,0,0,6,1,0,0,37,26,11,7,0.7027027027027027,0.2972972972972973,0.0,0.02702702702702703,0.16216216216216217,0.0,0.0,0.0,0.1891891891891892,1,1.0,java,nats-io/java-nats,NKey.createUser
1,2,36,18,17,0,1,0,2,47,49,11,11,169,19,24,28,970,689,281,18,0.7103092783505155,0.28969072164948456,0.018556701030927835,0.04845360824742268,0.17422680412371133,0.024742268041237112,0.03711340206185567,0.024742268041237112,0.018556701030927835,19,2.0,java,OpenLiberty/open-liberty,NeighbourProxyListener.handleCreateProxySubscription
1,2,0,0,0,0,0,0,1,1,1,0,1,6,1,0,2,37,25,12,7,0.6756756756756757,0.32432432432432434,0.0,0.02702702702702703,0.16216216216216217,0.0,0.0,0.0,0.1891891891891892,1,2.0,java,yan74/afplib,AfplibFactoryImpl.convertFNCFntFlagsToString
1,1,4,2,1,0,0,0,0,8,9,0,3,39,5,3,1,207,146,61,12,0.7053140096618358,0.2946859903381642,0.004830917874396135,0.03864734299516908,0.18840579710144928,0.014492753623188406,0.01932367149758454,0.014492753623188406,0.057971014492753624,2,1.0,java,h2oai/h2o-3,RPC.tcp_ack
1,1,8,4,4,0,0,0,1,15,21,0,5,52,7,0,7,335,235,100,14,0.7014925373134329,0.29850746268656714,0.011940298507462687,0.04477611940298507,0.15522388059701492,0.0,0.023880597014925373,0.0,0.041791044776119404,5,1.0,java,alexa/alexa-skills-kit-sdk-for-java,SkillRequestSignatureVerifier.getAndVerifySigningCertificateChainUrl
1,1,2,1,2,0,0,0,1,2,2,2,1,16,3,2,3,130,89,41,12,0.6846153846153846,0.3153846153846154,0.015384615384615385,0.015384615384615385,0.12307692307692308,0.015384615384615385,0.015384615384615385,0.015384615384615385,0.09230769230769231,3,1.0,java,gallandarakhneorg/afc,SubRoadNetwork.unwrap
1,1,4,2,0,1,0,0,1,4,4,2,0,16,2,3,1,87,59,28,10,0.6781609195402298,0.3218390804597701,0.011494252873563218,0.04597701149425287,0.1839080459770115,0.034482758620689655,0.04597701149425287,0.034482758620689655,0.11494252873563218,2,1.0,java,albfernandez/itext2,Document.setMarginMirroring
1,1,0,0,1,0,0,0,0,2,3,1,1,9,2,3,1,63,41,22,10,0.6507936507936508,0.3492063492063492,0.015873015873015872,0.031746031746031744,0.14285714285714285,0.047619047619047616,0.0,0.047619047619047616,0.15873015873015872,2,1.0,java,alkacon/opencms-core,CmsGalleryTreeEntry.addChild
1,3,4,2,0,0,0,0,1,3,4,0,0,15,1,0,1,97,67,30,9,0.6907216494845361,0.30927835051546393,0.0,0.030927835051546393,0.15463917525773196,0.0,0.041237113402061855,0.0,0.09278350515463918,1,3.0,java,burberius/eve-esi,DogmaApi.getDogmaEffectsEffectIdWithHttpInfo
1,1,2,1,1,0,0,0,1,9,11,1,0,33,2,10,0,159,106,53,9,0.6666666666666666,0.3333333333333333,0.006289308176100629,0.05660377358490566,0.20754716981132076,0.06289308176100629,0.012578616352201259,0.06289308176100629,0.05660377358490566,2,1.0,java,dita-ot/dita-ot,CopyToModule.getProcessingPipe
1,1,0,0,0,0,0,0,0,5,5,0,0,18,1,5,2,74,50,24,7,0.6756756756756757,0.32432432432432434,0.0,0.06756756756756757,0.24324324324324326,0.06756756756756757,0.0,0.06756756756756757,0.0945945945945946,1,1.0,java,spring-projects/spring-boot,ConfigurationPropertiesReportEndpoint.configureObjectMapper
2,2,0,0,0,0,0,0,2,3,4,0,0,10,2,0,0,115,73,42,15,0.6347826086956522,0.3652173913043478,0.0,0.02608695652173913,0.08695652173913043,0.0,0.0,0.0,0.13043478260869565,1,1.0,java,Azure/azure-sdk-for-java,ContainerGroupsInner.listByResourceGroupAsync
1,0,2,1,1,0,0,0,1,3,3,2,0,11,3,2,1,66,43,23,9,0.6515151515151515,0.3484848484848485,0.015151515151515152,0.045454545454545456,0.16666666666666666,0.030303030303030304,0.030303030303030304,0.030303030303030304,0.13636363636363635,2,0.0,java,sebastiangraf/treetank,XPathParser.parseAttributeNameOrWildcard
1,1,22,11,7,0,0,0,2,29,34,7,9,94,13,13,12,530,361,169,16,0.6811320754716981,0.31886792452830187,0.013207547169811321,0.05471698113207547,0.17735849056603772,0.024528301886792454,0.04150943396226415,0.024528301886792454,0.03018867924528302,8,1.0,java,CenturyLinkCloud/mdw,ObjectAdapterActivity.getStubbedResponse
1,0,4,2,1,0,0,0,2,1,1,1,0,15,3,1,0,125,85,40,12,0.68,0.32,0.008,0.008,0.12,0.008,0.032,0.008,0.096,2,0.0,java,googleapis/api-client-staging,Version.getCreatedByBytes
1,3,0,0,0,0,0,0,1,1,1,0,0,8,1,0,1,40,28,12,6,0.7,0.3,0.0,0.025,0.2,0.0,0.0,0.0,0.15,1,3.0,java,gosu-lang/gosu-lang,ParserBase.match
1,3,2,1,0,0,0,0,1,9,9,1,0,28,1,5,5,142,98,44,9,0.6901408450704225,0.30985915492957744,0.0,0.06338028169014084,0.19718309859154928,0.035211267605633804,0.014084507042253521,0.035211267605633804,0.06338028169014084,1,3.0,java,deeplearning4j/deeplearning4j,SDLoss.sparseSoftmaxCrossEntropy
1,4,6,3,2,0,0,0,0,8,8,0,20,43,6,4,14,275,188,87,23,0.6836363636363636,0.31636363636363635,0.007272727272727273,0.02909090909090909,0.15636363636363637,0.014545454545454545,0.02181818181818182,0.014545454545454545,0.08363636363636363,3,4.0,java,Chorus-bdd/Chorus,HandlerManager.runLifecycleMethods
1,1,14,7,4,0,0,0,0,17,18,2,10,67,8,9,2,332,223,109,14,0.6716867469879518,0.32831325301204817,0.012048192771084338,0.05120481927710843,0.20180722891566266,0.02710843373493976,0.04216867469879518,0.02710843373493976,0.04216867469879518,5,1.0,java,mebigfatguy/fb-contrib,ExceptionSoftening.sawOpcode
1,2,2,1,2,0,0,0,1,5,6,0,6,29,3,0,2,146,98,48,18,0.6712328767123288,0.3287671232876712,0.0136986301369863,0.03424657534246575,0.19863013698630136,0.0,0.0136986301369863,0.0,0.1232876712328767,3,2.0,java,jenkinsci/jenkins,ACL.checkCreatePermission
1,0,0,0,1,0,0,0,1,16,16,0,0,41,5,8,6,214,149,65,13,0.6962616822429907,0.3037383177570093,0.004672897196261682,0.07476635514018691,0.19158878504672897,0.037383177570093455,0.0,0.037383177570093455,0.06074766355140187,2,0.0,java,jeremylong/DependencyCheck,AnalysisTask.call
1,1,0,0,1,0,0,0,1,0,1,2,1,6,3,2,2,59,39,20,9,0.6610169491525424,0.3389830508474576,0.01694915254237288,0.0,0.1016949152542373,0.03389830508474576,0.0,0.03389830508474576,0.15254237288135594,2,1.0,java,Azure/azure-sdk-for-java,JobScheduleExistsOptions.withOcpDate
1,0,4,2,0,1,0,0,1,7,7,1,1,19,2,1,1,113,75,38,11,0.6637168141592921,0.336283185840708,0.008849557522123894,0.061946902654867256,0.168141592920354,0.008849557522123894,0.035398230088495575,0.008849557522123894,0.09734513274336283,2,0.0,java,abel533/EasyXls,ExcelConfig.getNames
1,0,1,1,1,0,0,0,2,2,2,0,3,10,2,0,2,62,40,22,8,0.6451612903225806,0.3548387096774194,0.016129032258064516,0.03225806451612903,0.16129032258064516,0.0,0.016129032258064516,0.0,0.12903225806451613,2,0.0,java,micrometer-metrics/micrometer,Tags.and
1,2,8,4,4,0,0,0,0,14,15,3,2,46,7,10,7,265,176,89,19,0.6641509433962264,0.33584905660377357,0.01509433962264151,0.052830188679245285,0.17358490566037735,0.03773584905660377,0.03018867924528302,0.03773584905660377,0.07169811320754717,5,2.0,java,lastaflute/lastaflute,ExecuteArgAnalyzer.analyzeExecuteArg
1,1,12,6,0,0,0,0,1,8,11,1,0,30,3,3,2,199,134,65,11,0.6733668341708543,0.32663316582914576,0.0,0.04020100502512563,0.1507537688442211,0.01507537688442211,0.06030150753768844,0.01507537688442211,0.05527638190954774,1,1.0,java,xwiki/xwiki-commons,MavenBuildExtensionRepository.openStream
1,1,0,0,1,0,0,0,0,4,4,0,0,13,2,1,0,63,42,21,10,0.6666666666666666,0.3333333333333333,0.015873015873015872,0.06349206349206349,0.20634920634920634,0.015873015873015872,0.0,0.015873015873015872,0.15873015873015872,2,1.0,java,VoltDB/voltdb,Grantee.revoke
1,1,0,0,6,0,0,0,6,16,17,0,7,34,7,0,10,234,159,75,13,0.6794871794871795,0.32051282051282054,0.02564102564102564,0.06837606837606838,0.1452991452991453,0.0,0.0,0.0,0.05555555555555555,7,1.0,java,lesaint/damapping,CommonMethodsImpl.useQualifiedReference
1,2,0,0,0,0,0,0,0,5,5,0,0,17,1,3,2,76,54,22,9,0.7105263157894737,0.2894736842105263,0.0,0.06578947368421052,0.2236842105263158,0.039473684210526314,0.0,0.039473684210526314,0.11842105263157894,1,2.0,java,js-lib-com/commons,TextTemplate.put
1,3,24,12,2,0,0,0,0,13,18,1,18,71,10,7,15,488,329,159,19,0.6741803278688525,0.32581967213114754,0.004098360655737705,0.02663934426229508,0.14549180327868852,0.014344262295081968,0.04918032786885246,0.014344262295081968,0.0389344262295082,3,3.0,java,riversun/d6,D6CrudUpdateHelper.map
1,1,0,0,0,0,0,0,1,2,2,0,0,7,1,0,0,77,52,25,9,0.6753246753246753,0.3246753246753247,0.0,0.025974025974025976,0.09090909090909091,0.0,0.0,0.0,0.11688311688311688,1,1.0,java,palatable/lambda,State.zip
2,2,2,1,2,0,0,0,2,9,10,0,3,40,5,3,0,203,137,66,16,0.6748768472906403,0.3251231527093596,0.009852216748768473,0.04433497536945813,0.19704433497536947,0.014778325123152709,0.009852216748768473,0.014778325123152709,0.07881773399014778,3,1.0,java,mp911de/spinach,ClusterAwareNodeSupport.reloadNodes
1,0,6,6,1,0,0,0,1,17,16,6,3,61,3,0,16,304,203,101,15,0.6677631578947368,0.33223684210526316,0.003289473684210526,0.05592105263157895,0.20065789473684212,0.0,0.019736842105263157,0.0,0.049342105263157895,2,0.0,python,bcbio/bcbio-nextgen,_run_wham
1,0,4,4,4,0,0,0,1,2,2,4,0,25,5,0,11,138,98,40,9,0.7101449275362319,0.2898550724637681,0.028985507246376812,0.014492753623188406,0.18115942028985507,0.0,0.028985507246376812,0.0,0.06521739130434782,5,0.0,python,yyuu/botornado,AutoScaleConnection.get_all_policies
1,0,1,1,1,0,0,0,0,2,2,1,0,12,2,0,1,49,32,17,8,0.6530612244897959,0.3469387755102041,0.02040816326530612,0.04081632653061224,0.24489795918367346,0.0,0.02040816326530612,0.0,0.16326530612244897,2,0.0,python,KenjiTakahashi/td,Arg.add
1,0,0,0,2,0,0,0,1,5,5,0,1,22,5,0,3,106,69,37,10,0.6509433962264151,0.3490566037735849,0.018867924528301886,0.04716981132075472,0.20754716981132076,0.0,0.0,0.0,0.09433962264150944,3,0.0,python,SuryaSankar/flask-sqlalchemy-booster,QueryableMixin.add
1,0,11,11,5,3,0,0,2,21,21,11,0,81,15,0,7,344,227,117,16,0.6598837209302325,0.34011627906976744,0.023255813953488372,0.061046511627906974,0.23546511627906977,0.0,0.03197674418604651,0.0,0.046511627906976744,9,0.0,python,Microsoft/nni,GridSearchTuner.json2paramater
1,0,1,1,1,0,0,0,1,2,2,1,1,24,2,0,3,88,62,26,10,0.7045454545454546,0.29545454545454547,0.011363636363636364,0.022727272727272728,0.2727272727272727,0.0,0.011363636363636364,0.0,0.11363636363636363,2,0.0,python,bwohlberg/sporco,TVL1Deconv.cnst_A
1,0,5,5,3,0,1,0,1,9,9,5,0,36,6,0,7,170,111,59,13,0.6529411764705882,0.34705882352941175,0.023529411764705882,0.052941176470588235,0.21176470588235294,0.0,0.029411764705882353,0.0,0.07647058823529412,5,0.0,python,blockstack/pybitcoin,BitcoinKeypair.from_passphrase
1,0,2,2,1,1,0,0,1,2,2,2,0,17,3,0,3,73,49,24,11,0.6712328767123288,0.3287671232876712,0.0273972602739726,0.0273972602739726,0.2328767123287671,0.0,0.0273972602739726,0.0,0.1506849315068493,3,0.0,python,avelkoski/FRB,_convert
1,0,1,1,1,0,0,0,1,5,5,1,0,18,2,0,4,80,53,27,9,0.6625,0.3375,0.0125,0.0625,0.225,0.0,0.0125,0.0,0.1125,2,0.0,python,spyder-ide/spyder,ThumbnailScrollBar.save_all_figures_as
1,0,3,3,1,0,0,0,2,2,2,3,0,23,2,0,8,114,79,35,9,0.6929824561403509,0.30701754385964913,0.008771929824561403,0.017543859649122806,0.20175438596491227,0.0,0.02631578947368421,0.0,0.07894736842105263,2,0.0,python,brentp/cruzdb,ABase.cds
1,0,4,4,1,0,1,0,0,4,4,4,2,28,4,0,6,113,75,38,9,0.6637168141592921,0.336283185840708,0.017699115044247787,0.035398230088495575,0.24778761061946902,0.0,0.035398230088495575,0.0,0.07964601769911504,3,0.0,python,williballenthin/python-evtx,FileHeader.chunks
1,0,2,2,2,0,0,0,0,1,1,2,1,13,3,0,2,56,36,20,10,0.6428571428571429,0.35714285714285715,0.03571428571428571,0.017857142857142856,0.23214285714285715,0.0,0.03571428571428571,0.0,0.17857142857142858,3,0.0,python,KieranWynn/pyquaternion,Quaternion._normalise
1,0,26,26,8,3,0,0,3,32,32,26,22,210,25,0,55,996,681,315,15,0.6837349397590361,0.31626506024096385,0.01104417670682731,0.0321285140562249,0.21084337349397592,0.0,0.02610441767068273,0.0,0.015060240963855422,12,0.0,python,ArduPilot/MAVProxy,AsterixModule.idle_task
1,0,0,0,0,0,0,0,1,2,2,0,3,16,1,0,2,66,44,22,10,0.6666666666666666,0.3333333333333333,0.0,0.030303030303030304,0.24242424242424243,0.0,0.0,0.0,0.15151515151515152,1,0.0,python,lk-geimfari/mimesis,Random.uniform
1,0,1,1,0,0,0,0,1,2,1,1,0,19,1,0,1,75,50,25,10,0.6666666666666666,0.3333333333333333,0.0,0.02666666666666667,0.25333333333333335,0.0,0.013333333333333334,0.0,0.13333333333333333,1,0.0,python,CivicSpleen/ambry,SourceColumn.dict
1,0,10,10,2,0,0,0,1,11,11,10,0,133,3,0,10,469,330,139,12,0.7036247334754797,0.29637526652452023,0.0042643923240938165,0.023454157782515993,0.2835820895522388,0.0,0.021321961620469083,0.0,0.0255863539445629,3,0.0,python,Azure/blobxfer,EncryptionMetadata.convert_to_json_with_mac
1,0,1,1,3,1,0,0,4,5,5,1,0,22,6,0,9,116,77,39,9,0.6637931034482759,0.33620689655172414,0.034482758620689655,0.04310344827586207,0.1896551724137931,0.0,0.008620689655172414,0.0,0.07758620689655173,5,0.0,python,spacetelescope/stsci.tools,unlearn
1,0,2,2,0,0,0,0,1,2,2,2,0,14,1,0,2,57,39,18,7,0.6842105263157895,0.3157894736842105,0.0,0.03508771929824561,0.24561403508771928,0.0,0.03508771929824561,0.0,0.12280701754385964,1,0.0,python,fprimex/zdesk,ZendeskAPI.organization_field_show
2,0,0,0,0,0,0,0,2,2,2,0,0,18,2,0,4,84,59,25,10,0.7023809523809523,0.2976190476190476,0.0,0.023809523809523808,0.21428571428571427,0.0,0.0,0.0,0.11904761904761904,1,0.0,python,michaelpb/omnic,CommandParser.subcommand
1,0,1,1,0,0,0,0,1,2,2,1,0,12,1,0,1,43,29,14,8,0.6744186046511628,0.32558139534883723,0.0,0.046511627906976744,0.27906976744186046,0.0,0.023255813953488372,0.0,0.18604651162790697,1,0.0,python,ultrabug/py3status,Block.new_block
1,0,0,0,0,1,0,0,0,3,3,0,2,14,2,0,4,71,49,22,12,0.6901408450704225,0.30985915492957744,0.014084507042253521,0.04225352112676056,0.19718309859154928,0.0,0.0,0.0,0.16901408450704225,2,0.0,python,TrafficSenseMSD/SumoTools,vehicleTypes2flt
1,0,17,17,4,1,0,0,1,29,29,17,9,153,7,0,27,632,430,202,13,0.680379746835443,0.31962025316455694,0.007911392405063292,0.04588607594936709,0.24208860759493672,0.0,0.02689873417721519,0.0,0.020569620253164556,6,0.0,python,tensorflow/cleverhans,model_eval
1,0,2,2,0,0,0,0,1,3,3,2,0,15,1,0,1,51,35,16,7,0.6862745098039216,0.3137254901960784,0.0,0.058823529411764705,0.29411764705882354,0.0,0.0392156862745098,0.0,0.13725490196078433,1,0.0,python,benmoran56/esper,texture_from_image
1,0,4,4,3,1,1,0,0,11,11,4,1,47,10,0,8,231,152,79,17,0.658008658008658,0.341991341991342,0.021645021645021644,0.047619047619047616,0.20346320346320346,0.0,0.017316017316017316,0.0,0.0735930735930736,6,0.0,python,JamesPHoughton/pysd,Macro.initialize
1,0,0,0,3,0,0,0,1,9,9,0,2,33,4,0,3,143,92,51,11,0.6433566433566433,0.35664335664335667,0.02097902097902098,0.06293706293706294,0.23076923076923078,0.0,0.0,0.0,0.07692307692307693,4,0.0,python,Bystroushaak/BalancedDiscStorage,BalancedDiscStorage.delete_by_path
1,0,6,6,7,0,0,0,1,8,8,6,1,55,14,0,20,286,198,88,16,0.6923076923076923,0.3076923076923077,0.024475524475524476,0.027972027972027972,0.19230769230769232,0.0,0.02097902097902098,0.0,0.055944055944055944,8,0.0,python,SheffieldML/GPy,DescreteStateSpace._check_grad_measurement_matrices
1,0,1,1,1,0,0,0,2,4,4,1,1,13,2,0,3,75,48,27,9,0.64,0.36,0.013333333333333334,0.05333333333333334,0.17333333333333334,0.0,0.013333333333333334,0.0,0.12,2,0.0,python,jkwill87/mapi,has_provider_support
1,0,1,1,0,1,0,0,0,1,1,1,0,12,2,0,4,62,42,20,9,0.6774193548387096,0.3225806451612903,0.016129032258064516,0.016129032258064516,0.1935483870967742,0.0,0.016129032258064516,0.0,0.14516129032258066,2,0.0,python,yatiml/yatiml,Node.unders_to_dashes_in_keys
1,0,8,8,7,0,0,0,1,18,18,8,0,78,10,0,29,425,291,134,12,0.6847058823529412,0.31529411764705884,0.01647058823529412,0.042352941176470586,0.18352941176470589,0.0,0.018823529411764704,0.0,0.02823529411764706,8,0.0,python,SatelliteQE/nailgun,Host.read
1,0,3,3,1,1,0,0,0,1,1,3,0,25,3,0,5,94,67,27,9,0.7127659574468085,0.2872340425531915,0.02127659574468085,0.010638297872340425,0.26595744680851063,0.0,0.031914893617021274,0.0,0.09574468085106383,3,0.0,python,pypa/pipenv,ParserElement.split
1,0,3,3,1,0,0,0,2,4,4,3,0,27,3,0,8,145,98,47,11,0.6758620689655173,0.32413793103448274,0.006896551724137931,0.027586206896551724,0.18620689655172415,0.0,0.020689655172413793,0.0,0.07586206896551724,2,0.0,python,nitmir/django-cas-server,LoginView.check_lt
1,0,2,2,0,1,0,0,0,4,4,2,0,23,2,0,1,82,56,26,10,0.6829268292682927,0.3170731707317073,0.012195121951219513,0.04878048780487805,0.2804878048780488,0.0,0.024390243902439025,0.0,0.12195121951219512,2,0.0,python,Jaymon/prom,Orm._populate
2,0,6,6,2,1,0,0,2,7,7,6,1,34,5,0,6,154,101,53,14,0.6558441558441559,0.34415584415584416,0.01948051948051948,0.045454545454545456,0.22077922077922077,0.0,0.03896103896103896,0.0,0.09090909090909091,4,0.0,python,limodou/uliweb,parse_options_header
1,0,3,3,3,0,0,0,1,4,4,3,0,30,4,0,10,153,104,49,11,0.6797385620915033,0.3202614379084967,0.0196078431372549,0.026143790849673203,0.19607843137254902,0.0,0.0196078431372549,0.0,0.0718954248366013,4,0.0,python,maas/python-libmaas,cmd_deploy._get_deploy_options
1,0,1,1,1,0,0,0,0,2,2,1,0,12,2,0,1,48,31,17,8,0.6458333333333334,0.3541666666666667,0.020833333333333332,0.041666666666666664,0.25,0.0,0.020833333333333332,0.0,0.16666666666666666,2,0.0,python,delfick/nose-of-yeti,ConfigUtil.use_config_file
1,0,6,6,3,1,0,0,1,9,9,6,2,43,9,0,13,235,155,80,14,0.6595744680851063,0.3404255319148936,0.01702127659574468,0.03829787234042553,0.1829787234042553,0.0,0.02553191489361702,0.0,0.059574468085106386,5,0.0,python,mitsei/dlkit,ValueRetrievalSession.get_value_by_parameter
1,0,3,3,1,0,0,0,1,10,10,3,0,39,3,0,7,174,114,60,11,0.6551724137931034,0.3448275862068966,0.005747126436781609,0.05747126436781609,0.22413793103448276,0.0,0.017241379310344827,0.0,0.06321839080459771,2,0.0,python,kejbaly2/idid,GitLogg._init_repo
1,0,1,1,0,0,0,0,1,4,4,1,0,13,1,0,1,51,35,16,8,0.6862745098039216,0.3137254901960784,0.0,0.0784313725490196,0.2549019607843137,0.0,0.0196078431372549,0.0,0.1568627450980392,1,0.0,python,NLeSC/noodles,run_xenon_simple
1,0,4,4,4,1,0,0,1,11,11,4,0,32,9,0,13,201,127,74,17,0.6318407960199005,0.3681592039800995,0.024875621890547265,0.05472636815920398,0.15920398009950248,0.0,0.01990049751243781,0.0,0.0845771144278607,6,0.0,python,apple/turicreate,_SnakeCaseToCamelCase
1,0,0,0,0,0,0,0,0,1,1,0,0,11,1,0,1,39,29,10,6,0.7435897435897436,0.2564102564102564,0.0,0.02564102564102564,0.28205128205128205,0.0,0.0,0.0,0.15384615384615385,1,0.0,python,cds-astro/mocpy,MOC.fill
1,0,0,0,1,0,0,0,0,2,2,0,0,12,2,0,2,50,33,17,7,0.66,0.34,0.02,0.04,0.24,0.0,0.0,0.0,0.14,2,0.0,python,miyakogi/wdom,WdomElement.textContent
1,0,3,3,0,0,0,0,1,3,3,3,0,22,1,0,5,95,67,28,8,0.7052631578947368,0.29473684210526313,0.0,0.031578947368421054,0.23157894736842105,0.0,0.031578947368421054,0.0,0.08421052631578947,1,0.0,python,MechanicalSoup/MechanicalSoup,StatefulBrowser.follow_link
1,0,1,1,2,1,0,0,1,5,5,1,2,27,6,0,9,133,88,45,14,0.6616541353383458,0.3383458646616541,0.022556390977443608,0.03759398496240601,0.20300751879699247,0.0,0.007518796992481203,0.0,0.10526315789473684,4,0.0,python,INM-6/hybridLFPy,get_colors
1,0,5,5,3,0,0,0,1,7,7,5,0,42,4,0,11,182,125,57,9,0.6868131868131868,0.3131868131868132,0.016483516483516484,0.038461538461538464,0.23076923076923078,0.0,0.027472527472527472,0.0,0.04945054945054945,4,0.0,python,ArduPilot/MAVProxy,MiscModule.cmd_playtune
1,0,1,1,0,0,0,0,1,7,7,1,3,20,1,0,5,97,62,35,12,0.6391752577319587,0.36082474226804123,0.0,0.07216494845360824,0.20618556701030927,0.0,0.010309278350515464,0.0,0.12371134020618557,1,0.0,python,bukun/TorCMS,MPost.query_recent_most
1,0,0,0,1,0,0,0,3,2,2,0,0,14,4,0,1,68,44,24,9,0.6470588235294118,0.35294117647058826,0.014705882352941176,0.029411764705882353,0.20588235294117646,0.0,0.0,0.0,0.1323529411764706,2,0.0,python,kylef/refract.py,Element.children
1,0,2,2,0,0,0,0,1,5,5,2,0,15,3,0,1,74,46,28,11,0.6216216216216216,0.3783783783783784,0.0,0.06756756756756757,0.20270270270270271,0.0,0.02702702702702703,0.0,0.14864864864864866,1,0.0,python,saltstack/salt,network_stop
1,0,2,2,0,0,0,0,1,3,3,2,0,21,1,0,3,83,58,25,10,0.6987951807228916,0.30120481927710846,0.0,0.03614457831325301,0.25301204819277107,0.0,0.024096385542168676,0.0,0.12048192771084337,1,0.0,python,KeithSSmith/switcheo-python,AuthenticatedClient.execute_deposit
1,0,1,1,0,0,0,0,1,3,3,1,0,16,1,0,5,65,47,18,8,0.7230769230769231,0.27692307692307694,0.0,0.046153846153846156,0.24615384615384617,0.0,0.015384615384615385,0.0,0.12307692307692308,1,0.0,python,saltstack/salt,smembers
1,0,1,1,0,0,0,0,1,1,1,1,0,11,2,0,1,46,29,17,9,0.6304347826086957,0.3695652173913043,0.0,0.021739130434782608,0.2391304347826087,0.0,0.021739130434782608,0.0,0.1956521739130435,1,0.0,python,maxcountryman/atomos,AtomicCtypesReference.set
1,0,1,1,0,0,0,0,0,3,3,1,0,14,1,0,1,58,39,19,7,0.6724137931034483,0.3275862068965517,0.0,0.05172413793103448,0.2413793103448276,0.0,0.017241379310344827,0.0,0.1206896551724138,1,0.0,python,ic-labs/django-icekit,AbstractBaseModel.save
1,0,2,2,1,0,0,0,1,1,1,2,1,9,3,0,6,61,41,20,8,0.6721311475409836,0.32786885245901637,0.01639344262295082,0.01639344262295082,0.14754098360655737,0.0,0.03278688524590164,0.0,0.13114754098360656,2,0.0,python,ontio/ontology-python-sdk,BinaryReader.read_uint32
1,0,20,20,14,1,0,0,1,20,20,20,9,157,24,0,56,869,572,297,18,0.6582278481012658,0.34177215189873417,0.01726121979286536,0.023014959723820484,0.1806674338319908,0.0,0.023014959723820484,0.0,0.020713463751438434,16,0.0,python,echinopsii/net.echinopsii.ariane.community.cli.python3,LinkService.find_link
1,0,0,0,0,0,0,0,0,2,2,0,0,11,1,0,2,46,31,15,6,0.6739130434782609,0.32608695652173914,0.0,0.043478260869565216,0.2391304347826087,0.0,0.0,0.0,0.13043478260869565,1,0.0,python,bitcraze/crazyflie-lib-python,Crazyflie._mems_updated_cb
1,0,2,2,1,0,0,0,1,5,5,2,1,21,3,0,3,97,61,36,10,0.6288659793814433,0.3711340206185567,0.010309278350515464,0.05154639175257732,0.21649484536082475,0.0,0.020618556701030927,0.0,0.10309278350515463,2,0.0,python,SUSE-Enceladus/ipa,get_yaml_config
1,0,0,0,3,0,0,0,0,6,6,0,1,44,7,0,5,168,114,54,12,0.6785714285714286,0.32142857142857145,0.017857142857142856,0.03571428571428571,0.2619047619047619,0.0,0.0,0.0,0.07142857142857142,4,0.0,python,autokey/autokey,XInterfaceBase.send_string_clipboard
1,0,0,0,2,0,0,0,3,1,1,0,0,17,5,0,3,83,53,30,11,0.6385542168674698,0.3614457831325301,0.024096385542168676,0.012048192771084338,0.20481927710843373,0.0,0.0,0.0,0.13253012048192772,3,0.0,python,Shizmob/pydle,BasicClient._reconnect_delay
1,0,9,9,3,1,0,0,1,9,9,9,0,74,5,0,2,241,164,77,17,0.6804979253112033,0.31950207468879666,0.016597510373443983,0.03734439834024896,0.3070539419087137,0.0,0.03734439834024896,0.0,0.07053941908713693,5,0.0,python,raiden-network/raiden,handle_unlock
1,0,0,0,0,0,0,0,0,2,2,0,0,10,1,0,2,42,29,13,6,0.6904761904761905,0.30952380952380953,0.0,0.047619047619047616,0.23809523809523808,0.0,0.0,0.0,0.14285714285714285,1,0.0,python,nugget/python-insteonplm,LinkedDevices.add_device_callback
2,0,1,1,0,0,1,0,2,6,6,1,1,21,3,0,6,118,78,40,12,0.6610169491525424,0.3389830508474576,0.00847457627118644,0.05084745762711865,0.17796610169491525,0.0,0.00847457627118644,0.0,0.1016949152542373,2,0.0,python,jessamynsmith/twitterbot,MarkovChainMessageProvider.create
1,0,1,1,0,0,0,0,0,2,2,1,0,10,1,0,4,58,40,18,9,0.6896551724137931,0.3103448275862069,0.0,0.034482758620689655,0.1724137931034483,0.0,0.017241379310344827,0.0,0.15517241379310345,1,0.0,python,AtomHash/evernode,FormData.__invalid_request
1,0,2,2,0,0,0,0,0,4,4,2,0,16,3,0,3,83,54,29,10,0.6506024096385542,0.3493975903614458,0.0,0.04819277108433735,0.1927710843373494,0.0,0.024096385542168676,0.0,0.12048192771084337,1,0.0,python,twaldear/flask-csp,csp_default.update
1,0,6,6,2,1,0,0,1,13,13,6,0,57,5,0,12,270,181,89,13,0.6703703703703704,0.3296296296296296,0.011111111111111112,0.04814814814814815,0.2111111111111111,0.0,0.022222222222222223,0.0,0.04814814814814815,4,0.0,python,Karaage-Cluster/karaage,application_list
1,0,9,9,5,1,0,0,1,11,11,9,0,69,9,0,11,268,184,84,12,0.6865671641791045,0.31343283582089554,0.022388059701492536,0.041044776119402986,0.2574626865671642,0.0,0.033582089552238806,0.0,0.04477611940298507,7,0.0,python,pypa/pipenv,create_connection
1,0,4,4,0,0,0,0,1,6,6,4,0,26,1,0,5,117,78,39,9,0.6666666666666666,0.3333333333333333,0.0,0.05128205128205128,0.2222222222222222,0.0,0.03418803418803419,0.0,0.07692307692307693,1,0.0,python,IBM/pyxcli,MirroredEntities.get_host_port_names
1,0,0,0,0,0,0,0,1,4,4,0,0,10,1,0,1,49,31,18,10,0.6326530612244898,0.3673469387755102,0.0,0.08163265306122448,0.20408163265306123,0.0,0.0,0.0,0.20408163265306123,1,0.0,python,fabioz/PyDev.Debugger,isroutine
1,0,1,1,1,0,0,0,1,8,8,1,0,27,2,0,5,121,81,40,11,0.6694214876033058,0.3305785123966942,0.008264462809917356,0.06611570247933884,0.2231404958677686,0.0,0.008264462809917356,0.0,0.09090909090909091,2,0.0,python,PSPC-SPAC-buyandsell/von_anchor,Tails.dir
1,0,3,3,2,0,0,0,1,5,5,3,0,23,3,0,5,100,66,34,10,0.66,0.34,0.02,0.05,0.23,0.0,0.03,0.0,0.1,3,0.0,python,NLeSC/scriptcwl,WorkflowGenerator._get_step
1,0,7,7,4,0,0,0,1,11,11,7,1,53,8,0,3,203,135,68,12,0.6650246305418719,0.33497536945812806,0.019704433497536946,0.054187192118226604,0.26108374384236455,0.0,0.034482758620689655,0.0,0.059113300492610835,5,0.0,python,LeKono/pyhgnc,QueryManager._limit_and_df
1,0,4,4,1,0,0,0,1,2,2,4,0,21,2,0,6,95,67,28,8,0.7052631578947368,0.29473684210526313,0.010526315789473684,0.021052631578947368,0.22105263157894736,0.0,0.042105263157894736,0.0,0.08421052631578947,2,0.0,python,VonStruddle/PyHunter,PyHunter.create_leads_list
1,0,0,0,0,0,0,0,1,3,2,0,0,10,1,0,1,43,28,15,11,0.6511627906976745,0.3488372093023256,0.0,0.06976744186046512,0.23255813953488372,0.0,0.0,0.0,0.2558139534883721,1,0.0,python,wmayner/pyphi,KPartition.mechanism
1,0,2,2,0,0,0,0,1,7,7,2,0,26,5,0,7,131,86,45,10,0.6564885496183206,0.3435114503816794,0.0,0.05343511450381679,0.1984732824427481,0.0,0.015267175572519083,0.0,0.07633587786259542,1,0.0,python,napalm-automation/napalm-logs,ClientAuth.decrypt
1,0,0,0,0,0,0,0,1,1,1,0,0,11,1,0,2,44,31,13,6,0.7045454545454546,0.29545454545454547,0.0,0.022727272727272728,0.25,0.0,0.0,0.0,0.13636363636363635,1,0.0,python,eumis/pyviews,convert_to_node
1,0,1,1,0,0,0,0,1,3,3,1,0,11,1,0,2,53,35,18,8,0.660377358490566,0.33962264150943394,0.0,0.05660377358490566,0.20754716981132076,0.0,0.018867924528301886,0.0,0.1509433962264151,1,0.0,python,DataBiosphere/toil,Message.from_sqs
1,0,0,0,1,0,0,0,0,2,2,0,0,11,2,0,2,50,33,17,9,0.66,0.34,0.02,0.04,0.22,0.0,0.0,0.0,0.18,2,0.0,python,vpelletier/python-libusb1,USBPoller.unregister
1,0,1,1,0,0,0,0,0,2,2,1,0,12,1,0,2,54,37,17,8,0.6851851851851852,0.3148148148148148,0.0,0.037037037037037035,0.2222222222222222,0.0,0.018518518518518517,0.0,0.14814814814814814,1,0.0,python,vertexproject/synapse,runItemCmdr
1,0,0,0,1,0,0,0,2,5,5,0,0,16,2,0,13,128,91,37,12,0.7109375,0.2890625,0.0078125,0.0390625,0.125,0.0,0.0,0.0,0.09375,2,0.0,python,SatelliteQE/nailgun,Repository.path
1,0,10,10,3,2,0,0,0,11,11,10,0,78,12,0,18,356,244,112,12,0.6853932584269663,0.3146067415730337,0.014044943820224719,0.03089887640449438,0.21910112359550563,0.0,0.028089887640449437,0.0,0.033707865168539325,6,0.0,python,ArchiveTeam/wpull,ElementWalker.iter_links_element
1,0,3,3,0,0,0,0,1,1,1,3,0,15,3,0,1,66,43,23,10,0.6515151515151515,0.3484848484848485,0.0,0.015151515151515152,0.22727272727272727,0.0,0.045454545454545456,0.0,0.15151515151515152,1,0.0,python,nutechsoftware/alarmdecoder,EventHandler._getfunctionlist
1,0,2,2,0,0,0,0,1,3,3,2,0,15,1,0,3,66,45,21,9,0.6818181818181818,0.3181818181818182,0.0,0.045454545454545456,0.22727272727272727,0.0,0.030303030303030304,0.0,0.13636363636363635,1,0.0,python,senaite/senaite.jsonapi,FileFieldManager.get_download_url
1,0,2,2,1,0,0,0,2,3,3,2,0,20,3,0,4,94,65,29,10,0.6914893617021277,0.30851063829787234,0.010638297872340425,0.031914893617021274,0.2127659574468085,0.0,0.02127659574468085,0.0,0.10638297872340426,2,0.0,python,tradenity/python-sdk,ReturnLineItem.replace_return_line_item_by_id
1,0,0,0,2,2,0,0,0,3,3,0,0,27,5,0,2,112,77,35,12,0.6875,0.3125,0.03571428571428571,0.026785714285714284,0.24107142857142858,0.0,0.0,0.0,0.10714285714285714,5,0.0,python,jbarlow83/OCRmyPDF,_find_regular_images
1,0,3,3,1,0,0,0,1,12,12,3,0,47,2,0,18,241,167,74,13,0.6929460580912863,0.3070539419087137,0.004149377593360996,0.04979253112033195,0.1950207468879668,0.0,0.012448132780082987,0.0,0.05394190871369295,2,0.0,python,ambitioninc/newrelic-api,Servers.list
1,0,0,0,0,0,0,0,1,2,2,0,0,12,1,0,1,43,30,13,7,0.6976744186046512,0.3023255813953488,0.0,0.046511627906976744,0.27906976744186046,0.0,0.0,0.0,0.16279069767441862,1,0.0,python,crs4/pydoop,hdfs.set_replication
2,0,3,3,1,0,0,0,2,2,2,3,0,19,3,0,5,108,73,35,11,0.6759259259259259,0.32407407407407407,0.009259259259259259,0.018518518518518517,0.17592592592592593,0.0,0.027777777777777776,0.0,0.10185185185185185,2,0.0,python,peterdemin/pip-compile-multi,skipper
1,0,5,5,0,0,0,0,1,1,1,5,0,23,1,0,7,90,67,23,7,0.7444444444444445,0.25555555555555554,0.0,0.011111111111111112,0.25555555555555554,0.0,0.05555555555555555,0.0,0.07777777777777778,1,0.0,python,mandiant/ioc_writer,make_driveritem_drivername
1,0,5,5,4,2,0,0,3,9,9,5,0,68,9,0,20,319,227,92,13,0.7115987460815048,0.2884012539184953,0.018808777429467086,0.02821316614420063,0.21316614420062696,0.0,0.01567398119122257,0.0,0.04075235109717868,7,0.0,python,saltstack/salt,setenv
1,0,2,2,1,0,0,0,0,3,3,2,0,19,2,0,3,71,49,22,9,0.6901408450704225,0.30985915492957744,0.014084507042253521,0.04225352112676056,0.2676056338028169,0.0,0.028169014084507043,0.0,0.1267605633802817,2,0.0,python,a1ezzz/wasp-general,WSimpleTrackerStorage.register_start
1,0,0,0,0,2,0,0,0,2,2,0,0,10,3,0,2,48,32,16,8,0.6666666666666666,0.3333333333333333,0.041666666666666664,0.041666666666666664,0.20833333333333334,0.0,0.0,0.0,0.16666666666666666,3,0.0,python,tanghaibao/jcvi,Counter.elements
1,0,6,6,5,1,0,0,3,14,14,6,1,66,10,0,19,314,213,101,12,0.678343949044586,0.321656050955414,0.01910828025477707,0.044585987261146494,0.21019108280254778,0.0,0.01910828025477707,0.0,0.03821656050955414,7,0.0,python,saltstack/salt,delete_alarms
1,0,14,14,4,0,0,0,1,5,5,14,4,49,7,0,18,262,179,83,13,0.683206106870229,0.31679389312977096,0.015267175572519083,0.019083969465648856,0.18702290076335878,0.0,0.05343511450381679,0.0,0.04961832061068702,5,0.0,python,nccgroup/opinel,connect_service
1,0,3,3,0,0,0,0,1,4,4,3,0,18,1,0,3,76,52,24,7,0.6842105263157895,0.3157894736842105,0.0,0.05263157894736842,0.23684210526315788,0.0,0.039473684210526314,0.0,0.09210526315789473,1,0.0,python,twisted/txaws,S3Client._parse_versioning_config
1,0,1,1,0,1,0,0,1,3,3,1,0,14,2,0,1,58,38,20,9,0.6551724137931034,0.3448275862068966,0.017241379310344827,0.05172413793103448,0.2413793103448276,0.0,0.017241379310344827,0.0,0.15517241379310345,2,0.0,python,pmorissette/bt,Node.members
1,0,1,1,0,0,0,0,1,3,3,1,0,17,2,0,2,67,45,22,10,0.6716417910447762,0.3283582089552239,0.0,0.04477611940298507,0.2537313432835821,0.0,0.014925373134328358,0.0,0.14925373134328357,1,0.0,python,infothrill/python-launchd,write
1,0,6,6,3,2,0,0,1,15,15,6,0,55,7,0,12,276,183,93,15,0.6630434782608695,0.33695652173913043,0.018115942028985508,0.05434782608695652,0.19927536231884058,0.0,0.021739130434782608,0.0,0.05434782608695652,6,0.0,python,skorch-dev/skorch,NeuralNet._set_params_callback
1,0,1,1,1,0,0,0,0,2,2,1,0,11,2,0,2,48,31,17,8,0.6458333333333334,0.3541666666666667,0.020833333333333332,0.041666666666666664,0.22916666666666666,0.0,0.020833333333333332,0.0,0.16666666666666666,2,0.0,python,spyder-ide/spyder,EditorStack.set_or_edit_conditional_breakpoint
1,0,23,23,5,0,0,0,2,34,33,23,5,159,9,0,54,802,558,244,22,0.6957605985037406,0.30423940149625933,0.006234413965087282,0.04239401496259352,0.19825436408977556,0.0,0.028678304239401497,0.0,0.02743142144638404,6,0.0,python,bcbio/bcbio-nextgen,_run_vardict_paired
1,0,1,1,1,1,0,0,1,6,6,1,2,23,4,0,2,106,69,37,13,0.6509433962264151,0.3490566037735849,0.018867924528301886,0.05660377358490566,0.2169811320754717,0.0,0.009433962264150943,0.0,0.12264150943396226,3,0.0,python,seomoz/shovel,Shovel.keys
1,0,3,3,1,0,0,0,1,7,7,3,3,30,2,0,9,143,95,48,10,0.6643356643356644,0.3356643356643357,0.006993006993006993,0.04895104895104895,0.2097902097902098,0.0,0.02097902097902098,0.0,0.06993006993006994,2,0.0,python,aio-libs/aiodocker,Docker._docker_machine_ssl_context
1,0,1,1,0,0,0,0,0,1,1,1,0,10,1,0,2,41,28,13,7,0.6829268292682927,0.3170731707317073,0.0,0.024390243902439025,0.24390243902439024,0.0,0.024390243902439025,0.0,0.17073170731707318,1,0.0,python,praw-dev/prawcore,DeviceIDAuthorizer.refresh
1,0,5,5,3,1,0,0,1,2,2,5,0,31,6,0,10,150,104,46,13,0.6933333333333334,0.30666666666666664,0.02666666666666667,0.013333333333333334,0.20666666666666667,0.0,0.03333333333333333,0.0,0.08666666666666667,5,0.0,python,jilljenn/tryalgo,intervals_union
1,0,1,1,1,1,0,0,1,4,4,1,1,23,3,0,4,108,77,31,11,0.7129629629629629,0.28703703703703703,0.018518518518518517,0.037037037037037035,0.21296296296296297,0.0,0.009259259259259259,0.0,0.10185185185185185,3,0.0,python,proycon/clam,CLAMClient.start
1,0,2,2,2,0,0,0,0,3,3,2,0,15,3,0,17,146,106,40,11,0.726027397260274,0.273972602739726,0.0136986301369863,0.02054794520547945,0.10273972602739725,0.0,0.0136986301369863,0.0,0.07534246575342465,3,0.0,python,wavefrontHQ/python-client,SavedSearch.entity_type
1,0,5,5,0,0,0,0,1,5,5,5,0,29,1,0,15,176,126,50,9,0.7159090909090909,0.2840909090909091,0.0,0.028409090909090908,0.16477272727272727,0.0,0.028409090909090908,0.0,0.05113636363636364,1,0.0,python,SoCo/SoCo,SoCo.create_sonos_playlist
1,0,1,1,0,0,0,0,1,2,2,1,0,15,1,0,2,58,40,18,7,0.6896551724137931,0.3103448275862069,0.0,0.034482758620689655,0.25862068965517243,0.0,0.017241379310344827,0.0,0.1206896551724138,1,0.0,python,hozn/stravalib,Client.get_running_race
1,0,3,3,3,1,0,0,1,4,4,3,1,31,5,0,3,122,83,39,15,0.680327868852459,0.319672131147541,0.03278688524590164,0.03278688524590164,0.2540983606557377,0.0,0.02459016393442623,0.0,0.12295081967213115,5,0.0,python,mikemaccana/python-docx,replace
1,0,3,3,0,0,0,0,1,1,1,3,1,20,1,0,4,69,49,20,6,0.7101449275362319,0.2898550724637681,0.0,0.014492753623188406,0.2898550724637681,0.0,0.043478260869565216,0.0,0.08695652173913043,1,0.0,python,honzajavorek/redis-collections,RedisCollection._normalize_index
1,0,5,5,2,0,0,0,0,10,10,5,0,51,5,0,23,291,199,92,11,0.6838487972508591,0.3161512027491409,0.006872852233676976,0.03436426116838488,0.17525773195876287,0.0,0.01718213058419244,0.0,0.037800687285223365,3,0.0,python,watchforstock/evohome-client,EvohomeClient._basic_login
1,0,5,5,2,0,0,0,1,38,38,5,10,180,7,0,46,879,588,291,20,0.6689419795221843,0.3310580204778157,0.0022753128555176336,0.04323094425483504,0.20477815699658702,0.0,0.005688282138794084,0.0,0.022753128555176336,3,0.0,python,openego/eTraGo,storage_soc_sorted
1,0,0,0,2,0,0,0,2,3,3,0,0,14,4,0,3,69,44,25,8,0.6376811594202898,0.36231884057971014,0.028985507246376812,0.043478260869565216,0.2028985507246377,0.0,0.0,0.0,0.11594202898550725,3,0.0,python,RockFeng0/rtsf-web,WebActions.UploadType
1,0,1,1,0,1,0,0,0,2,2,1,0,15,2,0,2,64,44,20,8,0.6875,0.3125,0.015625,0.03125,0.234375,0.0,0.015625,0.0,0.125,2,0.0,python,gwastro/pycbc,BaseInferenceFile.copy_metadata
1,0,3,3,2,0,0,0,3,4,4,3,0,22,3,0,10,125,86,39,9,0.688,0.312,0.016,0.032,0.176,0.0,0.024,0.0,0.072,3,0.0,python,saltstack/salt,set_warndays
1,0,1,1,1,0,0,0,2,3,3,1,0,18,2,0,4,75,51,24,8,0.68,0.32,0.013333333333333334,0.04,0.24,0.0,0.013333333333333334,0.0,0.10666666666666667,2,0.0,python,hyperledger/sawtooth-core,ContextManager.add_execution_data
1,0,1,1,0,0,1,0,1,5,5,1,0,13,4,0,6,95,62,33,11,0.6526315789473685,0.3473684210526316,0.010526315789473684,0.05263157894736842,0.1368421052631579,0.0,0.010526315789473684,0.0,0.11578947368421053,2,0.0,python,pingviini/aja,get_buildout_config
1,0,0,0,0,0,0,0,1,3,3,0,0,12,1,0,1,52,35,17,11,0.6730769230769231,0.3269230769230769,0.0,0.057692307692307696,0.23076923076923078,0.0,0.0,0.0,0.21153846153846154,1,0.0,python,spencerahill/aospy,_get_all_objs_of_type
1,0,2,2,2,0,0,0,3,2,2,2,0,21,6,0,11,135,90,45,12,0.6666666666666666,0.3333333333333333,0.014814814814814815,0.014814814814814815,0.15555555555555556,0.0,0.014814814814814815,0.0,0.08888888888888889,3,0.0,python,scarface-4711/denonavr,DenonAVR._play
1,0,0,0,0,0,0,0,2,5,5,0,0,30,3,0,5,113,82,31,11,0.7256637168141593,0.2743362831858407,0.0,0.04424778761061947,0.26548672566371684,0.0,0.0,0.0,0.09734513274336283,1,0.0,python,DarkEnergySurvey/ugali,query_disc
1,0,6,6,0,2,0,0,1,6,6,6,4,39,4,0,5,161,108,53,13,0.6708074534161491,0.32919254658385094,0.012422360248447204,0.037267080745341616,0.2422360248447205,0.0,0.037267080745341616,0.0,0.08074534161490683,3,0.0,python,flo-compbio/genometools,get_project_urls
1,0,3,3,0,0,0,0,1,4,4,3,0,23,1,0,2,81,56,25,7,0.691358024691358,0.30864197530864196,0.0,0.04938271604938271,0.2839506172839506,0.0,0.037037037037037035,0.0,0.08641975308641975,1,0.0,python,ARMmbed/mbed-cloud-sdk-python,DeviceDirectoryAPI.list_queries
1,0,9,9,1,1,0,0,0,11,11,9,1,60,3,0,18,312,218,94,9,0.6987179487179487,0.30128205128205127,0.00641025641025641,0.035256410256410256,0.19230769230769232,0.0,0.028846153846153848,0.0,0.028846153846153848,3,0.0,python,aichaos/rivescript-python,RiveScript.sort_replies
1,0,16,16,5,0,0,0,1,25,25,16,4,126,11,0,22,583,393,190,14,0.6740994854202401,0.3259005145797599,0.008576329331046312,0.04288164665523156,0.21612349914236706,0.0,0.0274442538593482,0.0,0.024013722126929673,6,0.0,python,botstory/botstory,execute
1,0,1,1,1,1,0,0,1,3,3,1,0,13,3,0,1,59,38,21,9,0.6440677966101694,0.3559322033898305,0.03389830508474576,0.05084745762711865,0.22033898305084745,0.0,0.01694915254237288,0.0,0.15254237288135594,3,0.0,python,has2k1/plotnine,get_calculated_aes
1,0,2,2,0,0,0,0,1,2,2,2,1,34,1,0,11,155,112,43,9,0.7225806451612903,0.27741935483870966,0.0,0.012903225806451613,0.21935483870967742,0.0,0.012903225806451613,0.0,0.05806451612903226,1,0.0,python,Esri/ArcREST,GeometryService.project
1,0,0,0,0,0,0,0,1,1,1,0,0,14,1,0,3,55,39,16,7,0.7090909090909091,0.2909090909090909,0.0,0.01818181818181818,0.2545454545454545,0.0,0.0,0.0,0.12727272727272726,1,0.0,python,nion-software/nionswift,HardwareSource.create_record_task
1,0,4,4,1,1,0,0,1,5,5,4,0,43,3,0,3,167,112,55,11,0.6706586826347305,0.32934131736526945,0.011976047904191617,0.029940119760479042,0.25748502994011974,0.0,0.023952095808383235,0.0,0.0658682634730539,3,0.0,python,thiagopbueno/rddl2tf,TensorFluent._aggregation_op
1,0,3,3,1,0,1,0,1,5,5,3,0,22,3,0,4,104,67,37,13,0.6442307692307693,0.3557692307692308,0.019230769230769232,0.04807692307692308,0.21153846153846154,0.0,0.028846153846153848,0.0,0.125,3,0.0,python,ryan-roemer/django-cloud-browser,CloudObject.smart_content_encoding
1,0,15,15,4,1,0,0,2,10,10,15,12,129,8,0,16,501,354,147,15,0.7065868263473054,0.2934131736526946,0.00998003992015968,0.01996007984031936,0.25748502994011974,0.0,0.029940119760479042,0.0,0.029940119760479042,6,0.0,python,vlukes/dicom2fem,find_map
1,0,0,0,1,0,0,0,0,5,5,0,0,25,4,0,4,106,72,34,9,0.6792452830188679,0.32075471698113206,0.009433962264150943,0.04716981132075472,0.2358490566037736,0.0,0.0,0.0,0.08490566037735849,2,0.0,python,avladev/pypro,exception_handler
1,0,0,0,1,0,0,0,1,3,3,0,0,11,2,0,1,56,35,21,8,0.625,0.375,0.017857142857142856,0.05357142857142857,0.19642857142857142,0.0,0.0,0.0,0.14285714285714285,2,0.0,python,mitsei/dlkit,AssessmentManager.get_item_bank_assignment_session
1,0,7,7,2,0,0,0,1,5,5,7,2,31,4,0,12,157,109,48,11,0.6942675159235668,0.3057324840764331,0.012738853503184714,0.03184713375796178,0.19745222929936307,0.0,0.044585987261146494,0.0,0.07006369426751592,3,0.0,python,davenquinn/Attitude,apparent_dip_correction
2,0,10,10,2,5,0,0,2,18,18,10,0,108,9,0,10,422,293,129,13,0.6943127962085308,0.3056872037914692,0.016587677725118485,0.04265402843601896,0.2559241706161137,0.0,0.023696682464454975,0.0,0.030805687203791468,8,0.0,python,pyviz/holoviews,DimensionedPlot._traverse_options
1,0,3,3,2,0,0,0,3,6,6,3,0,27,4,0,6,129,85,44,11,0.6589147286821705,0.34108527131782945,0.015503875968992248,0.046511627906976744,0.20930232558139536,0.0,0.023255813953488372,0.0,0.08527131782945736,3,0.0,python,yolothreat/utilitybelt,urlvoid_check
1,0,1,1,0,0,0,0,0,2,2,1,0,19,1,0,4,81,59,22,7,0.7283950617283951,0.2716049382716049,0.0,0.024691358024691357,0.2345679012345679,0.0,0.012345679012345678,0.0,0.08641975308641975,1,0.0,python,devopshq/artifactory,ArtifactoryPath.deploy_deb
1,0,3,3,4,0,0,0,1,13,13,3,1,47,10,0,17,289,189,100,14,0.6539792387543253,0.3460207612456747,0.01384083044982699,0.04498269896193772,0.16262975778546712,0.0,0.010380622837370242,0.0,0.04844290657439446,5,0.0,python,pycampers/ampy,Files.ls
1,0,7,7,0,1,0,0,0,7,7,7,0,52,3,0,14,253,174,79,12,0.6877470355731226,0.31225296442687744,0.003952569169960474,0.02766798418972332,0.20553359683794467,0.0,0.02766798418972332,0.0,0.04743083003952569,2,0.0,python,cltk/cltk,PrettyPrint.html_print_file
1,0,5,5,3,0,0,0,1,5,5,5,1,44,5,0,8,164,115,49,10,0.7012195121951219,0.29878048780487804,0.018292682926829267,0.03048780487804878,0.2682926829268293,0.0,0.03048780487804878,0.0,0.06097560975609756,4,0.0,python,agoragames/leaderboard-python,Leaderboard.members_from_rank_range_in
1,0,1,1,2,0,0,0,3,3,3,1,0,25,5,0,2,102,66,36,12,0.6470588235294118,0.35294117647058826,0.0196078431372549,0.029411764705882353,0.24509803921568626,0.0,0.00980392156862745,0.0,0.11764705882352941,3,0.0,python,coopernurse/barrister,Struct.field
1,0,1,1,0,0,0,0,2,3,3,1,0,14,3,0,5,81,53,28,13,0.654320987654321,0.345679012345679,0.0,0.037037037037037035,0.1728395061728395,0.0,0.012345679012345678,0.0,0.16049382716049382,1,0.0,python,hvac/hvac,Client.list
1,0,11,11,2,2,0,0,0,14,14,11,10,72,7,0,15,324,225,99,12,0.6944444444444444,0.3055555555555556,0.012345679012345678,0.043209876543209874,0.2222222222222222,0.0,0.033950617283950615,0.0,0.037037037037037035,5,0.0,python,holtjma/msbwt,decompressBWT
1,0,9,9,4,0,0,0,1,14,14,9,0,75,7,0,12,309,211,98,14,0.6828478964401294,0.31715210355987056,0.012944983818770227,0.045307443365695796,0.24271844660194175,0.0,0.02912621359223301,0.0,0.045307443365695796,5,0.0,python,sebp/scikit-survival,Surv.from_arrays
1,0,2,2,0,0,0,0,1,4,4,2,0,18,1,0,1,64,43,21,7,0.671875,0.328125,0.0,0.0625,0.28125,0.0,0.03125,0.0,0.109375,1,0.0,python,materialsproject/pymatgen,OrderDisorderElementComparator.are_equal
1,0,0,0,1,0,0,0,2,5,5,0,1,16,3,0,2,78,52,26,11,0.6666666666666666,0.3333333333333333,0.01282051282051282,0.0641025641025641,0.20512820512820512,0.0,0.0,0.0,0.14102564102564102,2,0.0,python,quantopian/zipline,maybe_from_tuple
1,0,16,16,5,3,0,0,0,34,34,16,1,161,17,0,56,834,578,256,14,0.6930455635491607,0.3069544364508393,0.009592326139088728,0.0407673860911271,0.19304556354916066,0.0,0.019184652278177457,0.0,0.016786570743405275,9,0.0,python,guaix-ucm/numina,main
1,0,3,3,0,0,0,0,1,1,1,3,0,12,1,0,4,56,38,18,7,0.6785714285714286,0.32142857142857145,0.0,0.017857142857142856,0.21428571428571427,0.0,0.05357142857142857,0.0,0.125,1,0.0,python,PythonCharmers/python-future,_get_caller_globals_and_locals
1,0,2,2,1,0,0,0,2,2,2,2,0,19,3,0,5,103,64,39,10,0.6213592233009708,0.3786407766990291,0.009708737864077669,0.019417475728155338,0.18446601941747573,0.0,0.019417475728155338,0.0,0.0970873786407767,2,0.0,python,brettcannon/gidgethub,_parse_content_type
1,0,7,7,3,1,0,0,0,21,20,7,0,100,6,0,10,405,274,131,13,0.6765432098765433,0.3234567901234568,0.009876543209876543,0.05185185185185185,0.24691358024691357,0.0,0.01728395061728395,0.0,0.03209876543209877,5,0.0,python,delfick/aws_syncr,Collector.prepare
1,0,20,20,7,2,0,0,2,13,13,20,31,107,12,0,49,596,403,193,15,0.6761744966442953,0.3238255033557047,0.015100671140939598,0.02181208053691275,0.17953020134228187,0.0,0.03355704697986577,0.0,0.025167785234899327,10,0.0,python,spacetelescope/stsci.tools,IrafPar.pretty
1,0,1,1,0,0,0,0,1,2,2,1,0,15,1,0,2,64,45,19,7,0.703125,0.296875,0.0,0.03125,0.234375,0.0,0.015625,0.0,0.109375,1,0.0,python,razorpay/razorpay-python,Transfer.reversals
1,0,0,0,0,0,0,0,0,1,1,0,0,11,1,0,1,40,27,13,7,0.675,0.325,0.0,0.025,0.275,0.0,0.0,0.0,0.175,1,0.0,python,NASA-AMMOS/AIT-Core,StreamCaptureManagerServer.start
1,0,0,0,0,0,0,0,1,3,3,0,0,17,1,0,1,63,44,19,13,0.6984126984126984,0.30158730158730157,0.0,0.047619047619047616,0.2698412698412698,0.0,0.0,0.0,0.20634920634920634,1,0.0,python,riga/tfdeploy,Max
1,0,8,8,6,1,0,0,1,17,17,8,7,91,8,0,18,401,273,128,21,0.6807980049875312,0.3192019950124688,0.017456359102244388,0.04239401496259352,0.22693266832917705,0.0,0.0199501246882793,0.0,0.05236907730673317,8,0.0,python,astrocatalogs/astrocats,Catalog.journal_entries
1,0,4,4,1,0,0,0,1,8,8,4,0,34,4,0,12,179,118,61,12,0.659217877094972,0.3407821229050279,0.00558659217877095,0.0446927374301676,0.18994413407821228,0.0,0.0223463687150838,0.0,0.0670391061452514,2,0.0,python,Telefonica/toolium,DriverWrapper.get_config_window_bounds
1,0,12,12,4,2,0,0,1,8,8,12,0,66,10,0,31,431,308,123,14,0.7146171693735499,0.2853828306264501,0.013921113689095127,0.018561484918793503,0.1531322505800464,0.0,0.027842227378190254,0.0,0.03248259860788863,7,0.0,python,bitprophet/ssh,SSHConfig._expand_variables
1,0,5,5,2,0,0,0,1,10,10,5,0,44,4,0,6,189,134,55,11,0.708994708994709,0.291005291005291,0.010582010582010581,0.05291005291005291,0.2328042328042328,0.0,0.026455026455026454,0.0,0.0582010582010582,3,0.0,python,bwohlberg/sporco,get_module_members
1,0,3,3,0,0,0,0,1,3,3,3,1,25,1,0,11,126,91,35,8,0.7222222222222222,0.2777777777777778,0.0,0.023809523809523808,0.1984126984126984,0.0,0.023809523809523808,0.0,0.06349206349206349,1,0.0,python,devision-io/metasdk,MediaService.upload
1,0,13,13,12,0,1,0,1,23,23,13,0,133,25,0,42,707,471,236,20,0.6661951909476662,0.3338048090523338,0.018387553041018388,0.03253182461103253,0.18811881188118812,0.0,0.018387553041018388,0.0,0.028288543140028287,14,0.0,python,ultrabug/py3status,ConfigParser.parse
1,0,13,13,0,0,0,0,1,31,31,13,2,82,1,0,32,469,314,155,13,0.6695095948827292,0.3304904051172708,0.0,0.06609808102345416,0.17484008528784648,0.0,0.02771855010660981,0.0,0.02771855010660981,1,0.0,python,timeyyy/apptools,get_active_window_pos
1,0,4,4,0,0,0,0,1,0,0,4,7,17,1,0,5,67,47,20,7,0.7014925373134329,0.29850746268656714,0.0,0.0,0.2537313432835821,0.0,0.05970149253731343,0.0,0.1044776119402985,1,0.0,python,JdeRobot/base,demix1
1,0,0,0,0,0,0,0,0,5,5,0,0,10,1,0,1,53,33,20,11,0.6226415094339622,0.37735849056603776,0.0,0.09433962264150944,0.18867924528301888,0.0,0.0,0.0,0.20754716981132076,1,0.0,python,ironfroggy/django-better-cache,CacheModel.from_miss
1,0,9,9,3,0,0,0,1,9,9,9,2,54,9,0,7,226,153,73,14,0.6769911504424779,0.3230088495575221,0.01327433628318584,0.03982300884955752,0.23893805309734514,0.0,0.03982300884955752,0.0,0.061946902654867256,4,0.0,python,jonathf/chaospy,sample_dist.sample
1,0,1,1,1,0,0,0,0,5,5,1,0,14,2,0,2,81,51,30,10,0.6296296296296297,0.37037037037037035,0.012345679012345678,0.06172839506172839,0.1728395061728395,0.0,0.012345679012345678,0.0,0.12345679012345678,2,0.0,python,mitsei/dlkit,AssessmentOfferedForm.clear_duration
1,0,2,2,1,1,0,0,1,4,4,2,2,39,3,0,5,150,102,48,13,0.68,0.32,0.013333333333333334,0.02666666666666667,0.26,0.0,0.013333333333333334,0.0,0.08666666666666667,3,0.0,python,Esri/ArcREST,UsageReports.reports
1,0,0,0,1,0,0,0,2,1,1,0,1,11,4,0,4,62,40,22,11,0.6451612903225806,0.3548387096774194,0.016129032258064516,0.016129032258064516,0.1774193548387097,0.0,0.0,0.0,0.1774193548387097,2,0.0,python,pandas-dev/pandas,DataFrame._get_agg_axis
1,0,2,2,1,0,0,0,1,1,1,2,4,13,3,0,5,68,45,23,9,0.6617647058823529,0.3382352941176471,0.014705882352941176,0.014705882352941176,0.19117647058823528,0.0,0.029411764705882353,0.0,0.1323529411764706,2,0.0,python,acutesoftware/AIKIF,Value.match_value_to_text
1,0,2,2,2,0,0,0,1,3,3,2,3,49,3,0,7,181,128,53,10,0.7071823204419889,0.292817679558011,0.011049723756906077,0.016574585635359115,0.27071823204419887,0.0,0.011049723756906077,0.0,0.055248618784530384,3,0.0,python,SeabornGames/RequestClient,ConnectionBasic._create_api_call
1,0,2,2,2,0,0,0,1,6,6,2,1,31,3,0,1,112,75,37,9,0.6696428571428571,0.33035714285714285,0.017857142857142856,0.05357142857142857,0.2767857142857143,0.0,0.017857142857142856,0.0,0.08035714285714286,3,0.0,python,fabioz/PyDev.Debugger,Process.read
1,0,1,1,0,0,0,0,1,3,3,1,0,12,1,0,1,47,31,16,8,0.6595744680851063,0.3404255319148936,0.0,0.06382978723404255,0.2553191489361702,0.0,0.02127659574468085,0.0,0.1702127659574468,1,0.0,python,ARMmbed/mbed-cloud-sdk-python,UpdateAPI.get_firmware_image
1,0,6,6,3,0,0,0,0,4,4,6,2,41,6,0,10,174,122,52,10,0.7011494252873564,0.2988505747126437,0.017241379310344827,0.022988505747126436,0.23563218390804597,0.0,0.034482758620689655,0.0,0.05747126436781609,4,0.0,python,mapmyfitness/jtime,log
1,0,2,2,0,0,0,0,0,6,6,2,0,27,4,0,2,114,73,41,11,0.6403508771929824,0.35964912280701755,0.0,0.05263157894736842,0.23684210526315788,0.0,0.017543859649122806,0.0,0.09649122807017543,1,0.0,python,twisted/vertex,PTCPConnection.connectionJustEstablished
1,0,3,3,0,0,0,0,0,4,4,3,0,19,1,0,2,70,46,24,8,0.6571428571428571,0.34285714285714286,0.0,0.05714285714285714,0.2714285714285714,0.0,0.04285714285714286,0.0,0.11428571428571428,1,0.0,python,welbornprod/colr,ColorCode._init_hex
1,0,3,3,0,0,0,0,0,9,9,3,1,23,1,0,5,105,70,35,11,0.6666666666666666,0.3333333333333333,0.0,0.08571428571428572,0.21904761904761905,0.0,0.02857142857142857,0.0,0.10476190476190476,1,0.0,python,yamcs/yamcs-python,print_packet_range
1,0,0,0,0,0,0,0,0,3,3,0,0,11,1,0,4,56,39,17,6,0.6964285714285714,0.30357142857142855,0.0,0.05357142857142857,0.19642857142857142,0.0,0.0,0.0,0.10714285714285714,1,0.0,python,bsmurphy/PyKrige,UniversalKriging.print_statistics
1,0,3,3,0,0,0,0,1,4,4,3,0,21,1,0,4,89,62,27,8,0.6966292134831461,0.30337078651685395,0.0,0.0449438202247191,0.23595505617977527,0.0,0.033707865168539325,0.0,0.0898876404494382,1,0.0,python,googleapis/google-cloud-python,get_signed_query_params_v2
1,0,0,0,1,0,0,0,1,3,3,0,0,14,2,0,1,64,44,20,8,0.6875,0.3125,0.015625,0.046875,0.21875,0.0,0.0,0.0,0.125,2,0.0,python,mitsei/dlkit,AssessmentProxyManager.get_assessment_results_session_for_bank
1,0,5,5,2,0,0,0,1,13,13,5,3,36,7,0,17,245,158,87,15,0.6448979591836734,0.3551020408163265,0.00816326530612245,0.053061224489795916,0.1469387755102041,0.0,0.02040816326530612,0.0,0.061224489795918366,3,0.0,python,tgbugs/pyontutils,id_fix
1,0,2,2,0,0,0,0,1,2,2,2,0,15,1,0,4,70,48,22,8,0.6857142857142857,0.3142857142857143,0.0,0.02857142857142857,0.21428571428571427,0.0,0.02857142857142857,0.0,0.11428571428571428,1,0.0,python,jpvanhal/flask-split,_is_robot
1,0,0,0,0,0,0,0,1,2,2,0,0,14,1,0,3,62,44,18,10,0.7096774193548387,0.2903225806451613,0.0,0.03225806451612903,0.22580645161290322,0.0,0.0,0.0,0.16129032258064516,1,0.0,python,mozilla-releng/scriptworker,get_single_upstream_artifact_full_path
1,0,5,5,0,0,0,0,0,8,8,5,0,43,1,0,4,140,101,39,8,0.7214285714285714,0.2785714285714286,0.0,0.05714285714285714,0.30714285714285716,0.0,0.03571428571428571,0.0,0.05714285714285714,1,0.0,python,apache/incubator-mxnet,KVStore._set_updater
1,0,1,1,2,0,0,0,3,1,1,1,0,21,3,0,3,77,53,24,7,0.6883116883116883,0.3116883116883117,0.025974025974025976,0.012987012987012988,0.2727272727272727,0.0,0.012987012987012988,0.0,0.09090909090909091,3,0.0,python,iotile/coretools,PersistGraphRecord.MatchQuality
1,0,8,8,4,4,0,0,1,20,20,8,2,73,11,0,13,335,225,110,19,0.6716417910447762,0.3283582089552239,0.023880597014925373,0.05970149253731343,0.21791044776119403,0.0,0.023880597014925373,0.0,0.056716417910447764,9,0.0,python,django-leonardo/django-leonardo,find_all_templates
1,0,0,0,1,0,0,0,2,2,2,0,0,12,3,0,1,55,35,20,8,0.6363636363636364,0.36363636363636365,0.01818181818181818,0.03636363636363636,0.21818181818181817,0.0,0.0,0.0,0.14545454545454545,2,0.0,python,kieferk/dfply,mean
1,0,3,3,0,0,0,0,1,4,4,3,0,20,1,0,7,101,70,31,7,0.693069306930693,0.3069306930693069,0.0,0.039603960396039604,0.19801980198019803,0.0,0.0297029702970297,0.0,0.06930693069306931,1,0.0,python,alorence/pysvg-py3,ShapeBuilder.createPolyline
1,0,1,1,0,0,0,0,1,2,2,1,0,15,1,0,1,52,37,15,7,0.7115384615384616,0.28846153846153844,0.0,0.038461538461538464,0.28846153846153844,0.0,0.019230769230769232,0.0,0.1346153846153846,1,0.0,python,graphql-python/graphql-core,GraphQLQuiverCloudBackend.make_post_request
1,0,4,4,2,2,1,0,1,5,5,4,0,30,6,0,3,120,80,40,11,0.6666666666666666,0.3333333333333333,0.041666666666666664,0.041666666666666664,0.25,0.0,0.03333333333333333,0.0,0.09166666666666666,6,0.0,python,DLR-RM/RAFCON,reduce_to_parent_states
1,0,2,2,0,0,0,0,0,4,4,2,0,18,1,0,3,70,49,21,9,0.7,0.3,0.0,0.05714285714285714,0.2571428571428571,0.0,0.02857142857142857,0.0,0.12857142857142856,1,0.0,python,alexhayes/django-toolkit,EmailMultiRelated.attach_related_file
2,0,5,5,4,0,0,0,2,9,9,5,1,50,7,0,7,221,154,67,12,0.6968325791855203,0.3031674208144796,0.01809954751131222,0.04072398190045249,0.22624434389140272,0.0,0.02262443438914027,0.0,0.05429864253393665,5,0.0,python,google/grr,DualDBSystemCronJob
1,0,1,1,1,0,0,0,1,3,3,1,0,12,2,0,2,56,37,19,9,0.6607142857142857,0.3392857142857143,0.017857142857142856,0.05357142857142857,0.21428571428571427,0.0,0.017857142857142856,0.0,0.16071428571428573,2,0.0,python,the01/python-flotils,Loadable.load_settings
1,0,3,3,2,0,0,0,1,1,1,3,0,23,5,0,1,83,58,25,10,0.6987951807228916,0.30120481927710846,0.024096385542168676,0.012048192771084338,0.27710843373493976,0.0,0.03614457831325301,0.0,0.12048192771084337,3,0.0,python,fkarb/xltable,Table.get_data
1,0,6,6,3,0,0,0,0,11,11,6,0,53,7,0,15,262,178,84,15,0.6793893129770993,0.32061068702290074,0.011450381679389313,0.04198473282442748,0.20229007633587787,0.0,0.022900763358778626,0.0,0.05725190839694656,4,0.0,python,Gwildor/Pyromancer,Match.msg
1,0,5,5,6,0,0,0,3,8,8,5,0,42,8,0,10,198,133,65,12,0.6717171717171717,0.3282828282828283,0.030303030303030304,0.04040404040404041,0.21212121212121213,0.0,0.025252525252525252,0.0,0.06060606060606061,7,0.0,python,michael-lazar/rtv,Terminal.clean
1,0,2,2,1,1,0,0,0,5,4,2,3,32,3,0,4,140,95,45,12,0.6785714285714286,0.32142857142857145,0.014285714285714285,0.03571428571428571,0.22857142857142856,0.0,0.014285714285714285,0.0,0.08571428571428572,3,0.0,python,cisco-sas/kitty,GraphModel.check_loops_in_grpah
1,0,0,0,1,0,0,0,0,1,1,0,0,13,2,0,3,57,40,17,8,0.7017543859649122,0.2982456140350877,0.017543859649122806,0.017543859649122806,0.22807017543859648,0.0,0.0,0.0,0.14035087719298245,2,0.0,python,fabioz/PyDev.Debugger,SimpleXMLRPCRequestHandler.log_request
1,0,8,8,2,0,0,0,0,15,15,8,1,105,15,0,31,564,388,176,13,0.6879432624113475,0.3120567375886525,0.0035460992907801418,0.026595744680851064,0.18617021276595744,0.0,0.014184397163120567,0.0,0.02304964539007092,3,0.0,python,dlintott/gns3-converter,Node.add_device_items
1,0,0,0,0,0,0,0,0,2,2,0,0,10,1,0,1,37,25,12,6,0.6756756756756757,0.32432432432432434,0.0,0.05405405405405406,0.2702702702702703,0.0,0.0,0.0,0.16216216216216217,1,0.0,python,CivicSpleen/ambry,Bundle.exception
1,0,4,4,2,0,0,0,2,11,11,4,0,63,5,0,10,254,182,72,10,0.7165354330708661,0.28346456692913385,0.007874015748031496,0.04330708661417323,0.24803149606299213,0.0,0.015748031496062992,0.0,0.03937007874015748,3,0.0,python,quantopian/zipline,ensure_treasury_data
1,0,3,3,1,0,0,0,0,6,6,3,0,26,3,0,3,121,80,41,11,0.6611570247933884,0.33884297520661155,0.008264462809917356,0.049586776859504134,0.21487603305785125,0.0,0.024793388429752067,0.0,0.09090909090909091,2,0.0,python,diging/tethne,WoSParser.postprocess_WC
1,0,6,6,0,0,0,0,1,14,14,6,12,50,1,0,15,217,152,65,11,0.7004608294930875,0.2995391705069124,0.0,0.06451612903225806,0.2304147465437788,0.0,0.027649769585253458,0.0,0.05069124423963134,1,0.0,python,QUANTAXIS/QUANTAXIS,QA_indicator_RSI
1,0,4,4,1,2,0,0,1,3,3,4,11,44,5,0,5,158,109,49,18,0.689873417721519,0.310126582278481,0.0189873417721519,0.0189873417721519,0.27848101265822783,0.0,0.02531645569620253,0.0,0.11392405063291139,4,0.0,python,SHTOOLS/SHTOOLS,_time_variable_part
1,0,2,2,0,0,0,0,1,2,2,2,0,18,1,0,2,67,45,22,6,0.6716417910447762,0.3283582089552239,0.0,0.029850746268656716,0.26865671641791045,0.0,0.029850746268656716,0.0,0.08955223880597014,1,0.0,python,radujica/baloo,Cache.cache_intermediate_result
1,0,3,3,1,0,0,0,1,4,4,3,2,28,2,0,3,105,73,32,10,0.6952380952380952,0.3047619047619048,0.009523809523809525,0.0380952380952381,0.26666666666666666,0.0,0.02857142857142857,0.0,0.09523809523809523,2,0.0,python,asciimoo/drawille,Canvas.set
1,0,11,11,8,0,0,0,0,44,44,11,12,198,14,0,34,845,573,272,11,0.6781065088757396,0.32189349112426036,0.009467455621301775,0.05207100591715976,0.23431952662721894,0.0,0.01301775147928994,0.0,0.01301775147928994,9,0.0,python,conchoecia/gloTK,BaseWrapper.run
1,0,7,7,0,0,0,0,1,7,7,7,0,66,1,0,6,211,152,59,8,0.7203791469194313,0.2796208530805687,0.0,0.03317535545023697,0.3127962085308057,0.0,0.03317535545023697,0.0,0.037914691943127965,1,0.0,python,oseledets/ttpy,eigb
1,0,2,2,1,1,1,0,1,4,4,2,3,30,5,0,11,139,97,42,15,0.697841726618705,0.302158273381295,0.02158273381294964,0.02877697841726619,0.2158273381294964,0.0,0.014388489208633094,0.0,0.1079136690647482,4,0.0,python,PmagPy/PmagPy,unpack
1,0,11,11,2,0,0,0,1,5,5,11,7,36,5,0,17,179,123,56,10,0.6871508379888268,0.3128491620111732,0.0111731843575419,0.027932960893854747,0.2011173184357542,0.0,0.061452513966480445,0.0,0.055865921787709494,3,0.0,python,crocs-muni/roca,RocaFingerprinter.mark_and_add_effort
1,0,3,3,1,0,2,0,0,2,2,3,0,15,5,0,4,79,51,28,11,0.6455696202531646,0.35443037974683544,0.0379746835443038,0.02531645569620253,0.189873417721519,0.0,0.0379746835443038,0.0,0.13924050632911392,4,0.0,python,maxfischer2781/chainlet,printlet
1,0,0,0,0,0,0,0,1,1,1,0,0,16,1,0,3,58,42,16,7,0.7241379310344828,0.27586206896551724,0.0,0.017241379310344827,0.27586206896551724,0.0,0.0,0.0,0.1206896551724138,1,0.0,python,markovmodel/msmtools,ReactiveFlux.pathways
1,0,1,1,1,0,0,0,0,1,1,1,0,11,2,0,1,42,28,14,7,0.6666666666666666,0.3333333333333333,0.023809523809523808,0.023809523809523808,0.2619047619047619,0.0,0.023809523809523808,0.0,0.16666666666666666,2,0.0,python,ddorn/GUI,SimpleText.color
1,0,1,1,0,0,0,0,1,3,3,1,0,28,1,0,13,142,116,26,9,0.8169014084507042,0.18309859154929578,0.0,0.02112676056338028,0.19718309859154928,0.0,0.007042253521126761,0.0,0.06338028169014084,1,0.0,python,manns/pyspread,libvlc_audio_set_callbacks
1,0,4,4,1,1,0,0,1,14,14,4,0,50,3,0,5,202,137,65,13,0.6782178217821783,0.3217821782178218,0.009900990099009901,0.06930693069306931,0.24752475247524752,0.0,0.019801980198019802,0.0,0.06435643564356436,3,0.0,python,AndresMWeber/Nomenclate,NameParser.get_string_camel_patterns
1,0,4,4,2,1,0,0,3,8,8,4,0,34,6,0,9,163,111,52,9,0.6809815950920245,0.31901840490797545,0.018404907975460124,0.049079754601226995,0.2085889570552147,0.0,0.024539877300613498,0.0,0.05521472392638037,4,0.0,python,OpenTreeOfLife/peyotl,GitActionBase._get_changed_docs
1,0,2,2,0,0,0,0,1,4,4,2,0,14,1,0,1,55,36,19,8,0.6545454545454545,0.34545454545454546,0.0,0.07272727272727272,0.2545454545454545,0.0,0.03636363636363636,0.0,0.14545454545454545,1,0.0,python,google/pyu2f,LinuxHidDevice.Read
1,0,1,1,1,1,0,0,2,4,3,1,0,18,3,0,3,79,52,27,12,0.6582278481012658,0.34177215189873417,0.02531645569620253,0.05063291139240506,0.22784810126582278,0.0,0.012658227848101266,0.0,0.1518987341772152,3,0.0,python,jeffh/pyconstraints,BacktrackingSolver.satisfies_constraints
1,0,3,3,4,1,0,0,0,18,18,3,0,82,6,0,8,312,212,100,15,0.6794871794871795,0.32051282051282054,0.016025641025641024,0.057692307692307696,0.26282051282051283,0.0,0.009615384615384616,0.0,0.04807692307692308,6,0.0,python,materialsproject/pymatgen,Flow.show_history
1,0,0,0,2,1,0,0,0,2,2,0,0,19,5,0,1,80,53,27,13,0.6625,0.3375,0.0375,0.025,0.2375,0.0,0.0,0.0,0.1625,4,0.0,python,jaseg/python-mpv,MPV.unregister_message_handler
1,0,4,4,3,0,0,0,3,0,0,4,4,33,6,0,6,134,89,45,9,0.664179104477612,0.3358208955223881,0.022388059701492536,0.0,0.2462686567164179,0.0,0.029850746268656716,0.0,0.06716417910447761,4,0.0,python,sanger-pathogens/ariba,sam_pair_to_insert
1,0,8,8,3,2,0,0,1,46,46,8,0,98,8,0,64,792,528,264,17,0.6666666666666666,0.3333333333333333,0.006313131313131313,0.05808080808080808,0.12373737373737374,0.0,0.010101010101010102,0.0,0.021464646464646464,6,0.0,python,belbio/bel,hash_nanopub
1,0,4,4,1,1,0,0,1,5,5,4,1,20,5,0,9,145,95,50,14,0.6551724137931034,0.3448275862068966,0.013793103448275862,0.034482758620689655,0.13793103448275862,0.0,0.027586206896551724,0.0,0.09655172413793103,3,0.0,python,bcbio/bcbio-nextgen,locale_export
1,0,8,8,1,0,0,0,1,14,14,8,7,52,2,0,6,212,144,68,11,0.6792452830188679,0.32075471698113206,0.0047169811320754715,0.0660377358490566,0.24528301886792453,0.0,0.03773584905660377,0.0,0.05188679245283019,2,0.0,python,erkghlerngm44/malaffinity,pearson
1,0,14,14,2,0,0,0,1,11,11,14,5,69,8,0,25,335,232,103,14,0.6925373134328359,0.3074626865671642,0.005970149253731343,0.03283582089552239,0.20597014925373133,0.0,0.041791044776119404,0.0,0.041791044776119404,3,0.0,python,PMEAL/OpenPNM,isoutside
1,0,1,1,1,1,0,0,1,3,3,1,0,13,3,0,3,72,47,25,9,0.6527777777777778,0.3472222222222222,0.027777777777777776,0.041666666666666664,0.18055555555555555,0.0,0.013888888888888888,0.0,0.125,3,0.0,python,log2timeline/plaso,AttributeContainer.GetAttributeNames
1,0,2,2,1,0,0,0,1,4,4,2,0,26,2,0,4,100,71,29,13,0.71,0.29,0.01,0.04,0.26,0.0,0.02,0.0,0.13,2,0.0,python,kensho-technologies/graphql-compiler,get_column
1,0,2,2,0,0,0,0,0,5,5,2,1,14,3,0,3,76,48,28,10,0.631578947368421,0.3684210526315789,0.0,0.06578947368421052,0.18421052631578946,0.0,0.02631578947368421,0.0,0.13157894736842105,1,0.0,python,pyroscope/pyrocore,_write_pidfile
1,0,9,9,7,1,0,0,0,8,8,9,3,62,15,0,51,532,369,163,17,0.693609022556391,0.30639097744360905,0.015037593984962405,0.015037593984962405,0.11654135338345864,0.0,0.016917293233082706,0.0,0.03195488721804511,9,0.0,python,pypa/pipenv,to_genshi
1,0,0,0,0,1,0,0,1,2,2,0,0,12,2,0,2,50,33,17,9,0.66,0.34,0.02,0.04,0.24,0.0,0.0,0.0,0.18,2,0.0,python,KelSolaar/Umbra,GraphModelNode.node_changed
1,0,15,15,7,0,0,0,4,26,26,15,8,130,12,0,10,485,325,160,15,0.6701030927835051,0.32989690721649484,0.01443298969072165,0.05360824742268041,0.26804123711340205,0.0,0.030927835051546393,0.0,0.030927835051546393,8,0.0,python,dfm/george,GP.grad_log_likelihood
1,0,11,11,4,1,0,0,0,16,16,11,0,71,6,0,9,284,191,93,12,0.6725352112676056,0.3274647887323944,0.017605633802816902,0.056338028169014086,0.25,0.0,0.03873239436619718,0.0,0.04225352112676056,6,0.0,python,ulule/django-badgify,reset_awards
1,0,2,2,0,0,0,0,1,3,3,2,0,12,1,0,8,75,53,22,10,0.7066666666666667,0.29333333333333333,0.0,0.04,0.16,0.0,0.02666666666666667,0.0,0.13333333333333333,1,0.0,python,se-esss-litterbox/Pynac,Steerer.from_dynacRepr
1,0,3,3,2,1,0,0,1,4,4,3,0,32,4,0,4,117,83,34,9,0.7094017094017094,0.2905982905982906,0.02564102564102564,0.03418803418803419,0.27350427350427353,0.0,0.02564102564102564,0.0,0.07692307692307693,4,0.0,python,Bystroushaak/pyDHTMLParser,HTMLQuery.findAll
1,0,0,0,0,0,0,0,1,2,2,0,2,10,1,0,3,59,40,19,12,0.6779661016949152,0.3220338983050847,0.0,0.03389830508474576,0.1694915254237288,0.0,0.0,0.0,0.2033898305084746,1,0.0,python,Julian/txmusicbrainz,BoundEntityRetriever.search
1,0,0,0,0,0,0,0,0,1,1,0,0,33,1,0,1,79,71,8,6,0.8987341772151899,0.10126582278481013,0.0,0.012658227848101266,0.4177215189873418,0.0,0.0,0.0,0.0759493670886076,1,0.0,python,gwastro/pycbc,spa_tmplt_engine
1,0,1,1,1,0,0,0,0,3,3,1,0,13,2,0,2,53,36,17,8,0.6792452830188679,0.32075471698113206,0.018867924528301886,0.05660377358490566,0.24528301886792453,0.0,0.018867924528301886,0.0,0.1509433962264151,2,0.0,python,rootpy/rootpy,BaseTree.create_branches
1,0,8,8,2,1,0,0,1,10,10,8,0,67,4,0,7,252,172,80,12,0.6825396825396826,0.31746031746031744,0.011904761904761904,0.03968253968253968,0.26587301587301587,0.0,0.031746031746031744,0.0,0.047619047619047616,4,0.0,python,DLR-RM/RAFCON,SemanticDataEditorController.key_edited
1,0,3,3,0,0,0,0,0,3,3,3,0,21,1,0,1,81,54,27,7,0.6666666666666666,0.3333333333333333,0.0,0.037037037037037035,0.25925925925925924,0.0,0.037037037037037035,0.0,0.08641975308641975,1,0.0,python,KarchinLab/probabilistic2020,GeneSequence._to_upper
1,0,1,1,0,0,0,0,1,2,2,1,0,12,1,0,1,45,31,14,7,0.6888888888888889,0.3111111111111111,0.0,0.044444444444444446,0.26666666666666666,0.0,0.022222222222222223,0.0,0.15555555555555556,1,0.0,python,materialsproject/pymatgen,AbinitTask.find_optconf
1,0,8,8,4,0,0,0,2,17,15,8,2,71,5,0,19,352,234,118,12,0.6647727272727273,0.3352272727272727,0.011363636363636364,0.048295454545454544,0.20170454545454544,0.0,0.022727272727272728,0.0,0.03409090909090909,5,0.0,python,quantumlib/Cirq,pack_results
1,0,1,1,1,0,0,0,2,2,2,1,0,18,3,0,4,72,51,21,8,0.7083333333333334,0.2916666666666667,0.013888888888888888,0.027777777777777776,0.25,0.0,0.013888888888888888,0.0,0.1111111111111111,2,0.0,python,brutus/wdiffhtml,wdiff
1,0,1,1,3,0,0,0,2,6,6,1,0,21,4,0,5,105,69,36,9,0.6571428571428571,0.34285714285714286,0.02857142857142857,0.05714285714285714,0.2,0.0,0.009523809523809525,0.0,0.08571428571428572,4,0.0,python,ngmarchant/oasis,verify_identifiers
1,0,7,7,2,0,0,0,0,9,9,7,0,46,6,0,12,230,152,78,16,0.6608695652173913,0.3391304347826087,0.008695652173913044,0.0391304347826087,0.2,0.0,0.030434782608695653,0.0,0.06956521739130435,3,0.0,python,materialsproject/pymatgen-db,QueryEngine.set_aliases_and_defaults
1,0,20,20,3,0,0,0,1,4,4,20,0,85,4,0,20,386,269,117,10,0.6968911917098446,0.30310880829015546,0.007772020725388601,0.010362694300518135,0.22020725388601037,0.0,0.05181347150259067,0.0,0.025906735751295335,4,0.0,python,SBRG/ssbio,Protein.protein_statistics
31,0,68,68,29,4,0,0,30,107,111,68,2,725,102,0,50,2811,1918,893,21,0.6823194592671648,0.3176805407328353,0.011739594450373533,0.03806474564212024,0.25791533262184274,0.0,0.024190679473496977,0.0,0.007470651013874066,34,0.0,python,rominf/module-wrapper,_wrap
1,0,2,2,2,0,0,0,6,14,13,2,0,60,8,0,4,246,167,79,12,0.6788617886178862,0.32113821138211385,0.008130081300813009,0.056910569105691054,0.24390243902439024,0.0,0.008130081300813009,0.0,0.04878048780487805,3,0.0,python,kubernetes-client/python,ApiClient.sanitize_for_serialization
1,0,2,2,0,0,0,0,0,1,1,2,2,18,1,0,3,64,49,15,6,0.765625,0.234375,0.0,0.015625,0.28125,0.0,0.03125,0.0,0.09375,1,0.0,python,marcharper/python-ternary,left_parallel_line
1,0,0,0,0,0,0,0,2,2,2,0,0,15,3,0,3,71,47,24,10,0.6619718309859155,0.3380281690140845,0.0,0.028169014084507043,0.2112676056338028,0.0,0.0,0.0,0.14084507042253522,1,0.0,python,yunojuno/elasticsearch-django,_in_search_queryset
1,0,4,4,0,0,0,0,0,3,3,4,1,33,1,0,12,176,122,54,9,0.6931818181818182,0.3068181818181818,0.0,0.017045454545454544,0.1875,0.0,0.022727272727272728,0.0,0.05113636363636364,1,0.0,python,CenturyLinkCloud/clc-python-sdk,Group.Refresh
1,0,3,3,1,0,0,0,1,7,7,3,2,29,3,0,6,135,89,46,14,0.6592592592592592,0.34074074074074073,0.007407407407407408,0.05185185185185185,0.21481481481481482,0.0,0.022222222222222223,0.0,0.1037037037037037,2,0.0,python,bcbio/bcbio-nextgen,index
1,0,6,6,2,1,0,0,0,13,13,6,4,78,5,0,8,328,222,106,15,0.676829268292683,0.3231707317073171,0.009146341463414634,0.039634146341463415,0.23780487804878048,0.0,0.018292682926829267,0.0,0.04573170731707317,4,0.0,python,array-split/array_split,ShapeSplitter.set_split_extents_by_split_size
1,0,1,1,0,0,0,0,1,3,3,1,1,12,1,0,2,53,35,18,10,0.660377358490566,0.33962264150943394,0.0,0.05660377358490566,0.22641509433962265,0.0,0.018867924528301886,0.0,0.18867924528301888,1,0.0,python,vmalloc/dessert,AssertionRewriter.variable
1,0,8,8,7,1,0,0,3,8,8,8,0,53,14,0,24,326,218,108,13,0.6687116564417178,0.3312883435582822,0.024539877300613498,0.024539877300613498,0.16257668711656442,0.0,0.024539877300613498,0.0,0.03987730061349693,9,0.0,python,saltstack/salt,user_verify_password
1,0,0,0,0,0,0,0,1,3,3,0,1,10,1,0,3,51,33,18,8,0.6470588235294118,0.35294117647058826,0.0,0.058823529411764705,0.19607843137254902,0.0,0.0,0.0,0.1568627450980392,1,0.0,python,ev3dev/ev3dev-lang-python,UltrasonicSensor.distance_inches_continuous
1,0,2,2,0,0,0,0,1,3,3,2,3,15,1,0,4,79,52,27,11,0.6582278481012658,0.34177215189873417,0.0,0.0379746835443038,0.189873417721519,0.0,0.02531645569620253,0.0,0.13924050632911392,1,0.0,python,pyannote/pyannote-metrics,reindex
1,0,0,0,0,0,0,0,1,2,1,0,0,10,1,0,2,46,31,15,8,0.6739130434782609,0.32608695652173914,0.0,0.043478260869565216,0.21739130434782608,0.0,0.0,0.0,0.17391304347826086,1,0.0,python,PyCQA/astroid,AsStringVisitor.visit_extslice
1,0,3,3,2,0,0,0,3,10,10,3,0,33,3,0,7,157,107,50,11,0.6815286624203821,0.3184713375796178,0.012738853503184714,0.06369426751592357,0.21019108280254778,0.0,0.01910828025477707,0.0,0.07006369426751592,3,0.0,python,scanny/python-pptx,BaseShapeFactory
1,0,0,0,1,0,0,0,1,17,17,0,0,31,5,0,22,282,186,96,15,0.6595744680851063,0.3404255319148936,0.0035460992907801418,0.06028368794326241,0.1099290780141844,0.0,0.0,0.0,0.05319148936170213,2,0.0,python,inspirehep/inspire-dojson,related_records2marc
1,0,3,3,1,0,0,0,1,7,9,3,2,28,6,0,11,158,104,54,11,0.6582278481012658,0.34177215189873417,0.006329113924050633,0.04430379746835443,0.17721518987341772,0.0,0.0189873417721519,0.0,0.06962025316455696,2,0.0,python,SiLab-Bonn/pylandau,fwhm
1,0,21,21,4,0,0,0,1,6,6,21,73,121,10,0,47,557,383,174,16,0.6876122082585279,0.3123877917414722,0.00718132854578097,0.010771992818671455,0.21723518850987433,0.0,0.03770197486535009,0.0,0.02872531418312388,5,0.0,python,CalebBell/fluids,Chisholm
1,0,8,8,0,0,0,0,1,3,3,8,0,35,1,0,8,147,106,41,8,0.7210884353741497,0.2789115646258503,0.0,0.02040816326530612,0.23809523809523808,0.0,0.05442176870748299,0.0,0.05442176870748299,1,0.0,python,materialsproject/pymatgen,SlabEntry.from_dict
1,0,7,7,2,1,0,0,1,11,11,7,0,57,8,0,5,227,148,79,10,0.6519823788546255,0.34801762114537443,0.013215859030837005,0.048458149779735685,0.2511013215859031,0.0,0.030837004405286344,0.0,0.04405286343612335,4,0.0,python,ejeschke/ginga,SaveImage.update_channels
3,0,1,1,0,0,0,0,3,3,3,1,0,17,3,0,1,69,46,23,12,0.6666666666666666,0.3333333333333333,0.0,0.043478260869565216,0.2463768115942029,0.0,0.014492753623188406,0.0,0.17391304347826086,1,0.0,python,Erotemic/utool,compose_functions
1,0,13,13,0,0,0,0,1,9,9,13,0,45,1,0,29,229,161,68,6,0.7030567685589519,0.29694323144104806,0.0,0.039301310043668124,0.1965065502183406,0.0,0.056768558951965066,0.0,0.026200873362445413,1,0.0,python,tensorflow/tensor2tensor,transformer_nat_small
1,0,22,22,7,0,0,0,0,29,29,22,10,167,18,0,31,754,501,253,17,0.6644562334217506,0.33554376657824936,0.009283819628647215,0.038461538461538464,0.22148541114058357,0.0,0.029177718832891247,0.0,0.022546419098143235,8,0.0,python,fred49/argtoolbox,Element._load
1,0,2,2,0,0,0,0,1,2,2,2,0,18,1,0,3,71,49,22,7,0.6901408450704225,0.30985915492957744,0.0,0.028169014084507043,0.2535211267605634,0.0,0.028169014084507043,0.0,0.09859154929577464,1,0.0,python,lk-geimfari/mimesis,RussiaSpecProvider.patronymic
1,0,0,0,0,0,0,0,1,2,2,0,3,14,1,0,8,97,65,32,13,0.6701030927835051,0.32989690721649484,0.0,0.020618556701030927,0.14432989690721648,0.0,0.0,0.0,0.13402061855670103,1,0.0,python,tjcsl/ion,User.last_first_initial
1,0,0,0,5,0,0,0,4,4,4,0,0,30,6,0,7,141,93,48,9,0.6595744680851063,0.3404255319148936,0.03546099290780142,0.028368794326241134,0.2127659574468085,0.0,0.0,0.0,0.06382978723404255,6,0.0,python,chaoss/grimoirelab-sortinghat,EmailMatcher.match_filtered_identities
1,0,1,1,0,0,0,0,0,1,1,1,0,10,1,0,1,36,26,10,6,0.7222222222222222,0.2777777777777778,0.0,0.027777777777777776,0.2777777777777778,0.0,0.027777777777777776,0.0,0.16666666666666666,1,0.0,python,refinery29/chassis,ServiceFactory._replace_service_arg
1,0,3,3,2,1,0,0,2,8,8,3,1,37,5,0,9,163,109,54,12,0.6687116564417178,0.3312883435582822,0.018404907975460124,0.049079754601226995,0.22699386503067484,0.0,0.018404907975460124,0.0,0.0736196319018405,4,0.0,python,bibanon/BASC-py4chan,download_file
1,0,3,3,1,0,0,0,3,11,11,3,0,40,4,0,7,173,118,55,14,0.6820809248554913,0.3179190751445087,0.005780346820809248,0.06358381502890173,0.23121387283236994,0.0,0.017341040462427744,0.0,0.08092485549132948,2,0.0,python,senaite/senaite.core,UniqueFieldValidator.query_parent_objects
1,0,7,7,2,0,0,0,0,13,13,7,0,90,4,0,15,363,252,111,12,0.6942148760330579,0.30578512396694213,0.005509641873278237,0.03581267217630854,0.24793388429752067,0.0,0.01928374655647383,0.0,0.03305785123966942,3,0.0,python,nteract/bookstore,BookstorePublishHandler._publish
1,0,2,2,3,0,0,0,0,7,7,2,3,34,6,0,7,162,107,55,13,0.6604938271604939,0.3395061728395062,0.018518518518518517,0.043209876543209874,0.20987654320987653,0.0,0.012345679012345678,0.0,0.08024691358024691,4,0.0,python,softlayer/softlayer-python,cli
1,0,1,1,0,0,0,0,1,6,6,1,0,18,1,0,2,79,52,27,11,0.6582278481012658,0.34177215189873417,0.0,0.0759493670886076,0.22784810126582278,0.0,0.012658227848101266,0.0,0.13924050632911392,1,0.0,python,mitodl/edx-api-client,CourseDetails.get_detail
1,0,1,1,0,0,0,0,1,2,2,1,0,13,1,0,1,53,34,19,8,0.6415094339622641,0.3584905660377358,0.0,0.03773584905660377,0.24528301886792453,0.0,0.018867924528301886,0.0,0.1509433962264151,1,0.0,python,fastai/fastai,trainable_params
1,0,2,2,2,0,0,0,1,2,2,2,0,16,4,0,3,75,48,27,9,0.64,0.36,0.02666666666666667,0.02666666666666667,0.21333333333333335,0.0,0.02666666666666667,0.0,0.12,3,0.0,python,portfoliome/postpy,MaterializedView.create
1,0,1,1,0,0,0,0,1,2,2,1,0,20,1,0,2,71,49,22,8,0.6901408450704225,0.30985915492957744,0.0,0.028169014084507043,0.28169014084507044,0.0,0.014084507042253521,0.0,0.11267605633802817,1,0.0,python,maas/python-libmaas,MachineSSHMixin._check_ssh
1,0,1,1,0,0,0,0,0,3,3,1,0,18,1,0,2,66,45,21,8,0.6818181818181818,0.3181818181818182,0.0,0.045454545454545456,0.2727272727272727,0.0,0.015151515151515152,0.0,0.12121212121212122,1,0.0,python,CodeReclaimers/neat-python,DistributedEvaluator._reset_em
1,0,0,0,2,0,0,0,6,6,6,0,0,23,8,0,1,109,69,40,11,0.6330275229357798,0.3669724770642202,0.01834862385321101,0.05504587155963303,0.21100917431192662,0.0,0.0,0.0,0.10091743119266056,3,0.0,python,saltstack/salt,decode_embedded_strs
1,0,18,18,3,2,0,0,1,23,23,18,6,135,8,0,26,556,396,160,13,0.7122302158273381,0.28776978417266186,0.008992805755395683,0.04136690647482014,0.24280575539568344,0.0,0.03237410071942446,0.0,0.023381294964028777,6,0.0,python,brainiak/brainiak,bootstrap_isc
1,0,0,0,1,0,0,0,3,4,4,0,1,17,5,0,10,140,90,50,12,0.6428571428571429,0.35714285714285715,0.007142857142857143,0.02857142857142857,0.12142857142857143,0.0,0.0,0.0,0.08571428571428572,2,0.0,python,bwohlberg/sporco,ADMMTwoBlockCnstrnt.getmin
1,0,10,10,3,2,0,0,1,17,17,10,4,82,11,0,4,297,198,99,13,0.6666666666666666,0.3333333333333333,0.016835016835016835,0.05723905723905724,0.2760942760942761,0.0,0.03367003367003367,0.0,0.04377104377104377,6,0.0,python,apache/spark,CloudPickler.save_inst
1,0,2,2,0,0,0,0,0,3,3,2,0,13,1,0,3,59,40,19,9,0.6779661016949152,0.3220338983050847,0.0,0.05084745762711865,0.22033898305084745,0.0,0.03389830508474576,0.0,0.15254237288135594,1,0.0,python,romanz/trezor-agent,_key_info
1,0,6,6,2,0,0,0,0,7,7,6,1,61,8,0,14,249,172,77,12,0.6907630522088354,0.3092369477911647,0.008032128514056224,0.028112449799196786,0.24497991967871485,0.0,0.024096385542168676,0.0,0.04819277108433735,3,0.0,python,angr/angr,SimCC.set_return_val
1,0,0,0,1,0,0,0,1,3,3,0,0,13,2,0,3,78,52,26,12,0.6666666666666666,0.3333333333333333,0.01282051282051282,0.038461538461538464,0.16666666666666666,0.0,0.0,0.0,0.15384615384615385,2,0.0,python,krischer/django-plugins,SyncPlugins.all
1,0,3,3,2,0,0,0,0,9,9,3,0,39,3,0,5,156,105,51,9,0.6730769230769231,0.3269230769230769,0.01282051282051282,0.057692307692307696,0.25,0.0,0.019230769230769232,0.0,0.057692307692307696,3,0.0,python,DC23/scriptabit,copy_default_config_to_user_directory
1,0,0,0,0,0,0,0,1,1,1,0,0,18,1,0,1,75,50,25,16,0.6666666666666666,0.3333333333333333,0.0,0.013333333333333334,0.24,0.0,0.0,0.0,0.21333333333333335,1,0.0,python,pettarin/ipapy,IPAString.cns_vwl_str_len_wb
1,0,1,1,1,0,0,0,1,2,2,1,0,14,2,0,2,57,39,18,8,0.6842105263157895,0.3157894736842105,0.017543859649122806,0.03508771929824561,0.24561403508771928,0.0,0.017543859649122806,0.0,0.14035087719298245,2,0.0,python,jwodder/doapi,Droplet.restore
1,0,1,1,1,0,0,0,1,2,2,1,0,15,3,0,4,68,47,21,10,0.6911764705882353,0.3088235294117647,0.014705882352941176,0.029411764705882353,0.22058823529411764,0.0,0.014705882352941176,0.0,0.14705882352941177,2,0.0,python,neithere/monk,one_of
1,0,0,0,1,0,0,0,1,1,1,0,0,10,2,0,2,45,29,16,9,0.6444444444444445,0.35555555555555557,0.022222222222222223,0.022222222222222223,0.2222222222222222,0.0,0.0,0.0,0.2,2,0.0,python,pysathq/pysat,MapleCM.get_core
1,0,2,2,0,0,0,0,0,2,2,2,0,14,1,0,1,50,35,15,7,0.7,0.3,0.0,0.04,0.28,0.0,0.04,0.0,0.14,1,0.0,python,jmgilman/Neolib,Context.addProxyObject
1,0,2,2,1,0,0,0,1,4,4,2,0,16,2,0,5,81,54,27,9,0.6666666666666666,0.3333333333333333,0.012345679012345678,0.04938271604938271,0.19753086419753085,0.0,0.024691358024691357,0.0,0.1111111111111111,2,0.0,python,lrq3000/pyFileFixity,SortedDict.popitem
1,0,3,3,1,0,0,0,1,2,2,3,1,19,2,0,4,87,59,28,11,0.6781609195402298,0.3218390804597701,0.011494252873563218,0.022988505747126436,0.21839080459770116,0.0,0.034482758620689655,0.0,0.12643678160919541,2,0.0,python,pypa/pipenv,ParseBaseException.markInputline
1,0,2,2,1,0,0,0,1,5,4,2,3,23,2,0,7,120,83,37,11,0.6916666666666667,0.30833333333333335,0.008333333333333333,0.041666666666666664,0.19166666666666668,0.0,0.016666666666666666,0.0,0.09166666666666666,2,0.0,python,abe-winter/pg13-py,Row.select
1,0,2,2,0,0,0,0,1,1,1,2,0,13,1,0,3,52,37,15,7,0.7115384615384616,0.28846153846153844,0.0,0.019230769230769232,0.25,0.0,0.038461538461538464,0.0,0.1346153846153846,1,0.0,python,reingart/pyafipws,WSLTV.AgregarBonificacion
1,0,9,9,2,0,0,0,1,13,13,9,0,52,4,0,25,318,221,97,11,0.6949685534591195,0.3050314465408805,0.006289308176100629,0.040880503144654086,0.16352201257861634,0.0,0.02830188679245283,0.0,0.03459119496855346,3,0.0,python,empirical-org/Quill-NLP-Tools-and-Datasets,training_data
1,0,0,0,0,0,0,0,1,3,3,0,0,17,1,0,1,69,47,22,10,0.6811594202898551,0.3188405797101449,0.0,0.043478260869565216,0.2463768115942029,0.0,0.0,0.0,0.14492753623188406,1,0.0,python,hardbyte/python-can,UcanServer.check_version_is_equal_or_higher
1,0,14,14,5,1,0,0,0,17,17,14,9,89,9,0,46,563,382,181,20,0.6785079928952042,0.32149200710479575,0.010657193605683837,0.03019538188277087,0.15808170515097691,0.0,0.02486678507992895,0.0,0.035523978685612786,7,0.0,python,materialsproject/custodian,VaspJob.full_opt_run
1,0,0,0,0,0,0,0,1,1,1,0,0,11,1,0,5,63,44,19,9,0.6984126984126984,0.30158730158730157,0.0,0.015873015873015872,0.1746031746031746,0.0,0.0,0.0,0.14285714285714285,1,0.0,python,pyviz/param,ParameterizedFunction.script_repr
1,0,2,2,0,0,0,0,1,2,2,2,0,17,1,0,1,55,39,16,6,0.7090909090909091,0.2909090909090909,0.0,0.03636363636363636,0.3090909090909091,0.0,0.03636363636363636,0.0,0.10909090909090909,1,0.0,python,openclimatedata/pymagicc,_Reader.process_data
1,0,1,1,0,0,0,0,0,3,3,1,0,14,3,0,3,70,44,26,11,0.6285714285714286,0.37142857142857144,0.0,0.04285714285714286,0.2,0.0,0.014285714285714285,0.0,0.15714285714285714,1,0.0,python,Duke-GCB/lando-messaging,WorkQueueProcessor.process_messages_loop
1,0,3,3,3,0,0,0,1,7,7,3,0,34,4,0,5,154,100,54,12,0.6493506493506493,0.35064935064935066,0.01948051948051948,0.045454545454545456,0.22077922077922077,0.0,0.01948051948051948,0.0,0.07792207792207792,4,0.0,python,ramses-tech/ramses,ESBaseView.get_item_es
1,0,3,3,2,0,0,0,0,7,7,3,0,31,3,0,16,199,135,64,15,0.678391959798995,0.32160804020100503,0.010050251256281407,0.035175879396984924,0.15577889447236182,0.0,0.01507537688442211,0.0,0.07537688442211055,3,0.0,python,volafiled/python-volapi,User.register
1,0,2,2,3,0,0,0,2,10,10,2,0,35,4,0,14,216,146,70,14,0.6759259259259259,0.32407407407407407,0.013888888888888888,0.046296296296296294,0.16203703703703703,0.0,0.009259259259259259,0.0,0.06481481481481481,4,0.0,python,pyinvoke/invocations,_find_package
1,0,13,13,2,0,0,0,0,22,22,13,10,95,3,0,18,426,291,135,15,0.6830985915492958,0.31690140845070425,0.004694835680751174,0.051643192488262914,0.22300469483568075,0.0,0.03051643192488263,0.0,0.035211267605633804,3,0.0,python,chbrown/viz,hist
1,0,1,1,0,1,0,0,1,2,2,1,0,18,2,0,2,72,53,19,10,0.7361111111111112,0.2638888888888889,0.013888888888888888,0.027777777777777776,0.25,0.0,0.013888888888888888,0.0,0.1388888888888889,2,0.0,python,mcieslik-mctp/papy,_comp_task
1,0,3,3,0,1,0,0,1,4,4,3,0,30,2,0,2,105,76,29,11,0.7238095238095238,0.2761904761904762,0.009523809523809525,0.0380952380952381,0.2857142857142857,0.0,0.02857142857142857,0.0,0.10476190476190476,2,0.0,python,gwastro/pycbc,segment_snrs
1,0,6,6,4,1,0,0,3,12,11,6,1,63,6,0,15,283,195,88,11,0.6890459363957597,0.31095406360424027,0.0176678445229682,0.04240282685512368,0.2226148409893993,0.0,0.02120141342756184,0.0,0.038869257950530034,6,0.0,python,angr/claripy,StridedInterval.least_upper_bound
1,0,2,2,1,0,0,0,0,9,9,2,0,39,2,0,7,167,115,52,11,0.688622754491018,0.31137724550898205,0.005988023952095809,0.05389221556886228,0.23353293413173654,0.0,0.011976047904191617,0.0,0.0658682634730539,2,0.0,python,gmr/tredis,Client._on_cluster_data_moved
1,0,13,13,6,1,0,0,1,12,12,13,1,64,10,0,35,405,278,127,15,0.6864197530864198,0.3135802469135803,0.01728395061728395,0.02962962962962963,0.1580246913580247,0.0,0.03209876543209877,0.0,0.037037037037037035,8,0.0,python,useblocks/sphinxcontrib-needs,procces_filters
1,0,1,1,0,0,0,0,1,2,2,1,1,16,2,0,2,61,40,21,9,0.6557377049180327,0.3442622950819672,0.0,0.03278688524590164,0.26229508196721313,0.0,0.01639344262295082,0.0,0.14754098360655737,1,0.0,python,dairiki/python-libtcd,Tcd.append
1,0,0,0,0,0,0,0,1,2,2,0,0,17,1,0,6,69,52,17,6,0.7536231884057971,0.2463768115942029,0.0,0.028985507246376812,0.2463768115942029,0.0,0.0,0.0,0.08695652173913043,1,0.0,python,glue-viz/glue-vispy-viewers,EmitterGroup.connect
1,0,2,2,1,0,0,0,6,12,12,2,4,51,6,0,9,231,153,78,10,0.6623376623376623,0.33766233766233766,0.004329004329004329,0.05194805194805195,0.22077922077922077,0.0,0.008658008658008658,0.0,0.04329004329004329,2,0.0,python,esterhui/pypu,service_flickr._update_config
1,0,0,0,1,2,0,0,0,2,2,0,1,16,4,0,1,63,42,21,11,0.6666666666666666,0.3333333333333333,0.047619047619047616,0.031746031746031744,0.25396825396825395,0.0,0.0,0.0,0.1746031746031746,4,0.0,python,bigchaindb/bigchaindb,Exchange.dispatch
2,0,1,1,1,0,0,0,2,3,3,1,0,15,3,0,2,72,46,26,11,0.6388888888888888,0.3611111111111111,0.013888888888888888,0.041666666666666664,0.20833333333333334,0.0,0.013888888888888888,0.0,0.1527777777777778,2,0.0,python,awslabs/sockeye,regular_file
1,0,22,22,7,7,0,0,1,27,27,22,0,145,18,0,28,624,420,204,18,0.6730769230769231,0.3269230769230769,0.022435897435897436,0.04326923076923077,0.23237179487179488,0.0,0.035256410256410256,0.0,0.028846153846153848,15,0.0,python,thespacedoctor/tastic,baseClass.sort_tasks
1,0,3,3,1,0,0,0,2,8,8,3,0,30,5,0,14,194,127,67,18,0.654639175257732,0.34536082474226804,0.005154639175257732,0.041237113402061855,0.15463917525773196,0.0,0.015463917525773196,0.0,0.09278350515463918,2,0.0,python,jmgilman/Neolib,KitchenQuest.submitQuest
1,0,4,4,3,0,0,0,1,7,7,4,6,37,6,0,7,179,119,60,11,0.664804469273743,0.33519553072625696,0.01675977653631285,0.03910614525139665,0.20670391061452514,0.0,0.0223463687150838,0.0,0.061452513966480445,4,0.0,python,dourvaris/nano-python,convert
1,0,1,1,1,0,0,0,2,3,3,1,0,14,2,0,6,86,59,27,11,0.686046511627907,0.313953488372093,0.011627906976744186,0.03488372093023256,0.16279069767441862,0.0,0.011627906976744186,0.0,0.12790697674418605,2,0.0,python,thorgate/django-esteid,ocsp_responder_certificate_path
1,0,1,1,0,0,0,0,1,1,1,1,0,16,1,0,2,64,45,19,7,0.703125,0.296875,0.0,0.015625,0.25,0.0,0.015625,0.0,0.109375,1,0.0,python,CZ-NIC/yangson,SchemaNode._iname2qname
1,0,1,1,2,0,0,0,1,9,9,1,0,33,3,0,16,190,133,57,10,0.7,0.3,0.010526315789473684,0.04736842105263158,0.1736842105263158,0.0,0.005263157894736842,0.0,0.05263157894736842,3,0.0,python,saltstack/salt,archive
2,0,1,1,0,0,0,0,2,2,2,1,0,33,2,0,6,125,92,33,9,0.736,0.264,0.0,0.016,0.264,0.0,0.008,0.0,0.072,1,0.0,python,Zsailer/phylopandas,_write_method
1,0,5,5,0,2,0,0,1,11,11,5,2,48,3,0,4,184,125,59,14,0.6793478260869565,0.32065217391304346,0.010869565217391304,0.059782608695652176,0.2608695652173913,0.0,0.02717391304347826,0.0,0.07608695652173914,3,0.0,python,materialsproject/pymatgen,get_symbol_list
1,0,0,0,0,0,0,0,1,1,1,0,0,12,1,0,2,48,34,14,8,0.7083333333333334,0.2916666666666667,0.0,0.020833333333333332,0.25,0.0,0.0,0.0,0.16666666666666666,1,0.0,python,mcs07/ChemDataExtractor,ListType.serialize
1,0,2,2,0,0,0,0,1,5,5,2,1,18,1,0,5,94,64,30,10,0.6808510638297872,0.3191489361702128,0.0,0.05319148936170213,0.19148936170212766,0.0,0.02127659574468085,0.0,0.10638297872340426,1,0.0,python,globocom/GloboNetworkAPI-client-python,ApiEnvironment.update
1,0,2,2,0,0,0,0,1,2,2,2,0,15,1,0,3,65,45,20,8,0.6923076923076923,0.3076923076923077,0.0,0.03076923076923077,0.23076923076923078,0.0,0.03076923076923077,0.0,0.12307692307692308,1,0.0,python,fprimex/zdesk,ZendeskAPI.view_delete
1,0,1,1,1,0,0,0,2,2,2,1,0,13,2,0,1,55,38,17,8,0.6909090909090909,0.3090909090909091,0.01818181818181818,0.03636363636363636,0.23636363636363636,0.0,0.01818181818181818,0.0,0.14545454545454545,2,0.0,python,spacetelescope/stsci.tools,Section.as_list
1,0,0,0,1,0,0,0,0,3,3,0,0,16,2,0,1,72,48,24,9,0.6666666666666666,0.3333333333333333,0.013888888888888888,0.041666666666666664,0.2222222222222222,0.0,0.0,0.0,0.125,2,0.0,python,note35/sinon,SinonAssertion.alwaysCalledWithMatch
1,0,0,0,0,0,0,0,1,2,2,0,0,12,1,0,3,72,46,26,10,0.6388888888888888,0.3611111111111111,0.0,0.027777777777777776,0.16666666666666666,0.0,0.0,0.0,0.1388888888888889,1,0.0,python,Opentrons/opentrons,known_pipettes
1,0,1,1,0,0,0,0,1,3,3,1,0,10,1,0,9,90,62,28,8,0.6888888888888889,0.3111111111111111,0.0,0.03333333333333333,0.1111111111111111,0.0,0.011111111111111112,0.0,0.08888888888888889,1,0.0,python,python-diamond/Diamond,CephCollector.get_default_config
1,0,0,0,1,0,0,0,1,4,4,0,1,11,2,0,2,66,42,24,12,0.6363636363636364,0.36363636363636365,0.015151515151515152,0.06060606060606061,0.16666666666666666,0.0,0.0,0.0,0.18181818181818182,2,0.0,python,rene-aguirre/pywinusb,winapi_result
1,0,1,1,0,0,0,0,0,0,0,1,0,10,1,0,1,35,26,9,7,0.7428571428571429,0.2571428571428571,0.0,0.0,0.2857142857142857,0.0,0.02857142857142857,0.0,0.2,1,0.0,python,nicolargo/glances,GlancesWebList.set_server
1,0,0,0,1,0,0,0,2,5,5,0,0,22,3,0,3,111,73,38,12,0.6576576576576577,0.34234234234234234,0.009009009009009009,0.04504504504504504,0.1981981981981982,0.0,0.0,0.0,0.10810810810810811,2,0.0,python,deepmind/sonnet,BatchNormLSTM.state_size
1,0,1,1,2,0,0,0,3,2,2,1,0,16,3,0,5,80,54,26,11,0.675,0.325,0.025,0.025,0.2,0.0,0.0125,0.0,0.1375,3,0.0,python,wuher/devil,PermissionController._has_perm
1,0,2,2,1,0,0,0,0,8,8,2,0,42,5,0,5,164,112,52,14,0.6829268292682927,0.3170731707317073,0.006097560975609756,0.04878048780487805,0.25609756097560976,0.0,0.012195121951219513,0.0,0.08536585365853659,2,0.0,python,ARMmbed/icetea,PluginManager.start_external_service
1,0,0,0,0,0,0,0,0,71,71,0,0,327,1,0,3,1012,695,317,11,0.6867588932806324,0.3132411067193676,0.0,0.07015810276679842,0.3231225296442688,0.0,0.0,0.0,0.010869565217391304,1,0.0,python,evhub/coconut,Compiler.bind
1,0,0,0,1,0,0,0,0,1,1,0,0,13,6,0,4,78,48,30,15,0.6153846153846154,0.38461538461538464,0.01282051282051282,0.01282051282051282,0.16666666666666666,0.0,0.0,0.0,0.19230769230769232,2,0.0,python,RedHatInsights/insights-core,get_pool
1,0,6,6,1,0,0,0,1,3,3,6,0,20,3,0,8,95,64,31,10,0.6736842105263158,0.3263157894736842,0.010526315789473684,0.031578947368421054,0.21052631578947367,0.0,0.06315789473684211,0.0,0.10526315789473684,2,0.0,python,fananimi/pyzk,ZK.poweroff
1,0,0,0,0,0,0,0,1,3,3,0,0,12,1,0,5,68,46,22,11,0.6764705882352942,0.3235294117647059,0.0,0.04411764705882353,0.17647058823529413,0.0,0.0,0.0,0.16176470588235295,1,0.0,python,fabioz/PyDev.Debugger,SortImports._add_comments
1,0,1,1,0,0,0,0,1,8,6,1,0,29,3,0,4,139,91,48,14,0.6546762589928058,0.34532374100719426,0.0,0.05755395683453238,0.20863309352517986,0.0,0.007194244604316547,0.0,0.10071942446043165,1,0.0,python,icemac/toll,commands
1,0,9,9,4,1,0,0,1,9,9,9,1,50,9,0,9,228,154,74,18,0.6754385964912281,0.32456140350877194,0.021929824561403508,0.039473684210526314,0.21929824561403508,0.0,0.039473684210526314,0.0,0.07894736842105263,6,0.0,python,django-leonardo/django-leonardo,Leonardo.get_app_modules
1,0,2,2,0,1,0,0,1,1,1,2,0,13,2,0,2,54,37,17,7,0.6851851851851852,0.3148148148148148,0.018518518518518517,0.018518518518518517,0.24074074074074073,0.0,0.037037037037037035,0.0,0.12962962962962962,2,0.0,python,blazelibs/blazeutils,csvtolist
1,0,10,10,2,1,0,0,1,11,10,10,7,61,4,0,19,285,195,90,11,0.6842105263157895,0.3157894736842105,0.010526315789473684,0.03859649122807018,0.21403508771929824,0.0,0.03508771929824561,0.0,0.03859649122807018,4,0.0,python,hollenstein/maspy,calcPeptideMass
1,0,1,1,1,0,0,0,1,7,7,1,0,24,4,0,3,109,69,40,10,0.6330275229357798,0.3669724770642202,0.009174311926605505,0.06422018348623854,0.22018348623853212,0.0,0.009174311926605505,0.0,0.09174311926605505,2,0.0,python,jefflovejapan/drench,Peer.read
1,0,2,2,1,1,0,0,2,5,5,2,0,23,3,0,2,89,59,30,10,0.6629213483146067,0.33707865168539325,0.02247191011235955,0.056179775280898875,0.25842696629213485,0.0,0.02247191011235955,0.0,0.11235955056179775,3,0.0,python,ambitioninc/django-query-builder,Table.remove_field
2,0,4,4,5,1,0,0,1,10,10,4,0,64,11,0,19,285,201,84,11,0.7052631578947368,0.29473684210526313,0.021052631578947368,0.03508771929824561,0.22456140350877193,0.0,0.014035087719298246,0.0,0.03859649122807018,7,0.0,python,pygobject/pgi,ActionGroup.add_radio_actions
1,0,0,0,0,0,1,0,0,1,1,0,0,9,2,0,3,42,29,13,8,0.6904761904761905,0.30952380952380953,0.023809523809523808,0.023809523809523808,0.21428571428571427,0.0,0.0,0.0,0.19047619047619047,2,0.0,python,njharman/die,Roll.iter
1,0,8,8,2,1,0,0,0,15,15,8,4,52,4,0,10,231,158,73,13,0.683982683982684,0.31601731601731603,0.012987012987012988,0.06493506493506493,0.22510822510822512,0.0,0.03463203463203463,0.0,0.05627705627705628,4,0.0,python,totalgood/pugnlp,Detector.candidates
2,0,7,7,1,1,0,0,3,14,14,7,4,59,5,0,3,238,163,75,15,0.6848739495798319,0.31512605042016806,0.008403361344537815,0.058823529411764705,0.24789915966386555,0.0,0.029411764705882353,0.0,0.06302521008403361,3,0.0,python,stan-dev/pystan,_pars_total_indexes
1,0,1,1,0,0,0,0,1,5,5,1,1,15,1,0,3,80,52,28,12,0.65,0.35,0.0,0.0625,0.1875,0.0,0.0125,0.0,0.15,1,0.0,python,gmr/tinman,Model.sha1
1,0,5,5,2,0,0,0,0,8,8,5,1,46,4,0,3,169,112,57,9,0.6627218934911243,0.33727810650887574,0.011834319526627219,0.047337278106508875,0.27218934911242604,0.0,0.029585798816568046,0.0,0.05325443786982249,3,0.0,python,spyder-ide/spyder,LineNumberArea.mouseMoveEvent
5,0,54,54,15,5,0,0,3,108,108,54,16,553,33,0,201,2775,1946,829,19,0.7012612612612613,0.29873873873873874,0.007207207207207207,0.03891891891891892,0.19927927927927927,0.0,0.01945945945945946,0.0,0.006846846846846847,21,0.0,python,openego/ding0,plot_mv_topology
1,0,0,0,1,0,0,0,5,13,10,0,0,36,5,0,1,149,99,50,12,0.6644295302013423,0.33557046979865773,0.006711409395973154,0.087248322147651,0.24161073825503357,0.0,0.0,0.0,0.08053691275167785,2,0.0,python,jaepil/twkorean,to_utf8
1,0,0,0,1,0,0,0,3,3,3,0,0,17,4,0,3,75,50,25,9,0.6666666666666666,0.3333333333333333,0.013333333333333334,0.04,0.22666666666666666,0.0,0.0,0.0,0.12,2,0.0,python,danilobellini/audiolazy,lpc
1,0,3,3,0,0,0,0,1,3,3,3,0,13,1,0,4,68,46,22,8,0.6764705882352942,0.3235294117647059,0.0,0.04411764705882353,0.19117647058823528,0.0,0.04411764705882353,0.0,0.11764705882352941,1,0.0,python,fracpete/python-weka-wrapper3,OptionHandler.to_dict
1,0,2,2,0,0,0,0,0,4,4,2,0,14,1,0,3,62,42,20,8,0.6774193548387096,0.3225806451612903,0.0,0.06451612903225806,0.22580645161290322,0.0,0.03225806451612903,0.0,0.12903225806451613,1,0.0,python,halcy/Mastodon.py,Mastodon.status_delete
1,0,3,3,3,0,0,0,0,2,2,3,0,21,4,0,4,94,63,31,11,0.6702127659574468,0.32978723404255317,0.031914893617021274,0.02127659574468085,0.22340425531914893,0.0,0.031914893617021274,0.0,0.11702127659574468,4,0.0,python,xtrementl/focus,SettingLexer._new_token
1,0,3,3,0,0,0,0,1,3,3,3,0,16,3,0,5,90,63,27,9,0.7,0.3,0.0,0.03333333333333333,0.17777777777777778,0.0,0.03333333333333333,0.0,0.1,1,0.0,python,ttinies/sc2gameLobby,getLocalIPaddress
1,0,0,0,1,0,0,0,0,2,2,0,0,13,3,0,4,80,51,29,10,0.6375,0.3625,0.0125,0.025,0.1625,0.0,0.0,0.0,0.125,2,0.0,python,libtcod/python-tcod,BSP.in_order
1,0,17,17,7,1,0,0,1,47,47,17,2,151,13,0,66,905,610,295,12,0.6740331491712708,0.3259668508287293,0.008839779005524863,0.051933701657458566,0.16685082872928178,0.0,0.01878453038674033,0.0,0.013259668508287293,9,0.0,python,geophysics-ubonn/reda,compute_K
1,0,6,6,2,0,0,0,1,10,10,6,0,53,5,0,1,181,124,57,11,0.6850828729281768,0.3149171270718232,0.011049723756906077,0.055248618784530384,0.292817679558011,0.0,0.03314917127071823,0.0,0.06077348066298342,3,0.0,python,LeKono/pyhgnc,QueryManager._one_to_many_query
1,0,11,11,8,0,0,0,1,9,9,11,0,72,10,0,36,428,300,128,9,0.7009345794392523,0.29906542056074764,0.018691588785046728,0.02102803738317757,0.16822429906542055,0.0,0.02570093457943925,0.0,0.02102803738317757,9,0.0,python,Microsoft/azure-devops-python-api,TaskClient.get_attachment_content
1,0,1,1,1,1,0,0,1,4,4,1,0,13,3,0,2,59,38,21,9,0.6440677966101694,0.3559322033898305,0.03389830508474576,0.06779661016949153,0.22033898305084745,0.0,0.01694915254237288,0.0,0.15254237288135594,3,0.0,python,hollenstein/maspy,_findUniqueMappingValues
1,0,1,1,2,0,0,0,0,2,2,1,0,22,3,0,16,144,102,42,11,0.7083333333333334,0.2916666666666667,0.013888888888888888,0.013888888888888888,0.1527777777777778,0.0,0.006944444444444444,0.0,0.0763888888888889,3,0.0,python,minhhoit/yacms,BaseImporterCommand.add_comment
1,0,3,3,0,0,0,0,0,2,2,3,0,15,1,0,4,60,43,17,8,0.7166666666666667,0.2833333333333333,0.0,0.03333333333333333,0.25,0.0,0.05,0.0,0.13333333333333333,1,0.0,python,odlgroup/odl,TheanoOperator.perform
1,0,1,1,0,0,0,0,1,2,2,1,0,15,1,0,8,84,60,24,9,0.7142857142857143,0.2857142857142857,0.0,0.023809523809523808,0.17857142857142858,0.0,0.011904761904761904,0.0,0.10714285714285714,1,0.0,python,LuqueDaniel/pybooru,DanbooruApi_Mixin.forum_topic_update
1,0,0,0,0,0,0,0,1,2,2,0,0,13,1,0,2,54,37,17,10,0.6851851851851852,0.3148148148148148,0.0,0.037037037037037035,0.24074074074074073,0.0,0.0,0.0,0.18518518518518517,1,0.0,python,heikomuller/sco-datastore,DefaultImageManager.get_directory
1,0,1,1,1,0,0,0,3,2,2,1,0,18,4,0,3,88,58,30,12,0.6590909090909091,0.3409090909090909,0.011363636363636364,0.022727272727272728,0.20454545454545456,0.0,0.011363636363636364,0.0,0.13636363636363635,2,0.0,python,saltstack/salt,show_conf
1,0,2,2,1,0,0,0,2,2,2,2,0,27,2,0,5,109,77,32,9,0.7064220183486238,0.29357798165137616,0.009174311926605505,0.01834862385321101,0.24770642201834864,0.0,0.01834862385321101,0.0,0.08256880733944955,2,0.0,python,mehmetg/streak_client,StreakClient.delete_pipeline_stage
1,0,2,2,0,0,0,0,1,5,5,2,0,38,2,0,6,157,110,47,10,0.7006369426751592,0.29936305732484075,0.0,0.03184713375796178,0.24203821656050956,0.0,0.012738853503184714,0.0,0.06369426751592357,1,0.0,python,saltstack/salt,AsyncClientMixin.asynchronous
1,0,3,3,0,1,0,0,0,13,13,3,1,46,3,0,4,178,118,60,13,0.6629213483146067,0.33707865168539325,0.0056179775280898875,0.07303370786516854,0.25842696629213485,0.0,0.016853932584269662,0.0,0.07303370786516854,2,0.0,python,Rockhopper-Technologies/enlighten,download
1,0,1,1,0,0,0,0,0,2,2,1,0,17,1,0,3,60,43,17,7,0.7166666666666667,0.2833333333333333,0.0,0.03333333333333333,0.2833333333333333,0.0,0.016666666666666666,0.0,0.11666666666666667,1,0.0,python,Iotic-Labs/py-IoticAgent,Feed.share
1,0,0,0,1,1,0,0,0,5,5,0,0,15,3,0,1,71,45,26,13,0.6338028169014085,0.36619718309859156,0.028169014084507043,0.07042253521126761,0.2112676056338028,0.0,0.0,0.0,0.18309859154929578,3,0.0,python,spyder-ide/spyder,EditorStack.save_all
1,0,3,3,0,0,0,0,1,4,4,3,1,15,1,0,3,67,44,23,9,0.6567164179104478,0.34328358208955223,0.0,0.05970149253731343,0.22388059701492538,0.0,0.04477611940298507,0.0,0.13432835820895522,1,0.0,python,bwhite/hadoopy,isempty
1,0,2,2,1,1,0,0,1,3,3,2,0,19,4,0,3,89,59,30,11,0.6629213483146067,0.33707865168539325,0.02247191011235955,0.033707865168539325,0.21348314606741572,0.0,0.02247191011235955,0.0,0.12359550561797752,3,0.0,python,mjirik/io3d,_expand_dataset_packages
1,0,11,11,2,5,0,0,1,18,18,11,1,81,10,0,19,421,283,138,19,0.672209026128266,0.32779097387173395,0.0166270783847981,0.04275534441805225,0.19239904988123516,0.0,0.026128266033254157,0.0,0.04513064133016627,8,0.0,python,tamasgal/km3pipe,convert_runsummary_to_json
1,0,2,2,2,2,0,0,1,8,8,2,0,28,5,0,8,154,105,49,13,0.6818181818181818,0.3181818181818182,0.025974025974025976,0.05194805194805195,0.18181818181818182,0.0,0.012987012987012988,0.0,0.08441558441558442,5,0.0,python,mthornhill/django-postal,Resource.cleanup_request
1,0,3,3,1,0,0,0,1,7,7,3,0,29,2,0,9,130,87,43,7,0.6692307692307692,0.33076923076923076,0.007692307692307693,0.05384615384615385,0.2230769230769231,0.0,0.023076923076923078,0.0,0.05384615384615385,2,0.0,python,nugget/python-insteonplm,IM._get_first_all_link_record
1,0,2,2,0,2,0,0,0,8,8,2,2,37,3,0,8,161,108,53,13,0.6708074534161491,0.32919254658385094,0.012422360248447204,0.049689440993788817,0.22981366459627328,0.0,0.012422360248447204,0.0,0.08074534161490683,3,0.0,python,coghost/izen,TermTable._print_value
1,0,0,0,0,0,0,0,1,1,1,0,0,10,1,0,2,50,33,17,9,0.66,0.34,0.0,0.02,0.2,0.0,0.0,0.0,0.18,1,0.0,python,dreipol/djangocms-spa,DjangoCmsMixin.get_placeholder_field_names
1,0,0,0,0,0,0,0,1,1,1,0,0,13,1,0,3,53,38,15,8,0.7169811320754716,0.2830188679245283,0.0,0.018867924528301886,0.24528301886792453,0.0,0.0,0.0,0.1509433962264151,1,0.0,python,facetoe/zenpy,UserApi.group_memberships
1,0,5,5,0,0,0,0,0,2,2,5,0,23,1,0,5,84,59,25,8,0.7023809523809523,0.2976190476190476,0.0,0.023809523809523808,0.27380952380952384,0.0,0.05952380952380952,0.0,0.09523809523809523,1,0.0,python,nateshmbhat/pyttsx3,Engine._init__
1,0,4,4,1,0,1,0,1,1,1,4,4,21,4,0,5,88,59,29,10,0.6704545454545454,0.32954545454545453,0.022727272727272728,0.011363636363636364,0.23863636363636365,0.0,0.045454545454545456,0.0,0.11363636363636363,3,0.0,python,Carbonara-Project/Guanciale,binary_search
1,0,0,0,1,1,0,0,0,4,3,0,0,19,3,0,3,89,58,31,16,0.651685393258427,0.34831460674157305,0.02247191011235955,0.0449438202247191,0.21348314606741572,0.0,0.0,0.0,0.1797752808988764,3,0.0,python,pantsbuild/pants,_DependentGraph._validate
1,0,3,3,1,1,0,0,1,6,6,3,0,25,3,0,13,169,114,55,13,0.6745562130177515,0.3254437869822485,0.011834319526627219,0.03550295857988166,0.14792899408284024,0.0,0.01775147928994083,0.0,0.07692307692307693,3,0.0,python,saltstack/salt,_get_patches
1,0,6,6,8,0,0,0,2,12,12,6,1,87,11,0,15,359,248,111,14,0.6908077994428969,0.30919220055710306,0.022284122562674095,0.033426183844011144,0.24233983286908078,0.0,0.016713091922005572,0.0,0.03899721448467967,9,0.0,python,google/grr,Factory.Create
1,0,3,3,0,0,0,0,1,6,6,3,0,27,1,0,5,101,69,32,7,0.6831683168316832,0.31683168316831684,0.0,0.0594059405940594,0.26732673267326734,0.0,0.0297029702970297,0.0,0.06930693069306931,1,0.0,python,AndrewAnnex/SpiceyPy,diags2
1,0,1,1,0,0,0,0,1,2,2,1,0,17,1,0,2,64,46,18,7,0.71875,0.28125,0.0,0.03125,0.265625,0.0,0.015625,0.0,0.109375,1,0.0,python,razorpay/razorpay-python,Client.delete
1,0,0,0,1,0,0,0,2,3,3,0,0,14,3,0,6,88,60,28,10,0.6818181818181818,0.3181818181818182,0.011363636363636364,0.03409090909090909,0.1590909090909091,0.0,0.0,0.0,0.11363636363636363,2,0.0,python,CitrineInformatics/pif-dft,PwscfParser._is_converged
1,0,2,2,2,0,0,0,1,4,4,2,0,26,3,0,8,139,96,43,10,0.6906474820143885,0.30935251798561153,0.014388489208633094,0.02877697841726619,0.18705035971223022,0.0,0.014388489208633094,0.0,0.07194244604316546,3,0.0,python,fprimex/zdesk,ZendeskAPI.problems_autocomplete
1,0,3,3,1,0,0,0,1,2,2,3,0,15,3,0,3,62,42,20,8,0.6774193548387096,0.3225806451612903,0.016129032258064516,0.03225806451612903,0.24193548387096775,0.0,0.04838709677419355,0.0,0.12903225806451613,2,0.0,python,helixyte/everest,get_nested_attribute
1,0,3,3,0,0,0,0,1,1,1,3,0,14,1,0,1,45,31,14,6,0.6888888888888889,0.3111111111111111,0.0,0.022222222222222223,0.3111111111111111,0.0,0.06666666666666667,0.0,0.13333333333333333,1,0.0,python,scott-griffiths/bitstring,ConstBitStream.peek
1,0,4,4,0,1,0,0,1,6,6,4,6,30,2,0,8,138,93,45,14,0.6739130434782609,0.32608695652173914,0.007246376811594203,0.043478260869565216,0.21739130434782608,0.0,0.028985507246376812,0.0,0.10144927536231885,2,0.0,python,shunsukeaihara/pyssp,lpr_kurtosis
1,0,1,1,0,0,0,0,1,4,4,1,0,17,1,0,2,66,46,20,9,0.696969696969697,0.30303030303030304,0.0,0.06060606060606061,0.25757575757575757,0.0,0.015151515151515152,0.0,0.13636363636363635,1,0.0,python,hazelcast/hazelcast-python-client,MultiMap.contains_key
1,0,8,8,1,3,0,0,1,11,11,8,0,47,7,0,11,223,150,73,10,0.672645739910314,0.3273542600896861,0.017937219730941704,0.04932735426008968,0.21076233183856502,0.0,0.03587443946188341,0.0,0.04484304932735426,5,0.0,python,pzs741/TEDT,list_mapping
1,0,8,8,1,1,0,0,1,6,6,8,0,32,6,0,4,135,91,44,14,0.674074074074074,0.32592592592592595,0.014814814814814815,0.044444444444444446,0.23703703703703705,0.0,0.05925925925925926,0.0,0.1037037037037037,3,0.0,python,codenerix/django-codenerix,objectatrib
1,0,4,4,1,0,0,0,1,8,8,4,1,29,2,0,8,129,88,41,10,0.6821705426356589,0.3178294573643411,0.007751937984496124,0.06201550387596899,0.2248062015503876,0.0,0.031007751937984496,0.0,0.07751937984496124,2,0.0,python,praekelt/django-moderator,CommentAdmin.queryset
1,0,14,14,8,0,0,0,2,22,22,14,7,146,14,0,13,544,370,174,16,0.6801470588235294,0.31985294117647056,0.014705882352941176,0.04044117647058824,0.26838235294117646,0.0,0.025735294117647058,0.0,0.029411764705882353,9,0.0,python,DataDog/integrations-core,Server.send_message_with_response
1,0,1,1,2,0,0,0,3,1,1,1,0,14,3,0,3,62,42,20,7,0.6774193548387096,0.3225806451612903,0.03225806451612903,0.016129032258064516,0.22580645161290322,0.0,0.016129032258064516,0.0,0.11290322580645161,3,0.0,python,Erotemic/utool,safe_listget
1,0,1,1,0,0,0,0,1,1,1,1,0,16,1,0,12,95,70,25,7,0.7368421052631579,0.2631578947368421,0.0,0.010526315789473684,0.16842105263157894,0.0,0.010526315789473684,0.0,0.07368421052631578,1,0.0,python,LuqueDaniel/pybooru,DanbooruApi_Mixin.post_flag_list
1,0,0,0,0,0,0,0,1,5,5,0,0,20,1,0,1,81,52,29,14,0.6419753086419753,0.35802469135802467,0.0,0.06172839506172839,0.24691358024691357,0.0,0.0,0.0,0.1728395061728395,1,0.0,python,pybel/pybel,NetworkManager.has_name_version
1,0,5,5,2,0,0,0,1,5,5,5,1,31,3,0,3,116,78,38,10,0.6724137931034483,0.3275862068965517,0.017241379310344827,0.04310344827586207,0.2672413793103448,0.0,0.04310344827586207,0.0,0.08620689655172414,3,0.0,python,larsmans/seqlearn,validate_lengths
1,0,3,3,1,0,0,0,1,4,4,3,0,14,2,0,4,70,46,24,9,0.6571428571428571,0.34285714285714286,0.014285714285714285,0.05714285714285714,0.2,0.0,0.04285714285714286,0.0,0.12857142857142856,2,0.0,python,thomasballinger/trellocardupdate,TrelloUpdater.ask_for_board_id
1,0,12,12,0,3,0,0,0,15,15,12,5,73,4,0,18,318,219,99,10,0.6886792452830188,0.3113207547169811,0.009433962264150943,0.04716981132075472,0.22955974842767296,0.0,0.03773584905660377,0.0,0.031446540880503145,4,0.0,python,atztogo/phonopy,write_dftbp
1,0,6,6,1,0,0,0,1,8,8,6,0,45,3,0,15,218,152,66,10,0.6972477064220184,0.30275229357798167,0.0045871559633027525,0.03669724770642202,0.20642201834862386,0.0,0.027522935779816515,0.0,0.045871559633027525,2,0.0,python,bcbio/bcbio-nextgen,_write_config_file
1,0,3,3,0,0,0,0,1,5,5,3,0,24,1,0,2,90,60,30,9,0.6666666666666666,0.3333333333333333,0.0,0.05555555555555555,0.26666666666666666,0.0,0.03333333333333333,0.0,0.1,1,0.0,python,illagrenan/django-upload-path,auto_cleaned_path_stripped_uuid4
1,0,0,0,0,0,0,0,1,1,1,0,0,15,1,0,3,54,41,13,7,0.7592592592592593,0.24074074074074073,0.0,0.018518518518518517,0.2777777777777778,0.0,0.0,0.0,0.12962962962962962,1,0.0,python,openeemeter/eeweather,ISDStation.load_tmy3_hourly_temp_data
1,0,3,3,3,0,0,0,1,6,6,3,0,22,4,0,7,109,70,39,11,0.6422018348623854,0.3577981651376147,0.027522935779816515,0.05504587155963303,0.2018348623853211,0.0,0.027522935779816515,0.0,0.10091743119266056,4,0.0,python,wummel/linkchecker,from_text
2,0,12,12,4,0,0,0,3,16,16,12,0,110,9,0,11,407,282,125,13,0.6928746928746928,0.3071253071253071,0.009828009828009828,0.03931203931203931,0.2702702702702703,0.0,0.029484029484029485,0.0,0.03194103194103194,5,0.0,python,4Catalyzer/flask-resty,Api.add_resource
1,0,8,8,1,0,0,0,0,3,3,8,1,44,3,0,3,147,101,46,10,0.6870748299319728,0.3129251700680272,0.006802721088435374,0.02040816326530612,0.29931972789115646,0.0,0.05442176870748299,0.0,0.06802721088435375,2,0.0,python,google/grr,GRRHunt.ProcessClientResourcesStats
1,0,6,6,4,0,0,0,5,14,14,6,2,61,9,0,20,357,237,120,15,0.6638655462184874,0.33613445378151263,0.011204481792717087,0.0392156862745098,0.17086834733893558,0.0,0.01680672268907563,0.0,0.04201680672268908,5,0.0,python,GoogleCloudPlatform/cloud-debug-python,PythonBreakpoint._BreakpointEvent
1,0,6,6,0,2,0,0,1,9,9,6,0,53,7,0,2,204,136,68,14,0.6666666666666666,0.3333333333333333,0.00980392156862745,0.04411764705882353,0.25980392156862747,0.0,0.029411764705882353,0.0,0.06862745098039216,3,0.0,python,epfl-lts2/pygsp,IOMixIn.from_networkx
1,0,30,30,1,2,0,0,0,31,31,30,3,238,4,0,47,927,655,272,11,0.7065803667745415,0.29341963322545844,0.003236245954692557,0.03344120819848975,0.25674217907227614,0.0,0.032362459546925564,0.0,0.011866235167206042,4,0.0,python,apple/turicreate,StyleTransfer.export_coreml
1,0,9,9,3,1,0,0,3,6,6,9,0,47,7,0,24,305,211,94,13,0.6918032786885245,0.3081967213114754,0.013114754098360656,0.019672131147540985,0.1540983606557377,0.0,0.029508196721311476,0.0,0.04262295081967213,5,0.0,python,SuperCowPowers/workbench,VTQuery.execute
1,0,13,13,3,0,0,0,0,4,4,13,2,69,5,0,12,272,186,86,11,0.6838235294117647,0.3161764705882353,0.011029411764705883,0.014705882352941176,0.2536764705882353,0.0,0.04779411764705882,0.0,0.04044117647058824,4,0.0,python,brentp/cruzdb,Genome.create_url
1,0,0,0,0,0,0,0,1,1,1,0,0,12,1,0,6,69,53,16,8,0.7681159420289855,0.2318840579710145,0.0,0.014492753623188406,0.17391304347826086,0.0,0.0,0.0,0.11594202898550725,1,0.0,python,cameronbwhite/Flask-CAS,create_cas_login_url
1,0,0,0,0,0,0,0,1,1,1,0,0,10,1,0,1,34,26,8,6,0.7647058823529411,0.23529411764705882,0.0,0.029411764705882353,0.29411764705882354,0.0,0.0,0.0,0.17647058823529413,1,0.0,python,poppy-project/pypot,simxSetFloatingParameter
1,0,7,7,1,2,0,0,1,10,10,7,0,52,4,0,9,206,145,61,14,0.7038834951456311,0.2961165048543689,0.014563106796116505,0.04854368932038835,0.2524271844660194,0.0,0.03398058252427184,0.0,0.06796116504854369,4,0.0,python,SiLab-Bonn/pyBAR,get_charge
1,0,0,0,1,0,0,0,0,3,3,0,0,11,2,0,4,69,45,24,10,0.6521739130434783,0.34782608695652173,0.014492753623188406,0.043478260869565216,0.15942028985507245,0.0,0.0,0.0,0.14492753623188406,2,0.0,python,QualiSystems/cloudshell-networking-devices,ConfigurationRunner._validate_configuration_type
1,0,10,10,1,2,0,0,1,7,7,10,1,40,4,0,4,154,103,51,10,0.6688311688311688,0.33116883116883117,0.01948051948051948,0.045454545454545456,0.2597402597402597,0.0,0.06493506493506493,0.0,0.06493506493506493,4,0.0,python,openmicroanalysis/pyxray,convert_formula_to_atomic_fractions
1,0,2,2,0,0,0,0,1,2,2,2,1,12,1,0,2,50,33,17,7,0.66,0.34,0.0,0.04,0.24,0.0,0.04,0.0,0.14,1,0.0,python,GoogleCloudPlatform/appengine-gcs-client,posix_to_dt_str
1,0,1,1,0,0,0,0,1,2,2,1,0,14,1,0,2,58,39,19,9,0.6724137931034483,0.3275862068965517,0.0,0.034482758620689655,0.2413793103448276,0.0,0.017241379310344827,0.0,0.15517241379310345,1,0.0,python,philgyford/django-spectator,WorkMixin.get_work_kind
1,0,9,9,2,2,0,0,1,19,19,9,5,100,10,0,14,434,291,143,17,0.6705069124423964,0.3294930875576037,0.009216589861751152,0.04377880184331797,0.2304147465437788,0.0,0.020737327188940093,0.0,0.03917050691244239,5,0.0,python,diging/tethne,write_documents
1,0,3,3,1,0,0,0,0,1,1,3,0,23,3,0,3,83,59,24,8,0.7108433734939759,0.2891566265060241,0.012048192771084338,0.012048192771084338,0.27710843373493976,0.0,0.03614457831325301,0.0,0.0963855421686747,2,0.0,python,StanfordVL/robosuite,Keyboard.on_release
1,0,8,8,2,0,0,0,3,6,6,8,0,55,3,0,26,314,221,93,12,0.7038216560509554,0.2961783439490446,0.006369426751592357,0.01910828025477707,0.1751592356687898,0.0,0.025477707006369428,0.0,0.03821656050955414,3,0.0,python,PlaidWeb/Publ,View._get_count_pagination
1,0,10,10,4,0,1,0,1,10,10,10,0,60,7,0,23,314,220,94,11,0.7006369426751592,0.29936305732484075,0.01592356687898089,0.03184713375796178,0.1910828025477707,0.0,0.03184713375796178,0.0,0.03503184713375796,6,0.0,python,aiven/pghoard,PGHoard.check_backup_count_and_state
1,0,0,0,1,0,0,0,0,1,1,0,0,10,2,0,1,39,26,13,8,0.6666666666666666,0.3333333333333333,0.02564102564102564,0.02564102564102564,0.2564102564102564,0.0,0.0,0.0,0.20512820512820512,2,0.0,python,njharman/die,Roll.remove_die
1,0,2,2,0,2,0,0,0,2,2,2,0,23,3,0,1,81,56,25,11,0.691358024691358,0.30864197530864196,0.024691358024691357,0.024691358024691357,0.2839506172839506,0.0,0.024691358024691357,0.0,0.13580246913580246,3,0.0,python,androguard/androguard,Session.get_classes
1,0,3,3,0,1,0,0,0,3,3,3,0,27,2,0,3,93,65,28,9,0.6989247311827957,0.3010752688172043,0.010752688172043012,0.03225806451612903,0.2903225806451613,0.0,0.03225806451612903,0.0,0.0967741935483871,2,0.0,python,10gen/mongo-orchestration,ReplicaSet.restart
1,0,1,1,1,0,0,0,0,1,1,1,0,11,2,0,3,53,36,17,9,0.6792452830188679,0.32075471698113206,0.018867924528301886,0.018867924528301886,0.20754716981132076,0.0,0.018867924528301886,0.0,0.16981132075471697,2,0.0,python,onnx/onnxmltools,register_shape_calculator
1,0,1,1,0,0,0,0,0,3,3,1,0,14,1,0,4,69,48,21,9,0.6956521739130435,0.30434782608695654,0.0,0.043478260869565216,0.2028985507246377,0.0,0.014492753623188406,0.0,0.13043478260869565,1,0.0,python,skoczen/will,RoomsPlugin.list_rooms
1,0,1,1,0,0,0,0,1,2,2,1,0,18,1,0,2,67,47,20,8,0.7014925373134329,0.29850746268656714,0.0,0.029850746268656716,0.26865671641791045,0.0,0.014925373134328358,0.0,0.11940298507462686,1,0.0,python,metric-learn/metric-learn,_PairsClassifierMixin.decision_function
1,0,0,0,0,0,0,0,0,12,12,0,0,56,1,0,26,330,234,96,10,0.7090909090909091,0.2909090909090909,0.0,0.03636363636363636,0.1696969696969697,0.0,0.0,0.0,0.030303030303030304,1,0.0,python,Autodesk/aomi,secretfile_args
1,0,17,17,3,1,0,0,0,16,16,17,4,114,6,0,17,440,300,140,12,0.6818181818181818,0.3181818181818182,0.00909090909090909,0.03636363636363636,0.2590909090909091,0.0,0.038636363636363635,0.0,0.02727272727272727,5,0.0,python,tanghaibao/jcvi,insertionpairs
1,0,3,3,1,0,0,0,1,10,10,3,4,57,2,0,6,234,160,74,13,0.6837606837606838,0.3162393162393162,0.004273504273504274,0.042735042735042736,0.24358974358974358,0.0,0.01282051282051282,0.0,0.05555555555555555,2,0.0,python,satellogic/telluric,_stack_bands
1,0,0,0,1,1,0,0,2,1,1,0,0,10,3,0,3,47,32,15,8,0.6808510638297872,0.3191489361702128,0.0425531914893617,0.02127659574468085,0.2127659574468085,0.0,0.0,0.0,0.1702127659574468,3,0.0,python,materialsvirtuallab/monty,WildCard.match
1,0,0,0,0,1,0,0,0,2,2,0,0,14,2,0,2,57,39,18,8,0.6842105263157895,0.3157894736842105,0.017543859649122806,0.03508771929824561,0.24561403508771928,0.0,0.0,0.0,0.14035087719298245,2,0.0,python,bfrog/whizzer,MsgPackProtocol.data
1,0,3,3,1,0,0,0,1,16,16,3,0,64,2,0,13,272,190,82,11,0.6985294117647058,0.3014705882352941,0.003676470588235294,0.058823529411764705,0.23529411764705882,0.0,0.011029411764705883,0.0,0.04044117647058824,2,0.0,python,csparpa/pyowm,OWM25.weather_at_places_in_bbox
1,0,8,8,8,3,0,0,0,26,26,8,2,99,14,0,26,506,333,173,18,0.658102766798419,0.34189723320158105,0.021739130434782608,0.05138339920948617,0.1956521739130435,0.0,0.015810276679841896,0.0,0.03557312252964427,12,0.0,python,allenai/allennlp,create_serialization_dir
1,0,6,6,3,0,0,0,4,7,7,6,0,43,6,0,24,265,180,85,15,0.6792452830188679,0.32075471698113206,0.011320754716981131,0.026415094339622643,0.16226415094339622,0.0,0.022641509433962263,0.0,0.05660377358490566,4,0.0,python,senseobservationsystems/commonsense-python-lib,SenseAPI.OauthAuthorizeApplication
1,0,2,2,2,0,0,0,1,2,2,2,0,17,3,0,3,71,46,25,9,0.647887323943662,0.352112676056338,0.028169014084507043,0.028169014084507043,0.23943661971830985,0.0,0.028169014084507043,0.0,0.1267605633802817,3,0.0,python,geertj/gruvi,Stream.close
1,0,5,5,2,0,0,0,2,8,8,5,0,54,3,0,6,205,138,67,10,0.6731707317073171,0.32682926829268294,0.00975609756097561,0.03902439024390244,0.2634146341463415,0.0,0.024390243902439025,0.0,0.04878048780487805,3,0.0,python,angr/angr,CallingConventionAnalysis._analyze_function
1,0,0,0,0,0,0,0,1,1,1,0,1,27,1,0,2,87,62,25,9,0.7126436781609196,0.28735632183908044,0.0,0.011494252873563218,0.3103448275862069,0.0,0.0,0.0,0.10344827586206896,1,0.0,python,zalando/patroni,Retry.copy
1,0,4,4,0,1,0,0,1,7,7,4,0,56,2,0,2,194,137,57,8,0.7061855670103093,0.29381443298969073,0.005154639175257732,0.03608247422680412,0.28865979381443296,0.0,0.020618556701030927,0.0,0.041237113402061855,2,0.0,python,bihealth/vcfpy,QuotedStringSplitter.run
1,0,8,8,3,1,0,0,0,4,4,8,0,36,6,0,10,163,110,53,11,0.6748466257668712,0.32515337423312884,0.024539877300613498,0.024539877300613498,0.22085889570552147,0.0,0.049079754601226995,0.0,0.06748466257668712,5,0.0,python,dtmilano/AndroidViewClient,ViewClient.__updateNavButtons
1,0,0,0,0,0,0,0,1,2,2,0,0,11,1,0,2,47,31,16,10,0.6595744680851063,0.3404255319148936,0.0,0.0425531914893617,0.23404255319148937,0.0,0.0,0.0,0.2127659574468085,1,0.0,python,thunder-project/thunder,Series.min
1,0,5,5,1,0,0,0,1,8,8,5,1,28,2,0,6,135,89,46,9,0.6592592592592592,0.34074074074074073,0.007407407407407408,0.05925925925925926,0.2074074074074074,0.0,0.037037037037037035,0.0,0.06666666666666667,2,0.0,python,bokeh/bokeh,read_url
1,0,1,1,2,0,0,0,0,7,7,1,2,30,3,0,11,159,107,52,11,0.6729559748427673,0.3270440251572327,0.012578616352201259,0.0440251572327044,0.18867924528301888,0.0,0.006289308176100629,0.0,0.06918238993710692,3,0.0,python,inspirehep/inspire-crawler,get_job_logs
1,0,0,0,0,0,0,0,0,3,3,0,0,13,1,0,2,54,38,16,7,0.7037037037037037,0.2962962962962963,0.0,0.05555555555555555,0.24074074074074073,0.0,0.0,0.0,0.12962962962962962,1,0.0,python,mozilla/python-zeppelin,MarkdownConverter.convert
1,0,17,17,26,2,0,0,16,26,26,17,0,150,40,0,40,750,489,261,15,0.652,0.348,0.037333333333333336,0.034666666666666665,0.2,0.0,0.02266666666666667,0.0,0.02,29,0.0,python,fabiocaccamo/django-maintenance-mode,need_maintenance_response
1,0,3,3,1,1,0,0,0,6,6,3,0,39,3,0,7,161,116,45,13,0.7204968944099379,0.2795031055900621,0.012422360248447204,0.037267080745341616,0.2422360248447205,0.0,0.018633540372670808,0.0,0.08074534161490683,3,0.0,python,BD2KGenomics/toil-scripts,download_shared_files
1,0,4,4,0,0,0,0,1,5,5,4,0,21,1,0,4,89,60,29,8,0.6741573033707865,0.3258426966292135,0.0,0.056179775280898875,0.23595505617977527,0.0,0.0449438202247191,0.0,0.0898876404494382,1,0.0,python,Jayin/ETipsService,WyuNews.get_news_content
1,0,7,7,0,1,0,0,0,4,4,7,2,40,2,0,12,200,144,56,9,0.72,0.28,0.005,0.02,0.2,0.0,0.035,0.0,0.045,2,0.0,python,dlintott/gns3-converter,Node.add_slot_ports
1,0,1,1,0,0,0,0,1,4,4,1,0,11,1,0,1,51,32,19,9,0.6274509803921569,0.37254901960784315,0.0,0.0784313725490196,0.21568627450980393,0.0,0.0196078431372549,0.0,0.17647058823529413,1,0.0,python,mila/pyoo,VerticalCellRange.__get_values
1,0,0,0,0,0,0,0,1,1,1,0,0,10,1,0,1,43,29,14,10,0.6744186046511628,0.32558139534883723,0.0,0.023255813953488372,0.23255813953488372,0.0,0.0,0.0,0.23255813953488372,1,0.0,python,DAI-Lab/Copulas,Edge.sort_edge
1,0,0,0,1,0,0,0,1,2,2,0,1,12,2,0,2,58,38,20,10,0.6551724137931034,0.3448275862068966,0.017241379310344827,0.034482758620689655,0.20689655172413793,0.0,0.0,0.0,0.1724137931034483,2,0.0,python,kodexlab/reliure,Optionable.get_option_value
1,0,1,1,0,0,0,0,1,3,3,1,0,21,1,0,3,76,56,20,9,0.7368421052631579,0.2631578947368421,0.0,0.039473684210526314,0.27631578947368424,0.0,0.013157894736842105,0.0,0.11842105263157894,1,0.0,python,numenta/htmresearch,_sampleRange
1,0,0,0,0,0,0,0,1,2,2,0,0,12,1,0,1,50,35,15,8,0.7,0.3,0.0,0.04,0.24,0.0,0.0,0.0,0.16,1,0.0,python,opennode/waldur-core,CreationTimeStatsView.list
1,0,27,27,7,2,0,0,2,51,51,27,1,237,16,0,64,1177,802,375,15,0.6813933729821581,0.318606627017842,0.0076465590484282074,0.04333050127442651,0.20135938827527614,0.0,0.022939677145284623,0.0,0.012744265080713678,10,0.0,python,jtwhite79/pyemu,setup_sfr_reach_parameters
1,0,10,10,3,0,0,0,2,11,11,10,0,61,6,0,7,244,163,81,10,0.6680327868852459,0.3319672131147541,0.012295081967213115,0.045081967213114756,0.25,0.0,0.040983606557377046,0.0,0.040983606557377046,4,0.0,python,data61/clkhash,IntegerSpec.validate
2,0,7,7,2,0,0,0,1,21,21,7,9,67,4,0,22,346,229,117,16,0.661849710982659,0.33815028901734107,0.005780346820809248,0.06069364161849711,0.1936416184971098,0.0,0.02023121387283237,0.0,0.046242774566473986,3,0.0,python,TaylorSMarks/playsound,_playsoundWin
1,0,0,0,0,0,0,0,1,3,3,0,0,12,1,0,4,67,45,22,11,0.6716417910447762,0.3283582089552239,0.0,0.04477611940298507,0.1791044776119403,0.0,0.0,0.0,0.16417910447761194,1,0.0,python,clusterpoint/python-client-api,Response.get_content_string
1,0,0,0,0,0,0,0,0,2,2,0,0,17,1,0,4,72,52,20,9,0.7222222222222222,0.2777777777777778,0.0,0.027777777777777776,0.2361111111111111,0.0,0.0,0.0,0.125,1,0.0,python,line/line-bot-sdk-python,LineBotApi.set_rich_menu_image
1,0,5,5,2,0,1,0,2,15,15,5,1,48,7,0,16,251,162,89,15,0.6454183266932271,0.3545816733067729,0.01195219123505976,0.05976095617529881,0.19123505976095617,0.0,0.0199203187250996,0.0,0.05976095617529881,4,0.0,python,cons3rt/pycons3rt,is_aws
1,0,3,3,0,0,0,0,0,4,4,3,0,17,1,0,1,67,43,24,7,0.6417910447761194,0.3582089552238806,0.0,0.05970149253731343,0.2537313432835821,0.0,0.04477611940298507,0.0,0.1044776119402985,1,0.0,python,bitesofcode/projexui,XTimerLabel.reset
1,0,11,11,0,0,0,0,0,44,44,11,11,127,3,0,33,595,402,193,11,0.6756302521008404,0.3243697478991597,0.0,0.07394957983193277,0.2134453781512605,0.0,0.018487394957983194,0.0,0.018487394957983194,1,0.0,python,creare-com/pydem,DEMProcessor._plot_debug_slopes_directions
1,0,2,2,0,2,0,0,0,7,7,2,0,31,5,0,3,129,87,42,14,0.6744186046511628,0.32558139534883723,0.015503875968992248,0.05426356589147287,0.24031007751937986,0.0,0.015503875968992248,0.0,0.10852713178294573,3,0.0,python,Yelp/kafka-utils,PartitionCountBalancer.decommission_brokers
1,0,0,0,0,0,0,0,0,3,3,0,0,14,1,0,1,52,35,17,11,0.6730769230769231,0.3269230769230769,0.0,0.057692307692307696,0.2692307692307692,0.0,0.0,0.0,0.21153846153846154,1,0.0,python,peepall/FancyLogger,FancyLogger.info
1,0,0,0,1,0,0,0,1,1,1,0,3,14,2,0,7,72,50,22,9,0.6944444444444444,0.3055555555555556,0.013888888888888888,0.013888888888888888,0.19444444444444445,0.0,0.0,0.0,0.125,2,0.0,python,adafruit/Adafruit_Python_LED_Backpack,Matrix8x16.set_pixel
1,0,1,1,1,0,0,0,2,3,3,1,0,12,2,0,6,68,45,23,8,0.6617647058823529,0.3382352941176471,0.014705882352941176,0.04411764705882353,0.17647058823529413,0.0,0.014705882352941176,0.0,0.11764705882352941,2,0.0,python,ejeschke/ginga,GingaShell.prev_img
2,0,0,0,0,0,0,0,2,2,2,0,1,20,2,0,3,88,61,27,14,0.6931818181818182,0.3068181818181818,0.0,0.022727272727272728,0.22727272727272727,0.0,0.0,0.0,0.1590909090909091,1,0.0,python,nickoala/telepot,include_callback_query_chat_id
1,0,1,1,1,0,0,0,2,4,4,1,0,22,2,0,7,109,75,34,10,0.6880733944954128,0.3119266055045872,0.009174311926605505,0.03669724770642202,0.2018348623853211,0.0,0.009174311926605505,0.0,0.09174311926605505,2,0.0,python,ejeschke/ginga,ImageViewBase.getwin_buffer
1,0,7,7,1,0,0,0,3,8,7,7,1,56,6,0,11,254,176,78,13,0.6929133858267716,0.30708661417322836,0.003937007874015748,0.031496062992125984,0.2204724409448819,0.0,0.027559055118110236,0.0,0.051181102362204724,2,0.0,python,openstack/horizon,UpdateProject._update_project
1,0,9,9,11,0,0,0,1,27,27,9,0,79,13,0,46,549,374,175,11,0.6812386156648452,0.31876138433515483,0.020036429872495445,0.04918032786885246,0.14389799635701275,0.0,0.01639344262295082,0.0,0.020036429872495445,12,0.0,python,saltstack/salt,import_
1,0,0,0,0,0,0,0,0,1,1,0,0,12,1,0,4,50,38,12,7,0.76,0.24,0.0,0.02,0.24,0.0,0.0,0.0,0.14,1,0.0,python,quora/qcore,assert_in
1,0,0,0,0,0,0,0,0,6,6,0,0,22,4,0,4,105,68,37,13,0.6476190476190476,0.3523809523809524,0.0,0.05714285714285714,0.20952380952380953,0.0,0.0,0.0,0.12380952380952381,1,0.0,python,eyurtsev/FlowCytometryTools,save
1,0,4,4,0,0,0,0,0,2,2,4,0,22,1,0,4,87,59,28,7,0.6781609195402298,0.3218390804597701,0.0,0.022988505747126436,0.25287356321839083,0.0,0.04597701149425287,0.0,0.08045977011494253,1,0.0,python,nitmir/django-cas-server,LogoutView.init_get
1,0,9,9,2,1,0,0,1,17,17,9,6,74,5,0,13,320,217,103,16,0.678125,0.321875,0.009375,0.053125,0.23125,0.0,0.028125,0.0,0.05,4,0.0,python,NuGrid/NuGridPy,se.get_elemental_abunds
1,0,6,6,3,0,0,0,1,5,5,6,0,38,4,0,18,221,155,66,9,0.7013574660633484,0.2986425339366516,0.013574660633484163,0.02262443438914027,0.17194570135746606,0.0,0.027149321266968326,0.0,0.04072398190045249,4,0.0,python,Microsoft/azure-devops-python-api,IdentityClient.read_member
1,0,2,2,0,0,0,0,1,3,3,2,0,55,1,0,11,219,160,59,9,0.730593607305936,0.2694063926940639,0.0,0.0136986301369863,0.2511415525114155,0.0,0.0091324200913242,0.0,0.0410958904109589,1,0.0,python,twilio/twilio-python,CountryList.page
1,0,5,5,3,0,0,0,0,15,15,5,0,45,4,0,7,199,131,68,15,0.6582914572864321,0.3417085427135678,0.01507537688442211,0.07537688442211055,0.22613065326633167,0.0,0.02512562814070352,0.0,0.07537688442211055,4,0.0,python,PyCQA/pydocstyle,ConventionChecker.check_no_blank_before
3,0,23,23,8,4,0,0,4,19,19,23,2,157,19,0,6,545,364,181,14,0.6678899082568808,0.3321100917431193,0.022018348623853212,0.03486238532110092,0.28807339449541286,0.0,0.04220183486238532,0.0,0.025688073394495414,13,0.0,python,angr/pyvex,IRSB.extend
3,0,21,21,7,2,0,0,5,22,22,21,9,163,20,0,31,719,496,223,14,0.6898470097357441,0.3101529902642559,0.012517385257301807,0.030598052851182198,0.2267037552155772,0.0,0.02920723226703755,0.0,0.019471488178025034,10,0.0,python,yueyoum/social-oauth,Router.add
1,0,12,12,0,0,0,0,1,12,12,12,0,50,1,0,12,219,150,69,7,0.684931506849315,0.3150684931506849,0.0,0.0547945205479452,0.228310502283105,0.0,0.0547945205479452,0.0,0.0319634703196347,1,0.0,python,brocade/pynos,brocade_interface_ext.get_interface_detail_output_interface_wavelength
1,0,1,1,2,0,0,0,0,5,5,1,0,21,4,0,5,105,69,36,12,0.6571428571428571,0.34285714285714286,0.01904761904761905,0.047619047619047616,0.2,0.0,0.009523809523809525,0.0,0.11428571428571428,3,0.0,python,lemieuxl/pyplink,PyPlink.seek
2,0,3,3,0,0,0,0,1,2,2,3,0,24,2,0,4,108,76,32,8,0.7037037037037037,0.2962962962962963,0.0,0.018518518518518517,0.2222222222222222,0.0,0.027777777777777776,0.0,0.07407407407407407,1,0.0,python,DeepHorizons/iarm,UnconditionalBranch.BL
1,0,0,0,0,0,0,0,0,1,1,0,0,9,1,0,2,35,25,10,6,0.7142857142857143,0.2857142857142857,0.0,0.02857142857142857,0.2571428571428571,0.0,0.0,0.0,0.17142857142857143,1,0.0,python,benhoff/pluginmanager,PluginInterface.add_plugin_directories
1,0,3,3,0,2,0,0,1,6,6,3,0,27,3,0,8,130,94,36,15,0.7230769230769231,0.27692307692307694,0.015384615384615385,0.046153846153846156,0.2076923076923077,0.0,0.023076923076923078,0.0,0.11538461538461539,3,0.0,python,honzamach/pydgets,TableWidget.table_measure
1,0,10,10,2,1,0,0,0,11,11,10,0,48,6,0,12,232,154,78,11,0.6637931034482759,0.33620689655172414,0.01293103448275862,0.04741379310344827,0.20689655172413793,0.0,0.04310344827586207,0.0,0.04741379310344827,4,0.0,python,tanghaibao/jcvi,genestatus
1,0,0,0,1,1,0,0,0,4,4,0,0,16,3,0,3,77,51,26,11,0.6623376623376623,0.33766233766233766,0.025974025974025976,0.05194805194805195,0.2077922077922078,0.0,0.0,0.0,0.14285714285714285,3,0.0,python,chaosmail/python-fs,list
1,0,3,3,0,0,0,0,0,1,1,3,0,15,1,0,3,62,43,19,9,0.6935483870967742,0.3064516129032258,0.0,0.016129032258064516,0.24193548387096775,0.0,0.04838709677419355,0.0,0.14516129032258066,1,0.0,python,m32/endesive,Template.load_elements
1,0,4,4,2,0,0,0,0,6,6,4,0,41,5,0,4,150,101,49,9,0.6733333333333333,0.32666666666666666,0.013333333333333334,0.04,0.2733333333333333,0.0,0.02666666666666667,0.0,0.06,3,0.0,python,PmagPy/PmagPy,MagMainFrame.set_dm
1,0,1,1,0,0,0,0,1,3,3,1,0,30,1,0,7,117,85,32,10,0.7264957264957265,0.27350427350427353,0.0,0.02564102564102564,0.2564102564102564,0.0,0.008547008547008548,0.0,0.08547008547008547,1,0.0,python,modin-project/modin,BasePandasDataset.rank
1,0,2,2,2,1,0,0,0,8,8,2,0,32,6,0,6,155,104,51,13,0.6709677419354839,0.32903225806451614,0.01935483870967742,0.05161290322580645,0.2064516129032258,0.0,0.012903225806451613,0.0,0.08387096774193549,4,0.0,python,satori-ng/hooker,EventList.append
1,0,0,0,0,0,0,0,0,4,4,0,0,31,1,0,1,98,69,29,6,0.7040816326530612,0.29591836734693877,0.0,0.04081632653061224,0.3163265306122449,0.0,0.0,0.0,0.061224489795918366,1,0.0,python,iotile/coretools,AWSIOTDeviceAdapter._bind_topics
1,0,4,4,3,2,0,0,1,5,5,4,11,45,6,0,18,216,148,68,15,0.6851851851851852,0.3148148148148148,0.023148148148148147,0.023148148148148147,0.20833333333333334,0.0,0.018518518518518517,0.0,0.06944444444444445,6,0.0,python,flowersteam/explauto,CMADataLogger.downsampling
1,0,4,4,1,0,0,0,1,10,10,4,0,46,4,0,11,198,134,64,10,0.6767676767676768,0.32323232323232326,0.005050505050505051,0.050505050505050504,0.23232323232323232,0.0,0.020202020202020204,0.0,0.050505050505050504,2,0.0,python,apple/turicreate,plot_tree
1,0,2,2,1,1,0,0,2,4,4,2,0,17,3,0,4,82,54,28,13,0.6585365853658537,0.34146341463414637,0.024390243902439025,0.04878048780487805,0.2073170731707317,0.0,0.024390243902439025,0.0,0.15853658536585366,3,0.0,python,janpipek/physt,is_bin_subset
1,0,1,1,0,0,0,0,1,5,5,1,0,12,3,0,4,72,46,26,9,0.6388888888888888,0.3611111111111111,0.0,0.06944444444444445,0.16666666666666666,0.0,0.013888888888888888,0.0,0.125,1,0.0,python,shawnsilva/steamwebapi,_SteamWebAPI.retrieve_request
1,0,0,0,1,0,0,0,0,1,1,0,0,12,2,0,2,52,36,16,9,0.6923076923076923,0.3076923076923077,0.019230769230769232,0.019230769230769232,0.23076923076923078,0.0,0.0,0.0,0.17307692307692307,2,0.0,python,tcalmant/ipopo,ServiceRegistrationHandler.on_property_change
1,0,2,2,1,0,0,0,1,1,1,2,0,11,2,0,6,67,46,21,8,0.6865671641791045,0.31343283582089554,0.014925373134328358,0.014925373134328358,0.16417910447761194,0.0,0.029850746268656716,0.0,0.11940298507462686,2,0.0,python,sammchardy/python-kucoin,Client.cancel_all_orders
1,0,4,4,1,0,0,0,1,2,2,4,0,30,3,0,5,111,83,28,8,0.7477477477477478,0.25225225225225223,0.009009009009009009,0.018018018018018018,0.2702702702702703,0.0,0.036036036036036036,0.0,0.07207207207207207,2,0.0,python,vallis/libstempo,solve_coupled_ecc_solution
1,0,3,3,3,1,0,0,0,7,7,3,0,46,8,0,6,208,141,67,15,0.6778846153846154,0.32211538461538464,0.019230769230769232,0.03365384615384615,0.22115384615384615,0.0,0.014423076923076924,0.0,0.07211538461538461,5,0.0,python,openego/ding0,assign_bus_results
1,0,3,3,3,0,0,0,3,7,7,3,0,32,8,0,6,155,99,56,15,0.6387096774193548,0.36129032258064514,0.01935483870967742,0.04516129032258064,0.2064516129032258,0.0,0.01935483870967742,0.0,0.0967741935483871,4,0.0,python,pydata/xarray,_contains_cftime_datetimes
1,0,0,0,0,0,0,0,1,3,2,0,0,14,1,0,2,62,41,21,10,0.6612903225806451,0.3387096774193548,0.0,0.04838709677419355,0.22580645161290322,0.0,0.0,0.0,0.16129032258064516,1,0.0,python,secdev/scapy,LargeTlvBuilder.get_data
3,3,0,0,4,0,0,0,0,6,6,2,4,27,8,5,4,170,112,58,17,0.6588235294117647,0.3411764705882353,0.023529411764705882,0.03529411764705882,0.1588235294117647,0.029411764705882353,0.0,0.029411764705882353,0.1,5,1.0,javascript,Spiffyk/twitch-node-sdk,getStatus
1,1,2,2,3,0,0,0,1,7,7,2,3,41,6,7,6,220,148,72,15,0.6727272727272727,0.32727272727272727,0.013636363636363636,0.031818181818181815,0.18636363636363637,0.031818181818181815,0.00909090909090909,0.031818181818181815,0.06818181818181818,4,1.0,javascript,Tamersoul/magic-wand-js,
1,1,1,1,2,0,0,0,1,0,0,6,2,24,4,6,12,176,119,57,12,0.6761363636363636,0.32386363636363635,0.011363636363636364,0.0,0.13636363636363635,0.03409090909090909,0.005681818181818182,0.03409090909090909,0.06818181818181818,3,1.0,javascript,Accela-Inc/accela-rest-nodejs,setAuthType
1,1,1,1,0,0,0,0,1,3,3,0,4,28,1,1,4,128,89,39,13,0.6953125,0.3046875,0.0,0.0234375,0.21875,0.0078125,0.0078125,0.0078125,0.1015625,1,1.0,javascript,rowanmanning/thingme,createWebservice
1,1,3,3,2,0,0,0,1,5,5,2,1,46,4,5,1,219,150,69,13,0.684931506849315,0.3150684931506849,0.0091324200913242,0.0228310502283105,0.2100456621004566,0.0228310502283105,0.0136986301369863,0.0228310502283105,0.0593607305936073,3,1.0,javascript,ariatemplates/ariatemplates,
1,1,1,1,2,0,0,0,3,5,5,2,1,23,7,3,2,120,78,42,12,0.65,0.35,0.016666666666666666,0.041666666666666664,0.19166666666666668,0.025,0.008333333333333333,0.025,0.1,3,1.0,javascript,cp2017/sign,
1,1,0,0,1,0,0,0,2,0,0,0,2,11,2,0,2,56,38,18,10,0.6785714285714286,0.32142857142857145,0.017857142857142856,0.0,0.19642857142857142,0.0,0.0,0.0,0.17857142857142858,2,1.0,javascript,eclipse/orion.client,run
1,1,1,1,3,0,0,0,1,4,4,2,12,38,4,2,8,206,142,64,16,0.6893203883495146,0.3106796116504854,0.014563106796116505,0.019417475728155338,0.18446601941747573,0.009708737864077669,0.0048543689320388345,0.009708737864077669,0.07766990291262135,4,1.0,javascript,nodeGame/nodegame-server,strGetter
1,1,4,4,6,0,0,0,0,3,3,9,14,68,9,11,8,311,207,104,21,0.6655948553054662,0.33440514469453375,0.01929260450160772,0.00964630225080386,0.21864951768488747,0.03536977491961415,0.012861736334405145,0.03536977491961415,0.06752411575562701,7,1.0,javascript,neyric/webhookit,
1,1,5,5,4,0,0,0,0,14,14,0,6,61,5,7,10,323,215,108,19,0.6656346749226006,0.33436532507739936,0.01238390092879257,0.043343653250773995,0.18885448916408668,0.021671826625386997,0.015479876160990712,0.021671826625386997,0.058823529411764705,5,1.0,javascript,alonbardavid/coffee-script-mapped,handleUncaughtExceptions
1,1,6,6,0,0,0,0,1,7,7,0,55,43,1,0,39,356,237,119,17,0.6657303370786517,0.3342696629213483,0.0,0.019662921348314606,0.12078651685393259,0.0,0.016853932584269662,0.0,0.047752808988764044,1,1.0,javascript,hebcal/hebcal-js,hebElapsedDays
1,2,1,1,2,0,0,0,3,7,7,1,3,37,5,1,2,157,106,51,17,0.6751592356687898,0.3248407643312102,0.012738853503184714,0.044585987261146494,0.2356687898089172,0.006369426751592357,0.006369426751592357,0.006369426751592357,0.10828025477707007,3,2.0,javascript,ssbc/patchwork,onlyFollowing
1,1,5,5,4,1,0,0,0,6,6,4,4,55,4,5,11,288,197,91,14,0.6840277777777778,0.3159722222222222,0.017361111111111112,0.020833333333333332,0.1909722222222222,0.017361111111111112,0.017361111111111112,0.017361111111111112,0.04861111111111111,6,1.0,javascript,brynbellomy/otis,switchTab
1,1,7,7,3,0,0,0,2,9,9,7,2,65,5,9,5,305,211,94,13,0.6918032786885245,0.3081967213114754,0.009836065573770493,0.029508196721311476,0.21311475409836064,0.029508196721311476,0.022950819672131147,0.029508196721311476,0.04262295081967213,4,1.0,javascript,5long/roil,
5,5,5,5,3,0,0,0,0,10,10,8,0,55,13,15,4,332,222,110,17,0.6686746987951807,0.3313253012048193,0.009036144578313253,0.030120481927710843,0.16566265060240964,0.045180722891566265,0.015060240963855422,0.045180722891566265,0.05120481927710843,4,1.0,javascript,sociomantic-tsunami/nessie-ui,
1,1,0,0,0,0,0,0,0,3,3,4,0,19,1,5,0,86,58,28,10,0.6744186046511628,0.32558139534883723,0.0,0.03488372093023256,0.22093023255813954,0.05813953488372093,0.0,0.05813953488372093,0.11627906976744186,1,1.0,javascript,keleko34/czosnek,attachExtensions
1,1,6,6,4,2,0,0,0,0,0,9,4,50,7,7,3,218,149,69,16,0.6834862385321101,0.3165137614678899,0.027522935779816515,0.0,0.22935779816513763,0.03211009174311927,0.027522935779816515,0.03211009174311927,0.07339449541284404,7,1.0,javascript,neyric/webhookit,
1,1,0,0,2,0,0,0,2,1,1,1,2,8,3,1,4,68,45,23,7,0.6617647058823529,0.3382352941176471,0.029411764705882353,0.014705882352941176,0.11764705882352941,0.014705882352941176,0.0,0.014705882352941176,0.10294117647058823,3,1.0,javascript,rhdeck/yarnif,useYarn
1,1,1,1,3,0,0,0,0,5,5,0,4,22,6,4,4,145,97,48,12,0.6689655172413793,0.3310344827586207,0.020689655172413793,0.034482758620689655,0.15172413793103448,0.027586206896551724,0.006896551724137931,0.027586206896551724,0.08275862068965517,4,1.0,javascript,melonjs/melonJS,soundLoadError
1,1,0,0,5,0,0,0,3,2,2,0,5,10,6,1,7,118,77,41,13,0.652542372881356,0.3474576271186441,0.0423728813559322,0.01694915254237288,0.0847457627118644,0.00847457627118644,0.0,0.00847457627118644,0.11016949152542373,6,1.0,javascript,ten1seven/jRespond,
3,3,7,7,2,0,0,0,0,8,8,13,11,81,7,18,18,464,318,146,22,0.6853448275862069,0.3146551724137931,0.004310344827586207,0.017241379310344827,0.17456896551724138,0.03879310344827586,0.015086206896551725,0.03879310344827586,0.04741379310344827,3,1.0,javascript,saltfactory/passport-tistory,TistoryStrategy
1,1,0,0,5,0,0,0,2,4,4,6,4,35,7,6,2,247,164,83,13,0.6639676113360324,0.3360323886639676,0.020242914979757085,0.016194331983805668,0.1417004048582996,0.024291497975708502,0.0,0.024291497975708502,0.05263157894736842,6,1.0,javascript,AppGeo/cartodb,toSQL
5,5,5,5,6,0,0,0,2,40,40,0,1,101,15,28,27,660,431,229,19,0.6530303030303031,0.346969696969697,0.00909090909090909,0.06060606060606061,0.15303030303030302,0.04242424242424243,0.007575757575757576,0.04242424242424243,0.02878787878787879,7,1.0,javascript,apache/incubator-echarts,run
1,1,6,6,0,0,0,0,1,2,2,4,12,37,1,5,12,221,151,70,10,0.6832579185520362,0.3167420814479638,0.0,0.00904977375565611,0.167420814479638,0.02262443438914027,0.027149321266968326,0.02262443438914027,0.04524886877828054,1,1.0,javascript,freiksenet/react-kinetic,
2,2,1,1,0,0,0,0,2,3,3,0,0,17,2,3,3,91,63,28,10,0.6923076923076923,0.3076923076923077,0.0,0.03296703296703297,0.18681318681318682,0.03296703296703297,0.01098901098901099,0.03296703296703297,0.10989010989010989,1,1.0,javascript,stampit-org/stamp,
6,6,4,4,7,0,0,0,3,11,11,7,9,80,15,14,4,427,288,139,17,0.6744730679156908,0.3255269320843091,0.01639344262295082,0.02576112412177986,0.1873536299765808,0.03278688524590164,0.00936768149882904,0.03278688524590164,0.03981264637002342,8,1.0,javascript,baidu/san,loadModule
2,2,0,0,0,0,0,0,0,4,4,3,0,11,2,5,4,92,60,32,11,0.6521739130434783,0.34782608695652173,0.0,0.043478260869565216,0.11956521739130435,0.05434782608695652,0.0,0.05434782608695652,0.11956521739130435,1,1.0,javascript,mage/mage,Store
1,1,1,1,4,0,0,0,0,1,1,12,9,43,6,11,4,235,158,77,15,0.6723404255319149,0.3276595744680851,0.01702127659574468,0.00425531914893617,0.1829787234042553,0.04680851063829787,0.00425531914893617,0.04680851063829787,0.06382978723404255,5,1.0,javascript,reelyactive/advlib,Identifier
1,1,1,1,0,0,0,0,1,2,2,5,6,32,1,5,6,129,88,41,11,0.6821705426356589,0.3178294573643411,0.0,0.015503875968992248,0.24806201550387597,0.03875968992248062,0.007751937984496124,0.03875968992248062,0.08527131782945736,1,1.0,javascript,InsideInc/node-pinterest-api,buildResponse
1,1,14,14,6,3,0,0,1,10,10,13,18,111,10,15,18,555,379,176,15,0.6828828828828829,0.3171171171171171,0.016216216216216217,0.018018018018018018,0.2,0.02702702702702703,0.025225225225225224,0.02702702702702703,0.02702702702702703,10,1.0,javascript,adamlofting/geckoboard-json,lineChart
1,1,2,2,0,0,0,0,1,8,8,2,0,26,1,2,1,123,84,39,13,0.6829268292682927,0.3170731707317073,0.0,0.06504065040650407,0.21138211382113822,0.016260162601626018,0.016260162601626018,0.016260162601626018,0.10569105691056911,1,1.0,javascript,firefox-devtools/debugger,wrapExpressionFromAst
1,1,4,4,2,0,0,0,0,7,7,0,1,34,3,4,3,197,135,62,12,0.6852791878172588,0.3147208121827411,0.01015228426395939,0.03553299492385787,0.17258883248730963,0.02030456852791878,0.02030456852791878,0.02030456852791878,0.06091370558375635,3,1.0,javascript,julianburr/sketchtool-cli,runPluginWithIdentifier
2,2,2,2,1,0,0,0,1,2,2,0,5,24,3,1,1,117,77,40,14,0.6581196581196581,0.3418803418803419,0.008547008547008548,0.017094017094017096,0.20512820512820512,0.008547008547008548,0.017094017094017096,0.008547008547008548,0.11965811965811966,2,1.0,javascript,mu29/react-radio-buttons,componentWillReceiveProps
8,8,2,2,4,0,1,1,11,19,19,12,2,103,13,13,18,553,372,181,36,0.6726943942133815,0.32730560578661844,0.009041591320072333,0.034358047016274866,0.18625678119349007,0.023508137432188065,0.003616636528028933,0.023508137432188065,0.0650994575045208,6,1.0,javascript,pubkey/broadcast-channel,_handleMessagePing
1,1,2,2,1,0,0,0,1,4,4,1,1,17,2,1,4,115,81,34,9,0.7043478260869566,0.2956521739130435,0.008695652173913044,0.034782608695652174,0.14782608695652175,0.008695652173913044,0.017391304347826087,0.008695652173913044,0.0782608695652174,2,1.0,javascript,jmjuanes/electron-ejs,ParsePath
1,1,4,4,1,1,0,0,2,4,4,1,4,26,2,1,7,124,87,37,10,0.7016129032258065,0.29838709677419356,0.016129032258064516,0.03225806451612903,0.20967741935483872,0.008064516129032258,0.03225806451612903,0.008064516129032258,0.08064516129032258,3,1.0,javascript,chirashijs/chirashi,getStyleProp
1,1,4,4,2,0,0,0,1,11,11,3,5,45,5,3,14,280,189,91,14,0.675,0.325,0.007142857142857143,0.039285714285714285,0.16071428571428573,0.010714285714285714,0.014285714285714285,0.010714285714285714,0.05,3,1.0,javascript,Biyaheroes/bh-mj-issue,documentParser
1,3,0,0,1,0,0,0,1,4,4,0,0,13,5,4,0,82,53,29,20,0.6463414634146342,0.35365853658536583,0.012195121951219513,0.04878048780487805,0.15853658536585366,0.04878048780487805,0.0,0.04878048780487805,0.24390243902439024,2,3.0,javascript,dbowring/elm-forest,
1,1,0,0,1,0,0,0,0,2,2,1,1,11,2,3,1,60,39,21,8,0.65,0.35,0.016666666666666666,0.03333333333333333,0.18333333333333332,0.05,0.0,0.05,0.13333333333333333,2,1.0,javascript,ArnaudBuchholz/gpf-js,_onScroll
1,1,1,1,2,0,0,0,1,7,7,1,2,28,3,1,6,140,98,42,10,0.7,0.3,0.014285714285714285,0.05,0.2,0.007142857142857143,0.007142857142857143,0.007142857142857143,0.07142857142857142,3,1.0,javascript,gallactic/gallactickeys,verifyAndDecrypt
1,1,2,2,5,0,0,0,5,4,4,1,9,46,9,2,9,267,185,82,15,0.6928838951310862,0.30711610486891383,0.018726591760299626,0.0149812734082397,0.17228464419475656,0.00749063670411985,0.00749063670411985,0.00749063670411985,0.056179775280898875,6,1.0,javascript,canjs/can-view-scope,
2,2,2,2,2,0,0,0,0,5,5,1,11,35,4,5,13,217,146,71,18,0.6728110599078341,0.3271889400921659,0.009216589861751152,0.02304147465437788,0.16129032258064516,0.02304147465437788,0.009216589861751152,0.02304147465437788,0.08294930875576037,3,1.0,javascript,claudio-silva/grunt-angular-builder,warnAboutGlobalCode
1,1,0,0,2,0,0,0,2,1,1,1,0,14,3,1,0,70,49,21,10,0.7,0.3,0.02857142857142857,0.014285714285714285,0.2,0.014285714285714285,0.0,0.014285714285714285,0.14285714285714285,3,1.0,javascript,jonschlinkert/normalize-config,copyNonfiles
1,1,2,2,1,0,0,0,0,0,0,2,0,13,2,4,0,71,47,24,10,0.6619718309859155,0.3380281690140845,0.014084507042253521,0.0,0.18309859154929578,0.056338028169014086,0.028169014084507043,0.056338028169014086,0.14084507042253522,2,1.0,javascript,pissang/claygl,
1,1,3,3,0,0,0,0,1,1,1,0,5,14,1,0,4,69,49,20,10,0.7101449275362319,0.2898550724637681,0.0,0.014492753623188406,0.2028985507246377,0.0,0.043478260869565216,0.0,0.14492753623188406,1,1.0,javascript,openaps/oref0,calculate_expected_delta
1,1,0,0,0,0,0,0,0,8,8,3,0,20,1,4,5,133,87,46,13,0.6541353383458647,0.3458646616541353,0.0,0.06015037593984962,0.15037593984962405,0.03007518796992481,0.0,0.03007518796992481,0.09774436090225563,1,1.0,javascript,chapmanu/hb,
1,1,1,1,2,0,0,0,0,2,2,2,4,20,3,4,6,98,66,32,8,0.673469387755102,0.32653061224489793,0.02040816326530612,0.02040816326530612,0.20408163265306123,0.04081632653061224,0.01020408163265306,0.04081632653061224,0.08163265306122448,3,1.0,javascript,kentcdodds/genie,_repositionWishIdInEnteredMagicWordsArray
1,1,1,1,1,0,0,0,0,3,3,0,3,20,2,2,1,86,59,27,12,0.686046511627907,0.313953488372093,0.011627906976744186,0.03488372093023256,0.23255813953488372,0.023255813953488372,0.011627906976744186,0.023255813953488372,0.13953488372093023,2,1.0,javascript,adobe/brackets,openDocument
9,9,3,3,0,0,0,0,9,14,14,1,0,73,9,2,0,318,220,98,17,0.6918238993710691,0.3081761006289308,0.0,0.0440251572327044,0.22955974842767296,0.006289308176100629,0.009433962264150943,0.006289308176100629,0.05345911949685535,1,1.0,javascript,firebase/angularfire,FirebaseStorage
2,2,1,1,1,0,0,0,2,4,4,5,4,57,3,5,0,231,155,76,13,0.670995670995671,0.329004329004329,0.004329004329004329,0.017316017316017316,0.24675324675324675,0.021645021645021644,0.004329004329004329,0.021645021645021644,0.05627705627705628,2,1.0,javascript,throneteki/throneteki-deck-helper,formatDeckAsShortCards
1,1,0,0,2,0,0,0,2,9,9,4,2,26,4,10,1,180,117,63,9,0.65,0.35,0.011111111111111112,0.05,0.14444444444444443,0.05555555555555555,0.0,0.05555555555555555,0.05,3,1.0,javascript,boilerplates/scaffold,Scaffold
1,1,2,2,13,1,0,0,6,7,7,16,41,196,18,25,17,861,592,269,20,0.6875725900116144,0.3124274099883856,0.016260162601626018,0.008130081300813009,0.22764227642276422,0.029036004645760744,0.0023228803716608595,0.029036004645760744,0.023228803716608595,15,1.0,javascript,nodeca/pako,deflate_fast
1,1,0,0,0,0,0,0,1,1,1,0,0,10,1,1,0,38,26,12,10,0.6842105263157895,0.3157894736842105,0.0,0.02631578947368421,0.2631578947368421,0.02631578947368421,0.0,0.02631578947368421,0.2631578947368421,1,1.0,javascript,apostrophecms/apostrophe,
1,1,0,0,1,0,0,0,1,3,3,0,0,33,3,4,1,140,100,40,11,0.7142857142857143,0.2857142857142857,0.007142857142857143,0.02142857142857143,0.2357142857142857,0.02857142857142857,0.0,0.02857142857142857,0.07857142857142857,2,1.0,javascript,dalekjs/dalek-internal-webdriver,
1,1,1,1,1,0,0,0,1,2,2,1,0,16,2,3,0,71,49,22,8,0.6901408450704225,0.30985915492957744,0.014084507042253521,0.028169014084507043,0.22535211267605634,0.04225352112676056,0.014084507042253521,0.04225352112676056,0.11267605633802817,2,1.0,javascript,robgietema/twist,
7,7,10,10,3,0,0,0,8,18,18,17,5,98,8,19,18,536,359,177,15,0.6697761194029851,0.3302238805970149,0.005597014925373134,0.033582089552238806,0.1828358208955224,0.03544776119402985,0.018656716417910446,0.03544776119402985,0.027985074626865673,4,1.0,javascript,goliatone/influx-line-protocol-parser,parse
1,1,0,0,0,0,0,0,0,1,1,5,1,13,1,6,3,76,51,25,6,0.6710526315789473,0.32894736842105265,0.0,0.013157894736842105,0.17105263157894737,0.07894736842105263,0.0,0.07894736842105263,0.07894736842105263,1,1.0,javascript,Justineo/kolor,Octet
1,5,3,3,2,0,0,0,2,10,10,0,8,53,5,6,21,381,262,119,17,0.6876640419947506,0.3123359580052493,0.005249343832020997,0.026246719160104987,0.13910761154855644,0.015748031496062992,0.007874015748031496,0.015748031496062992,0.04461942257217848,3,5.0,javascript,nolimits4web/dom7,es
1,1,0,0,0,0,0,0,1,0,0,0,16,42,1,1,0,163,107,56,16,0.656441717791411,0.34355828220858897,0.0,0.0,0.25766871165644173,0.006134969325153374,0.0,0.006134969325153374,0.09815950920245399,1,1.0,javascript,clientIO/joint,
1,1,1,1,0,0,0,0,0,2,2,1,5,19,1,2,3,84,57,27,12,0.6785714285714286,0.32142857142857145,0.0,0.023809523809523808,0.2261904761904762,0.023809523809523808,0.011904761904761904,0.023809523809523808,0.14285714285714285,1,1.0,javascript,neyric/webhookit,
2,2,2,2,1,0,0,0,1,3,3,2,0,16,7,4,1,98,64,34,15,0.6530612244897959,0.3469387755102041,0.01020408163265306,0.030612244897959183,0.16326530612244897,0.04081632653061224,0.02040816326530612,0.04081632653061224,0.15306122448979592,2,1.0,javascript,google/marzipano,async
1,1,2,2,0,0,0,0,1,4,4,0,0,18,1,0,0,110,76,34,11,0.6909090909090909,0.3090909090909091,0.0,0.03636363636363636,0.16363636363636364,0.0,0.01818181818181818,0.0,0.1,1,1.0,javascript,joetidee/enzyme-react-intl,shallowWithIntl
1,1,5,5,2,0,0,0,1,7,7,5,8,44,5,5,10,217,144,73,13,0.663594470046083,0.33640552995391704,0.009216589861751152,0.03225806451612903,0.20276497695852536,0.02304147465437788,0.02304147465437788,0.02304147465437788,0.059907834101382486,3,1.0,javascript,ipfs-shipyard/peer-crdt,newPosId
1,1,7,7,9,0,0,0,1,7,7,6,8,72,13,6,10,439,301,138,16,0.6856492027334852,0.3143507972665148,0.02050113895216401,0.015945330296127564,0.16400911161731208,0.01366742596810934,0.015945330296127564,0.01366742596810934,0.03644646924829157,10,1.0,javascript,Stitchuuuu/thread-promisify,Threadify
1,1,2,2,3,0,0,0,0,2,2,5,6,33,4,5,6,170,117,53,18,0.6882352941176471,0.31176470588235294,0.01764705882352941,0.011764705882352941,0.19411764705882353,0.029411764705882353,0.011764705882352941,0.029411764705882353,0.10588235294117647,4,1.0,javascript,SAP/openui5,addUrlForSchema
1,1,3,3,0,0,0,0,1,1,1,3,4,31,1,5,4,152,105,47,10,0.6907894736842105,0.3092105263157895,0.0,0.006578947368421052,0.20394736842105263,0.03289473684210526,0.019736842105263157,0.03289473684210526,0.06578947368421052,1,1.0,javascript,leancloud/javascript-sdk,
1,1,2,2,0,0,0,0,0,2,2,0,0,17,1,1,0,55,41,14,7,0.7454545454545455,0.2545454545454545,0.0,0.03636363636363636,0.3090909090909091,0.01818181818181818,0.03636363636363636,0.01818181818181818,0.12727272727272726,1,1.0,javascript,namics/gondel,handleEvent
1,1,5,5,1,0,0,0,1,4,4,3,2,40,2,3,0,154,108,46,10,0.7012987012987013,0.2987012987012987,0.006493506493506494,0.025974025974025976,0.2597402597402597,0.01948051948051948,0.032467532467532464,0.01948051948051948,0.06493506493506493,2,1.0,javascript,kaelzhang/neuron.js,get_module
1,1,0,0,2,0,0,0,2,3,3,0,2,24,3,3,0,99,66,33,9,0.6666666666666666,0.3333333333333333,0.020202020202020204,0.030303030303030304,0.24242424242424243,0.030303030303030304,0.0,0.030303030303030304,0.09090909090909091,3,1.0,javascript,gamedev-js/gfx.js,_commitCullMode
3,3,4,4,4,0,0,0,1,8,8,2,13,83,9,12,37,591,411,180,25,0.6954314720812182,0.30456852791878175,0.00676818950930626,0.01353637901861252,0.1404399323181049,0.02030456852791878,0.00676818950930626,0.02030456852791878,0.04230118443316413,5,1.0,javascript,strongloop/microgateway-datastore,
2,2,3,3,1,0,0,0,0,7,7,2,0,24,4,7,1,140,89,51,18,0.6357142857142857,0.36428571428571427,0.007142857142857143,0.05,0.17142857142857143,0.05,0.02142857142857143,0.05,0.12857142857142856,2,1.0,javascript,SAP/openui5,
2,2,3,3,1,0,0,0,1,2,2,2,1,40,3,4,2,171,118,53,17,0.6900584795321637,0.30994152046783624,0.005847953216374269,0.011695906432748537,0.23391812865497075,0.023391812865497075,0.017543859649122806,0.023391812865497075,0.09941520467836257,2,1.0,javascript,mphasize/sails-generate-ember-blueprints,
9,9,5,5,14,0,0,0,6,16,16,16,7,112,26,27,9,636,423,213,22,0.6650943396226415,0.33490566037735847,0.0220125786163522,0.025157232704402517,0.1761006289308176,0.04245283018867924,0.007861635220125786,0.04245283018867924,0.03459119496855346,15,1.0,javascript,adrai/devicestack,
2,2,1,1,1,0,0,0,1,4,4,0,1,16,3,2,1,81,53,28,13,0.654320987654321,0.345679012345679,0.012345679012345678,0.04938271604938271,0.19753086419753085,0.024691358024691357,0.012345679012345678,0.024691358024691357,0.16049382716049382,2,1.0,javascript,allex-servercore-libs/servicepack,distinctElements
1,1,15,15,12,0,0,0,3,17,17,29,29,239,18,38,30,1047,722,325,19,0.6895893027698186,0.3104106972301815,0.011461318051575931,0.01623686723973257,0.2282712511938873,0.03629417382999045,0.014326647564469915,0.03629417382999045,0.018147086914995225,13,1.0,javascript,itsa/itsa-event,
5,5,2,2,0,0,0,0,5,12,12,0,2,34,5,0,2,168,110,58,19,0.6547619047619048,0.34523809523809523,0.0,0.07142857142857142,0.20238095238095238,0.0,0.011904761904761904,0.0,0.1130952380952381,1,1.0,javascript,reaganthomas/algebra.laws,associativity
3,3,11,11,7,0,0,0,6,25,25,11,21,189,12,12,18,814,561,253,14,0.6891891891891891,0.3108108108108108,0.0085995085995086,0.030712530712530713,0.2321867321867322,0.014742014742014743,0.013513513513513514,0.014742014742014743,0.0171990171990172,8,1.0,javascript,hex7c0/browser-language,language
1,1,0,0,0,0,0,0,0,1,1,3,0,12,1,3,0,52,35,17,8,0.6730769230769231,0.3269230769230769,0.0,0.019230769230769232,0.23076923076923078,0.057692307692307696,0.0,0.057692307692307696,0.15384615384615385,1,1.0,javascript,mantoni/glob-tree.js,SingleStarIterator
1,1,2,2,1,0,0,0,1,5,5,2,3,26,2,4,5,127,84,43,12,0.6614173228346457,0.33858267716535434,0.007874015748031496,0.03937007874015748,0.2047244094488189,0.031496062992125984,0.015748031496062992,0.031496062992125984,0.09448818897637795,2,1.0,javascript,glennjones/microformat-shiv,
3,3,7,7,9,0,0,0,4,14,14,3,17,98,13,10,5,451,304,147,19,0.6740576496674058,0.3259423503325942,0.019955654101995565,0.031042128603104215,0.21729490022172948,0.022172949002217297,0.015521064301552107,0.022172949002217297,0.04212860310421286,10,1.0,javascript,kaola-fed/megalo,defineReactive$$1
2,2,1,1,3,0,0,0,0,8,8,6,1,53,2,8,6,248,167,81,16,0.6733870967741935,0.32661290322580644,0.012096774193548387,0.03225806451612903,0.21370967741935484,0.03225806451612903,0.004032258064516129,0.03225806451612903,0.06451612903225806,4,1.0,javascript,rbuas/memodb,MemoDB
3,3,8,8,3,1,0,0,3,7,7,6,7,72,5,9,1,299,210,89,19,0.7023411371237458,0.2976588628762542,0.013377926421404682,0.023411371237458192,0.2408026755852843,0.030100334448160536,0.026755852842809364,0.030100334448160536,0.06354515050167224,5,1.0,javascript,Alhadis/DOMTokenList,
4,4,6,6,5,0,0,0,1,9,9,4,9,49,10,7,18,341,228,113,21,0.6686217008797654,0.3313782991202346,0.01466275659824047,0.026392961876832845,0.1436950146627566,0.020527859237536656,0.017595307917888565,0.020527859237536656,0.06158357771260997,6,1.0,javascript,perry-mitchell/webdav-fs,
4,4,7,7,10,0,0,0,5,20,20,13,15,93,15,15,20,555,375,180,28,0.6756756756756757,0.32432432432432434,0.018018018018018018,0.036036036036036036,0.16756756756756758,0.02702702702702703,0.012612612612612612,0.02702702702702703,0.05045045045045045,11,1.0,javascript,SimonRichardson/squishy-pants,fo
1,1,0,0,2,0,0,0,1,3,3,3,3,20,1,5,3,134,89,45,11,0.664179104477612,0.3358208955223881,0.014925373134328358,0.022388059701492536,0.14925373134328357,0.03731343283582089,0.0,0.03731343283582089,0.08208955223880597,3,1.0,javascript,iuap-design/tinper-neoui-grid,
3,3,2,2,0,0,0,0,1,5,5,0,0,17,3,4,0,94,59,35,12,0.6276595744680851,0.3723404255319149,0.0,0.05319148936170213,0.18085106382978725,0.0425531914893617,0.02127659574468085,0.0425531914893617,0.1276595744680851,1,1.0,javascript,sofa/sofa,
1,1,0,0,0,0,0,0,0,2,2,3,1,13,1,5,2,77,51,26,7,0.6623376623376623,0.33766233766233766,0.0,0.025974025974025976,0.16883116883116883,0.06493506493506493,0.0,0.06493506493506493,0.09090909090909091,1,1.0,javascript,deanlandolt/endo,UnauthorizedError
1,1,3,3,1,0,0,1,1,3,3,4,0,24,3,4,24,221,154,67,13,0.6968325791855203,0.3031674208144796,0.004524886877828055,0.013574660633484163,0.1085972850678733,0.01809954751131222,0.013574660633484163,0.01809954751131222,0.058823529411764705,2,1.0,javascript,Zeindelf/utilify-js,isEmpty
2,2,5,5,0,0,0,0,2,8,8,3,6,46,2,4,11,203,145,58,12,0.7142857142857143,0.2857142857142857,0.0,0.03940886699507389,0.22660098522167488,0.019704433497536946,0.024630541871921183,0.019704433497536946,0.059113300492610835,1,1.0,javascript,hustcc/slice.js,parseSliceString
3,3,0,0,1,0,0,0,1,6,6,0,0,32,3,3,1,136,94,42,16,0.6911764705882353,0.3088235294117647,0.007352941176470588,0.04411764705882353,0.23529411764705882,0.022058823529411766,0.0,0.022058823529411766,0.11764705882352941,2,1.0,javascript,mapbox/hubdb,remove
2,2,3,3,2,1,0,0,4,4,4,1,3,31,5,1,3,160,112,48,12,0.7,0.3,0.01875,0.025,0.19375,0.00625,0.01875,0.00625,0.075,4,1.0,javascript,filerjs/filer,quantile
1,1,2,2,1,1,0,0,0,1,1,0,2,15,2,1,1,63,44,19,9,0.6984126984126984,0.30158730158730157,0.031746031746031744,0.015873015873015872,0.23809523809523808,0.015873015873015872,0.031746031746031744,0.015873015873015872,0.14285714285714285,3,1.0,javascript,MithrilJS/mithril.js,removeNodes
1,1,8,8,27,35,4,0,1,35,35,129,270,602,71,139,251,3355,2329,1026,22,0.694187779433681,0.3058122205663189,0.019672131147540985,0.010432190760059613,0.17943368107302535,0.04143070044709389,0.002384500745156483,0.04143070044709389,0.006557377049180328,67,1.0,javascript,freedomjs/freedom,generateFrame
1,1,1,1,0,0,0,0,1,2,2,0,0,13,2,2,0,57,37,20,11,0.6491228070175439,0.3508771929824561,0.0,0.03508771929824561,0.22807017543859648,0.03508771929824561,0.017543859649122806,0.03508771929824561,0.19298245614035087,1,1.0,javascript,josdejong/mathjs,exclude
1,1,0,0,1,0,0,0,0,3,3,1,1,24,1,3,0,83,56,27,9,0.6746987951807228,0.3253012048192771,0.012048192771084338,0.03614457831325301,0.2891566265060241,0.03614457831325301,0.0,0.03614457831325301,0.10843373493975904,2,1.0,javascript,catapult-project/catapult,doctypeInInitialMode
1,1,0,0,0,0,0,0,0,3,3,4,3,23,3,8,3,147,98,49,11,0.6666666666666666,0.3333333333333333,0.0,0.02040816326530612,0.1564625850340136,0.05442176870748299,0.0,0.05442176870748299,0.07482993197278912,1,1.0,javascript,Dafrok/BMapLib.TextIconOverlay,
1,1,3,3,2,1,0,0,2,0,0,6,10,33,4,4,8,174,118,56,13,0.6781609195402298,0.3218390804597701,0.017241379310344827,0.0,0.1896551724137931,0.022988505747126436,0.017241379310344827,0.022988505747126436,0.07471264367816093,4,1.0,javascript,tcorral/JSONC,crcTable
1,1,1,1,0,0,0,0,1,11,11,0,0,28,1,1,2,135,87,48,17,0.6444444444444445,0.35555555555555557,0.0,0.08148148148148149,0.2074074074074074,0.007407407407407408,0.007407407407407408,0.007407407407407408,0.1259259259259259,1,1.0,javascript,MRN-Code/bookshelf-shield,validate
1,1,0,0,2,0,0,0,3,1,1,1,1,14,3,3,1,87,57,30,11,0.6551724137931034,0.3448275862068966,0.022988505747126436,0.011494252873563218,0.16091954022988506,0.034482758620689655,0.0,0.034482758620689655,0.12643678160919541,3,1.0,javascript,tolokoban/ToloFrameWork,
2,2,1,1,4,0,0,0,2,2,2,5,13,46,2,5,11,239,160,79,17,0.6694560669456067,0.3305439330543933,0.016736401673640166,0.008368200836820083,0.19246861924686193,0.02092050209205021,0.0041841004184100415,0.02092050209205021,0.07112970711297072,5,1.0,javascript,nodejitsu/contour,links
1,1,4,4,3,1,0,0,1,1,1,1,7,32,5,3,5,159,107,52,13,0.6729559748427673,0.3270440251572327,0.025157232704402517,0.006289308176100629,0.20125786163522014,0.018867924528301886,0.025157232704402517,0.018867924528301886,0.08176100628930817,5,1.0,javascript,owncloud/davclient.js,
1,1,0,0,1,0,0,0,0,7,7,0,6,20,2,7,8,195,130,65,10,0.6666666666666666,0.3333333333333333,0.005128205128205128,0.035897435897435895,0.10256410256410256,0.035897435897435895,0.0,0.035897435897435895,0.05128205128205128,2,1.0,javascript,jonschlinkert/template,Base
2,2,0,0,2,0,0,0,0,4,4,2,1,22,4,4,0,129,85,44,16,0.6589147286821705,0.34108527131782945,0.015503875968992248,0.031007751937984496,0.17054263565891473,0.031007751937984496,0.0,0.031007751937984496,0.12403100775193798,3,1.0,javascript,googlearchive/node-big-rig,ModelIndices
4,4,12,12,3,1,0,0,0,25,25,21,14,184,8,30,15,824,550,274,19,0.6674757281553398,0.3325242718446602,0.0048543689320388345,0.03033980582524272,0.22330097087378642,0.03640776699029126,0.014563106796116505,0.03640776699029126,0.023058252427184466,5,1.0,javascript,taoyuan/lwim,Font
3,3,0,0,1,0,0,0,1,8,8,0,0,20,5,3,3,126,82,44,20,0.6507936507936508,0.3492063492063492,0.007936507936507936,0.06349206349206349,0.15873015873015872,0.023809523809523808,0.0,0.023809523809523808,0.15873015873015872,2,1.0,javascript,shorelle/sw-api-js,makeRequest
1,1,4,4,0,0,0,0,1,4,4,0,2,21,1,1,1,91,61,30,9,0.6703296703296703,0.32967032967032966,0.0,0.04395604395604396,0.23076923076923078,0.01098901098901099,0.04395604395604396,0.01098901098901099,0.0989010989010989,1,1.0,javascript,chrisenytc/livi18n,
1,1,1,1,0,0,0,0,1,3,3,0,0,8,1,0,2,59,40,19,9,0.6779661016949152,0.3220338983050847,0.0,0.05084745762711865,0.13559322033898305,0.0,0.01694915254237288,0.0,0.15254237288135594,1,1.0,javascript,GeoXForm/esri-to-geojson,convertFieldName
1,1,0,0,0,0,0,0,0,10,10,2,0,26,1,8,32,268,190,78,10,0.7089552238805971,0.291044776119403,0.0,0.03731343283582089,0.09701492537313433,0.029850746268656716,0.0,0.029850746268656716,0.03731343283582089,1,1.0,javascript,goldfire/howler.js,
1,1,1,1,0,0,0,0,1,3,3,1,0,12,1,3,3,59,39,20,7,0.6610169491525424,0.3389830508474576,0.0,0.05084745762711865,0.2033898305084746,0.05084745762711865,0.01694915254237288,0.05084745762711865,0.11864406779661017,1,1.0,javascript,baidu/san,readParenthesizedExpr
1,1,0,0,1,0,0,0,0,6,6,0,0,17,3,5,1,101,67,34,10,0.6633663366336634,0.33663366336633666,0.009900990099009901,0.0594059405940594,0.16831683168316833,0.04950495049504951,0.0,0.04950495049504951,0.09900990099009901,2,1.0,javascript,robinpowered/robin-js-sdk-public,RobinApi
1,1,6,6,2,0,1,0,1,5,5,5,4,39,4,5,4,205,136,69,13,0.6634146341463415,0.33658536585365856,0.014634146341463415,0.024390243902439025,0.1902439024390244,0.024390243902439025,0.02926829268292683,0.024390243902439025,0.06341463414634146,4,1.0,javascript,sbarwe/node-red-contrib-contextbrowser,copycontext
1,1,4,4,2,0,0,0,1,0,0,8,4,28,3,9,2,172,114,58,10,0.6627906976744186,0.3372093023255814,0.011627906976744186,0.0,0.16279069767441862,0.05232558139534884,0.023255813953488372,0.05232558139534884,0.05813953488372093,3,1.0,javascript,clientIO/joint,
2,2,1,1,2,0,0,0,3,5,5,0,3,17,4,1,2,104,68,36,14,0.6538461538461539,0.34615384615384615,0.019230769230769232,0.04807692307692308,0.16346153846153846,0.009615384615384616,0.009615384615384616,0.009615384615384616,0.1346153846153846,3,1.0,javascript,hilkenan/formgen-react,minValue
1,1,2,2,3,1,0,0,4,5,5,0,4,41,5,1,3,211,147,64,13,0.6966824644549763,0.3033175355450237,0.018957345971563982,0.023696682464454975,0.1943127962085308,0.004739336492890996,0.009478672985781991,0.004739336492890996,0.061611374407582936,5,1.0,javascript,ILLGrenoble/guacamole-common-js,asKeyArray
1,1,0,0,1,0,0,0,1,5,5,1,4,20,2,2,2,115,76,39,16,0.6608695652173913,0.3391304347826087,0.008695652173913044,0.043478260869565216,0.17391304347826086,0.017391304347826087,0.0,0.017391304347826087,0.1391304347826087,2,1.0,javascript,juliostanley/websdk,
1,1,0,0,1,0,0,0,1,3,3,1,0,13,2,5,0,87,58,29,10,0.6666666666666666,0.3333333333333333,0.011494252873563218,0.034482758620689655,0.14942528735632185,0.05747126436781609,0.0,0.05747126436781609,0.11494252873563218,2,1.0,javascript,fex-team/kity,
1,1,3,3,2,1,0,0,1,7,7,0,5,36,4,4,7,204,135,69,13,0.6617647058823529,0.3382352941176471,0.014705882352941176,0.03431372549019608,0.17647058823529413,0.0196078431372549,0.014705882352941176,0.0196078431372549,0.06372549019607843,4,1.0,javascript,TerriaJS/terriajs,prefilterAddresses
3,3,15,15,3,0,0,0,3,7,7,6,17,100,6,8,17,470,324,146,15,0.6893617021276596,0.31063829787234043,0.006382978723404255,0.014893617021276596,0.2127659574468085,0.01702127659574468,0.031914893617021274,0.01702127659574468,0.031914893617021274,4,1.0,javascript,fd/fd-angular-core,Component
1,1,0,0,1,0,0,0,1,3,3,2,3,14,1,4,0,92,61,31,8,0.6630434782608695,0.33695652173913043,0.010869565217391304,0.03260869565217391,0.15217391304347827,0.043478260869565216,0.0,0.043478260869565216,0.08695652173913043,2,1.0,javascript,ryanstevens/deepobserve,Model
1,1,3,3,3,0,0,0,0,3,3,2,1,37,6,5,1,194,134,60,11,0.6907216494845361,0.30927835051546393,0.015463917525773196,0.015463917525773196,0.19072164948453607,0.02577319587628866,0.015463917525773196,0.02577319587628866,0.05670103092783505,4,1.0,javascript,apostle/apostle.js,
1,1,0,0,0,0,0,0,1,3,3,0,0,13,1,0,0,48,34,14,12,0.7083333333333334,0.2916666666666667,0.0,0.0625,0.2708333333333333,0.0,0.0,0.0,0.25,1,1.0,javascript,remarkjs/remark,decodeRaw
4,4,10,10,38,1,0,0,0,51,51,36,77,333,54,60,105,2186,1463,723,22,0.6692589204025617,0.33074107959743826,0.017840805123513267,0.02333028362305581,0.15233302836230558,0.027447392497712716,0.004574565416285453,0.027447392497712716,0.010064043915827997,40,1.0,javascript,crosswalk-project/crosswalk-app-tools,Manifest
1,3,3,3,4,1,0,0,1,9,9,2,8,46,11,7,16,309,207,102,26,0.6699029126213593,0.3300970873786408,0.016181229773462782,0.02912621359223301,0.1488673139158576,0.022653721682847898,0.009708737864077669,0.022653721682847898,0.08414239482200647,6,3.0,javascript,feross/spoof,tryWindowsKey
1,1,7,7,6,1,0,1,0,30,30,5,18,83,8,17,46,620,409,211,19,0.6596774193548387,0.3403225806451613,0.01129032258064516,0.04838709677419355,0.1338709677419355,0.027419354838709678,0.01129032258064516,0.027419354838709678,0.03064516129032258,8,1.0,javascript,grasshopper-cms/grasshopper-core-nodejs,
1,1,0,0,1,0,0,0,0,7,7,0,5,15,3,4,10,129,85,44,14,0.6589147286821705,0.34108527131782945,0.007751937984496124,0.05426356589147287,0.11627906976744186,0.031007751937984496,0.0,0.031007751937984496,0.10852713178294573,2,1.0,javascript,tikonen/blog,updateProgress
1,1,1,1,1,0,0,1,2,0,0,4,10,17,2,4,26,161,114,47,11,0.7080745341614907,0.2919254658385093,0.006211180124223602,0.0,0.10559006211180125,0.024844720496894408,0.006211180124223602,0.024844720496894408,0.06832298136645963,2,1.0,javascript,yukik/koyomi,getShubun
1,1,1,1,2,0,0,0,0,8,8,4,2,48,4,6,4,213,141,72,18,0.6619718309859155,0.3380281690140845,0.009389671361502348,0.03755868544600939,0.22535211267605634,0.028169014084507043,0.004694835680751174,0.028169014084507043,0.08450704225352113,3,1.0,javascript,EclairJS/eclairjs,
1,1,2,2,0,0,1,0,1,2,2,2,2,19,3,2,4,103,71,32,11,0.6893203883495146,0.3106796116504854,0.009708737864077669,0.019417475728155338,0.18446601941747573,0.019417475728155338,0.019417475728155338,0.019417475728155338,0.10679611650485436,2,1.0,javascript,koalyptus/TableFilter,ipAddress
3,3,0,0,4,0,0,0,0,6,6,4,3,25,7,10,10,189,125,64,15,0.6613756613756614,0.3386243386243386,0.021164021164021163,0.031746031746031744,0.13227513227513227,0.05291005291005291,0.0,0.05291005291005291,0.07936507936507936,5,1.0,javascript,levexis/grunt-selenium-webdriver,stop
3,3,7,7,3,0,0,0,0,10,10,5,2,65,6,11,9,298,192,106,16,0.6442953020134228,0.35570469798657717,0.010067114093959731,0.03355704697986577,0.2181208053691275,0.03691275167785235,0.02348993288590604,0.03691275167785235,0.053691275167785234,4,1.0,javascript,quantumpayments/media,bin
1,1,1,1,1,0,0,0,1,1,1,2,1,15,2,4,0,81,54,27,10,0.6666666666666666,0.3333333333333333,0.012345679012345678,0.012345679012345678,0.18518518518518517,0.04938271604938271,0.012345679012345678,0.04938271604938271,0.12345679012345678,2,1.0,javascript,wavesoft/jbb,
1,1,0,0,0,0,0,0,0,4,4,2,0,12,1,7,1,92,58,34,10,0.6304347826086957,0.3695652173913043,0.0,0.043478260869565216,0.13043478260869565,0.07608695652173914,0.0,0.07608695652173914,0.10869565217391304,1,1.0,javascript,wellcaffeinated/PhysicsJS,
1,1,0,0,0,0,0,0,0,3,3,0,1,12,1,3,3,66,48,18,8,0.7272727272727273,0.2727272727272727,0.0,0.045454545454545456,0.18181818181818182,0.045454545454545456,0.0,0.045454545454545456,0.12121212121212122,1,1.0,javascript,eclipse/orion.client,Assertion
1,1,2,2,1,0,0,0,1,1,1,0,0,43,2,4,0,142,99,43,8,0.6971830985915493,0.3028169014084507,0.007042253521126761,0.007042253521126761,0.3028169014084507,0.028169014084507043,0.014084507042253521,0.028169014084507043,0.056338028169014086,2,1.0,javascript,anseki/plain-overlay,getBBox
1,1,1,1,2,0,0,0,2,4,4,2,1,23,1,2,4,110,74,36,9,0.6727272727272727,0.32727272727272727,0.01818181818181818,0.03636363636363636,0.20909090909090908,0.01818181818181818,0.00909090909090909,0.01818181818181818,0.08181818181818182,3,1.0,javascript,smartsheet-platform/smartsheet-javascript-sdk,buildRequestor
2,2,0,0,3,0,0,0,0,7,7,1,5,53,5,7,11,268,184,84,20,0.6865671641791045,0.31343283582089554,0.011194029850746268,0.026119402985074626,0.19776119402985073,0.026119402985074626,0.0,0.026119402985074626,0.07462686567164178,4,1.0,javascript,telligro/opal-nodes,checkEmail
1,1,1,1,2,0,0,0,1,7,7,1,0,27,4,4,4,149,98,51,11,0.6577181208053692,0.3422818791946309,0.013422818791946308,0.04697986577181208,0.18120805369127516,0.026845637583892617,0.006711409395973154,0.026845637583892617,0.0738255033557047,3,1.0,javascript,GoblinDBRocks/GoblinDB,add
1,1,1,1,3,0,0,0,1,3,3,3,5,17,4,4,6,131,86,45,11,0.6564885496183206,0.3435114503816794,0.022900763358778626,0.022900763358778626,0.1297709923664122,0.030534351145038167,0.007633587786259542,0.030534351145038167,0.08396946564885496,4,1.0,javascript,emmetio/emmet,
1,1,1,1,0,0,0,0,1,1,1,0,2,10,1,0,2,53,36,17,10,0.6792452830188679,0.32075471698113206,0.0,0.018867924528301886,0.18867924528301888,0.0,0.018867924528301886,0.0,0.18867924528301888,1,1.0,javascript,treasonx/grunt-markdown,getTemplate
1,1,0,0,0,0,0,0,0,1,1,0,0,14,3,4,0,84,58,26,10,0.6904761904761905,0.30952380952380953,0.0,0.011904761904761904,0.16666666666666666,0.047619047619047616,0.0,0.047619047619047616,0.11904761904761904,1,1.0,javascript,Tamersoul/magic-wand-js,
1,1,1,1,2,0,0,0,1,3,3,4,3,29,4,4,5,164,115,49,11,0.7012195121951219,0.29878048780487804,0.012195121951219513,0.018292682926829267,0.17682926829268292,0.024390243902439025,0.006097560975609756,0.024390243902439025,0.06707317073170732,3,1.0,javascript,cubehouse/PSNjs,GetHeaders
2,2,0,0,0,0,0,0,0,1,1,1,0,10,2,2,0,42,28,14,11,0.6666666666666666,0.3333333333333333,0.0,0.023809523809523808,0.23809523809523808,0.047619047619047616,0.0,0.047619047619047616,0.2619047619047619,1,1.0,javascript,switer/chainjs,setAlltoNoop
1,1,0,0,2,0,0,0,3,0,0,0,3,15,1,0,3,80,54,26,11,0.675,0.325,0.025,0.0,0.1875,0.0,0.0,0.0,0.1375,3,1.0,javascript,SheetJS/js-xlsx,get_get_computed_style_function
1,1,2,2,0,0,1,0,1,0,0,2,2,17,2,2,2,77,52,25,8,0.6753246753246753,0.3246753246753247,0.012987012987012988,0.0,0.22077922077922077,0.025974025974025976,0.025974025974025976,0.025974025974025976,0.1038961038961039,2,1.0,javascript,eslint/eslint,doesMemberExpressionContainCallExpression
1,1,4,4,2,0,0,0,2,4,4,0,2,31,3,1,1,133,89,44,12,0.6691729323308271,0.3308270676691729,0.015037593984962405,0.03007518796992481,0.23308270676691728,0.007518796992481203,0.03007518796992481,0.007518796992481203,0.09022556390977443,3,1.0,javascript,ncuillery/angular-breadcrumb,
2,2,0,0,2,0,0,0,0,5,5,3,1,23,4,6,2,114,79,35,12,0.6929824561403509,0.30701754385964913,0.017543859649122806,0.043859649122807015,0.20175438596491227,0.05263157894736842,0.0,0.05263157894736842,0.10526315789473684,3,1.0,javascript,solderjs/osx-wifi-volume-remote,set
1,1,1,1,1,0,0,0,1,2,2,2,1,20,3,2,5,107,74,33,10,0.6915887850467289,0.308411214953271,0.009345794392523364,0.018691588785046728,0.18691588785046728,0.018691588785046728,0.009345794392523364,0.018691588785046728,0.09345794392523364,2,1.0,javascript,TerriaJS/terriajs,buildRequestData
1,1,0,0,2,0,0,0,1,6,6,9,1,31,1,11,2,173,113,60,8,0.653179190751445,0.3468208092485549,0.011560693641618497,0.03468208092485549,0.1791907514450867,0.06358381502890173,0.0,0.06358381502890173,0.046242774566473986,3,1.0,javascript,WorldMobileCoin/wmcc-core,VersionPacket
1,1,3,3,1,1,0,0,2,10,10,0,11,52,3,5,12,271,183,88,18,0.6752767527675276,0.3247232472324723,0.007380073800738007,0.03690036900369004,0.1918819188191882,0.01845018450184502,0.01107011070110701,0.01845018450184502,0.06642066420664207,3,1.0,javascript,BioPhoton/angular1-star-rating,bulkCopy
1,1,2,2,0,0,0,0,1,5,5,0,2,19,1,1,0,87,57,30,11,0.6551724137931034,0.3448275862068966,0.0,0.05747126436781609,0.21839080459770116,0.011494252873563218,0.022988505747126436,0.011494252873563218,0.12643678160919541,1,1.0,javascript,Tamersoul/magic-wand-js,
3,3,6,6,3,1,0,0,1,8,8,6,10,56,7,9,11,310,209,101,16,0.6741935483870968,0.3258064516129032,0.012903225806451613,0.025806451612903226,0.18064516129032257,0.02903225806451613,0.01935483870967742,0.02903225806451613,0.05161290322580645,5,1.0,javascript,lujintan/sherrie-cmd-scaffold,asyncLoad
1,1,1,1,0,1,0,0,1,1,1,2,3,16,2,1,2,69,48,21,11,0.6956521739130435,0.30434782608695654,0.014492753623188406,0.014492753623188406,0.2318840579710145,0.014492753623188406,0.014492753623188406,0.014492753623188406,0.15942028985507245,2,1.0,javascript,primus/primus,decode
1,1,3,3,1,0,0,0,0,4,4,1,7,42,2,2,6,175,119,56,10,0.68,0.32,0.005714285714285714,0.022857142857142857,0.24,0.011428571428571429,0.017142857142857144,0.011428571428571429,0.05714285714285714,2,1.0,javascript,niallo/deadlift,updateStatus
1,1,1,1,3,0,0,0,1,0,0,2,3,17,4,3,2,98,64,34,13,0.6530612244897959,0.3469387755102041,0.030612244897959183,0.0,0.17346938775510204,0.030612244897959183,0.01020408163265306,0.030612244897959183,0.1326530612244898,4,1.0,javascript,KirinJS/kirin-build,
2,2,12,12,9,0,0,0,6,15,15,12,32,104,12,12,58,786,545,241,19,0.693384223918575,0.30661577608142493,0.011450381679389313,0.019083969465648856,0.13231552162849872,0.015267175572519083,0.015267175572519083,0.015267175572519083,0.024173027989821884,10,1.0,javascript,elastic/elasticsearch-js,buildUpdate
1,2,1,1,1,0,0,0,0,5,5,0,0,18,3,4,4,111,76,35,13,0.6846846846846847,0.3153153153153153,0.009009009009009009,0.04504504504504504,0.16216216216216217,0.036036036036036036,0.009009009009009009,0.036036036036036036,0.11711711711711711,2,2.0,javascript,percy/ember-percy,finalizeBuildOnce
1,1,5,5,4,1,0,0,5,8,8,2,11,61,6,2,16,357,245,112,11,0.6862745098039216,0.3137254901960784,0.014005602240896359,0.022408963585434174,0.17086834733893558,0.0056022408963585435,0.014005602240896359,0.0056022408963585435,0.03081232492997199,6,1.0,javascript,emailjs/emailjs-mime-types,detectExtension
2,2,0,0,4,0,0,0,2,5,5,6,5,42,8,7,4,253,169,84,24,0.6679841897233202,0.33201581027667987,0.015810276679841896,0.019762845849802372,0.16600790513833993,0.02766798418972332,0.0,0.02766798418972332,0.09486166007905138,5,1.0,javascript,airbrite/muni,
1,1,2,2,1,0,0,0,0,4,4,3,7,31,4,4,6,176,119,57,14,0.6761363636363636,0.32386363636363635,0.005681818181818182,0.022727272727272728,0.17613636363636365,0.022727272727272728,0.011363636363636364,0.022727272727272728,0.07954545454545454,2,1.0,javascript,flipside/gulp-graphql,
2,2,2,2,5,1,0,0,2,5,5,2,13,34,8,4,17,239,164,75,12,0.6861924686192469,0.3138075313807531,0.02510460251046025,0.02092050209205021,0.14225941422594143,0.016736401673640166,0.008368200836820083,0.016736401673640166,0.0502092050209205,7,1.0,javascript,SAP/openui5,tokenizeSingleQuotedString
1,1,4,4,9,0,0,0,3,18,18,3,3,79,11,19,8,500,337,163,15,0.674,0.326,0.018,0.036,0.158,0.038,0.008,0.038,0.03,10,1.0,javascript,ariatemplates/ariatemplates,
7,7,37,37,3,6,0,0,7,24,24,25,13,239,16,36,518,3538,2684,854,17,0.7586206896551724,0.2413793103448276,0.002543810062182024,0.006783493499152063,0.06755228942905596,0.010175240248728096,0.010457885811192764,0.010175240248728096,0.004804974561899378,10,1.0,javascript,project-sunbird/sunbird-telemetry-sdk,
1,1,1,1,7,0,0,0,1,0,0,2,0,33,9,2,1,159,106,53,19,0.6666666666666666,0.3333333333333333,0.0440251572327044,0.0,0.20754716981132076,0.012578616352201259,0.006289308176100629,0.012578616352201259,0.11949685534591195,8,1.0,javascript,stadt-bielefeld/wms-capabilities-tools,determineVersion
5,5,14,14,4,4,0,0,3,26,26,8,18,157,13,19,18,792,547,245,19,0.6906565656565656,0.30934343434343436,0.010101010101010102,0.03282828282828283,0.19823232323232323,0.023989898989898988,0.017676767676767676,0.023989898989898988,0.023989898989898988,9,1.0,javascript,jfseb/mgnlq_er,expandTokenMatchesToSentences2
2,2,2,2,1,0,0,0,1,3,3,1,0,51,2,4,2,181,128,53,13,0.7071823204419889,0.292817679558011,0.0055248618784530384,0.016574585635359115,0.281767955801105,0.022099447513812154,0.011049723756906077,0.022099447513812154,0.0718232044198895,2,1.0,javascript,mongodb/node-mongodb-native,
3,3,3,3,3,0,0,0,0,5,5,4,2,37,7,8,3,187,124,63,18,0.6631016042780749,0.33689839572192515,0.016042780748663103,0.026737967914438502,0.19786096256684493,0.0427807486631016,0.016042780748663103,0.0427807486631016,0.0962566844919786,4,1.0,javascript,sealice/koa2-ueditor,
3,3,1,1,0,0,0,0,1,5,5,0,0,14,3,2,1,81,53,28,18,0.654320987654321,0.345679012345679,0.0,0.06172839506172839,0.1728395061728395,0.024691358024691357,0.012345679012345678,0.024691358024691357,0.2222222222222222,1,1.0,javascript,EricCrosson/coinmarketcap-api,getMarketCaps
1,1,2,2,2,0,0,0,0,2,2,3,3,38,3,4,3,151,107,44,12,0.7086092715231788,0.2913907284768212,0.013245033112582781,0.013245033112582781,0.25165562913907286,0.026490066225165563,0.013245033112582781,0.026490066225165563,0.07947019867549669,3,1.0,javascript,webdriverio/webdriverio,
2,2,5,5,5,0,0,0,1,13,13,8,21,82,8,11,22,529,358,171,16,0.6767485822306238,0.32325141776937616,0.00945179584120983,0.024574669187145556,0.15500945179584122,0.020793950850661626,0.00945179584120983,0.020793950850661626,0.030245746691871456,6,1.0,javascript,deliciousinsights/fb-flo-brunch,setOptions
1,1,0,0,0,0,0,0,0,0,0,3,2,11,1,4,0,56,36,20,8,0.6428571428571429,0.35714285714285715,0.0,0.0,0.19642857142857142,0.07142857142857142,0.0,0.07142857142857142,0.14285714285714285,1,1.0,javascript,pissang/claygl,
1,1,0,0,2,0,0,0,0,2,2,2,2,10,3,5,4,86,55,31,10,0.6395348837209303,0.36046511627906974,0.023255813953488372,0.023255813953488372,0.11627906976744186,0.05813953488372093,0.0,0.05813953488372093,0.11627906976744186,3,1.0,javascript,Tamersoul/magic-wand-js,
3,3,0,0,0,0,0,0,0,4,4,0,1,20,3,4,1,95,63,32,18,0.6631578947368421,0.3368421052631579,0.0,0.042105263157894736,0.21052631578947367,0.042105263157894736,0.0,0.042105263157894736,0.18947368421052632,1,1.0,javascript,LightCircle/LightCore,setUpdateListener
1,12,3,3,4,0,0,0,5,19,19,11,2,128,8,13,16,748,523,225,23,0.6991978609625669,0.30080213903743314,0.0053475935828877,0.02540106951871658,0.1711229946524064,0.017379679144385027,0.004010695187165776,0.017379679144385027,0.03074866310160428,5,12.0,javascript,feathers-plus/feathers-authentication-management,AuthManagement
1,4,0,0,3,0,0,0,2,16,16,0,29,72,9,6,22,457,303,154,29,0.6630196936542669,0.33698030634573306,0.006564551422319475,0.0350109409190372,0.1575492341356674,0.01312910284463895,0.0,0.01312910284463895,0.06345733041575492,4,4.0,javascript,CocoonIO/cocoon-cloud-sdk,downloadProjectCompilation
2,2,5,5,6,0,0,0,1,13,13,11,25,115,10,14,34,651,454,197,16,0.6973886328725039,0.30261136712749614,0.009216589861751152,0.019969278033794162,0.17665130568356374,0.021505376344086023,0.007680491551459293,0.021505376344086023,0.02457757296466974,7,1.0,javascript,apache/cordova-ios,getXcodeBuildArgs
1,1,12,12,5,1,0,0,0,10,10,4,9,75,8,14,13,409,280,129,15,0.684596577017115,0.3154034229828851,0.014669926650366748,0.02444987775061125,0.18337408312958436,0.034229828850855744,0.029339853300733496,0.034229828850855744,0.03667481662591687,7,1.0,javascript,ariatemplates/ariatemplates,
1,1,4,4,0,2,0,0,1,4,4,3,3,27,3,4,4,154,108,46,13,0.7012987012987013,0.2987012987012987,0.012987012987012988,0.025974025974025976,0.17532467532467533,0.025974025974025976,0.025974025974025976,0.025974025974025976,0.08441558441558442,3,1.0,javascript,skerit/alchemy-styleboost,
2,2,2,2,2,0,0,0,1,14,14,1,6,37,3,14,10,276,180,96,17,0.6521739130434783,0.34782608695652173,0.007246376811594203,0.050724637681159424,0.13405797101449277,0.050724637681159424,0.007246376811594203,0.050724637681159424,0.06159420289855073,3,1.0,javascript,bvalosek/grunt-infusionsoft,
2,2,5,5,6,0,0,0,1,9,9,4,3,51,9,7,4,252,164,88,14,0.6507936507936508,0.3492063492063492,0.023809523809523808,0.03571428571428571,0.20238095238095238,0.027777777777777776,0.01984126984126984,0.027777777777777776,0.05555555555555555,7,1.0,javascript,taion/rrtr,listenBeforeLeavingRoute
1,1,3,3,2,0,0,0,0,2,2,1,0,20,3,4,2,104,71,33,10,0.6826923076923077,0.3173076923076923,0.019230769230769232,0.019230769230769232,0.19230769230769232,0.038461538461538464,0.028846153846153848,0.038461538461538464,0.09615384615384616,3,1.0,javascript,ariatemplates/ariatemplates,
1,1,0,0,0,0,0,1,6,6,6,0,0,32,1,1,21,208,154,54,11,0.7403846153846154,0.25961538461538464,0.0,0.028846153846153848,0.15384615384615385,0.004807692307692308,0.0,0.004807692307692308,0.052884615384615384,1,1.0,javascript,SAP/openui5,
3,3,4,4,7,0,0,0,1,15,15,8,2,71,11,18,17,442,290,152,23,0.6561085972850679,0.3438914027149321,0.01583710407239819,0.033936651583710405,0.16063348416289594,0.04072398190045249,0.00904977375565611,0.04072398190045249,0.05203619909502263,8,1.0,javascript,ionic-team/ionic-app-scripts,
3,3,1,1,1,0,0,0,1,5,5,1,2,26,4,3,0,131,90,41,18,0.6870229007633588,0.31297709923664124,0.007633587786259542,0.03816793893129771,0.1984732824427481,0.022900763358778626,0.007633587786259542,0.022900763358778626,0.13740458015267176,2,1.0,javascript,Mosho1/reacquire,searchCache
1,1,1,1,0,0,0,0,0,4,4,4,0,35,1,5,1,122,86,36,8,0.7049180327868853,0.29508196721311475,0.0,0.03278688524590164,0.28688524590163933,0.040983606557377046,0.00819672131147541,0.040983606557377046,0.06557377049180328,1,1.0,javascript,strongloop/strong-mq,CreateStomp
1,1,2,2,1,0,0,0,1,2,2,7,10,31,3,7,20,191,133,58,9,0.6963350785340314,0.3036649214659686,0.005235602094240838,0.010471204188481676,0.16230366492146597,0.03664921465968586,0.010471204188481676,0.03664921465968586,0.04712041884816754,2,1.0,javascript,greggman/twgl.js,normalize
1,1,1,1,0,0,0,0,1,3,3,0,2,11,1,1,0,63,42,21,10,0.6666666666666666,0.3333333333333333,0.0,0.047619047619047616,0.1746031746031746,0.015873015873015872,0.015873015873015872,0.015873015873015872,0.15873015873015872,1,1.0,javascript,postmanlabs/postman-collection,
1,1,4,4,4,2,0,0,1,6,6,2,25,56,1,5,36,357,255,102,10,0.7142857142857143,0.2857142857142857,0.01680672268907563,0.01680672268907563,0.1568627450980392,0.014005602240896359,0.011204481792717087,0.014005602240896359,0.028011204481792718,7,1.0,javascript,espruino/EspruinoTools,setStorageBufferFile
16,16,23,23,14,0,0,0,5,80,80,12,19,347,36,39,56,1737,1191,546,43,0.6856649395509499,0.3143350604490501,0.008059873344847437,0.04605641911341393,0.19976971790443293,0.022452504317789293,0.013241220495106506,0.022452504317789293,0.02475532527345999,15,1.0,javascript,apache/cordova-plugin-file-transfer,
1,1,0,0,0,0,0,0,0,4,4,0,0,18,1,4,8,107,75,32,7,0.7009345794392523,0.29906542056074764,0.0,0.037383177570093455,0.16822429906542055,0.037383177570093455,0.0,0.037383177570093455,0.06542056074766354,1,1.0,javascript,SeleniumHQ/selenium,configureExecutor
1,1,0,0,1,0,0,0,1,3,3,0,4,11,3,1,3,76,49,27,13,0.6447368421052632,0.35526315789473684,0.013157894736842105,0.039473684210526314,0.14473684210526316,0.013157894736842105,0.0,0.013157894736842105,0.17105263157894737,2,1.0,javascript,optimizely/javascript-sdk,
1,1,4,4,2,0,0,0,1,4,4,1,4,23,3,2,4,116,77,39,11,0.6637931034482759,0.33620689655172414,0.017241379310344827,0.034482758620689655,0.19827586206896552,0.017241379310344827,0.034482758620689655,0.017241379310344827,0.09482758620689655,3,1.0,javascript,cast-org/figuration,
1,1,1,1,2,0,0,0,0,5,5,0,0,20,3,3,4,115,78,37,9,0.6782608695652174,0.3217391304347826,0.017391304347826087,0.043478260869565216,0.17391304347826086,0.02608695652173913,0.008695652173913044,0.02608695652173913,0.0782608695652174,3,1.0,javascript,Microsoft/vscode,configureCommandlineSwitches
1,1,14,14,6,0,0,0,5,7,7,3,35,127,9,3,20,552,383,169,14,0.6938405797101449,0.3061594202898551,0.010869565217391304,0.012681159420289856,0.23007246376811594,0.005434782608695652,0.025362318840579712,0.005434782608695652,0.025362318840579712,7,1.0,javascript,sociomantic-tsunami/nessie-ui,bidiSimplify
1,1,2,2,2,0,0,0,1,30,30,2,1,106,4,17,3,439,284,155,14,0.6469248291571754,0.3530751708428246,0.004555808656036446,0.0683371298405467,0.24145785876993167,0.0387243735763098,0.004555808656036446,0.0387243735763098,0.03189066059225513,3,1.0,javascript,nfantone/mu-koan,bootstrap
1,1,2,2,1,0,0,0,1,6,6,3,6,26,2,3,4,113,75,38,14,0.6637168141592921,0.336283185840708,0.008849557522123894,0.05309734513274336,0.23008849557522124,0.02654867256637168,0.017699115044247787,0.02654867256637168,0.12389380530973451,2,1.0,javascript,splunk/splunk-sdk-javascript,correctFloat
1,1,1,1,3,1,0,0,1,2,2,3,6,21,5,3,8,130,89,41,12,0.6846153846153846,0.3153846153846154,0.03076923076923077,0.015384615384615385,0.16153846153846155,0.023076923076923078,0.007692307692307693,0.023076923076923078,0.09230769230769231,5,1.0,javascript,splunk/splunk-sdk-javascript,brighten
1,1,3,3,3,0,0,0,4,6,6,1,5,53,4,1,4,220,159,61,11,0.7227272727272728,0.2772727272727273,0.013636363636363636,0.02727272727272727,0.2409090909090909,0.004545454545454545,0.013636363636363636,0.004545454545454545,0.05,4,1.0,javascript,o2team/athena,build
1,1,2,2,1,0,0,0,1,7,7,0,0,24,2,0,1,115,77,38,12,0.6695652173913044,0.33043478260869563,0.008695652173913044,0.06086956521739131,0.20869565217391303,0.0,0.017391304347826087,0.0,0.10434782608695652,2,1.0,javascript,mtth/avsc,readHead
2,2,3,3,2,0,0,0,0,7,7,0,2,35,5,5,2,169,110,59,20,0.650887573964497,0.34911242603550297,0.011834319526627219,0.04142011834319527,0.20710059171597633,0.029585798816568046,0.01775147928994083,0.029585798816568046,0.11834319526627218,3,1.0,javascript,hl198181/neptune,
1,1,4,4,5,0,2,0,3,1,1,6,17,49,13,6,12,279,189,90,17,0.6774193548387096,0.3225806451612903,0.025089605734767026,0.0035842293906810036,0.17562724014336917,0.021505376344086023,0.014336917562724014,0.021505376344086023,0.06093189964157706,8,1.0,javascript,domvm/domvm,binaryFindLarger
1,1,7,7,4,0,0,0,2,5,5,6,27,77,5,7,7,349,235,114,13,0.673352435530086,0.32664756446991405,0.011461318051575931,0.014326647564469915,0.22063037249283668,0.02005730659025788,0.02005730659025788,0.02005730659025788,0.03724928366762178,5,1.0,javascript,NASAWorldWind/WebWorldWind,geodeticToGeocentric
1,4,1,1,3,0,0,0,2,6,6,4,1,25,7,9,6,192,123,69,20,0.640625,0.359375,0.015625,0.03125,0.13020833333333334,0.046875,0.005208333333333333,0.046875,0.10416666666666667,4,4.0,javascript,karma-runner/karma,CaptureTimeoutLauncher
1,1,0,0,0,0,0,0,0,0,0,3,1,11,1,3,0,60,40,20,8,0.6666666666666666,0.3333333333333333,0.0,0.0,0.18333333333333332,0.05,0.0,0.05,0.13333333333333333,1,1.0,javascript,noderaider/repackage,setKey
2,2,1,1,2,0,0,0,1,5,5,2,1,33,5,5,1,162,112,50,14,0.691358024691358,0.30864197530864196,0.012345679012345678,0.030864197530864196,0.2037037037037037,0.030864197530864196,0.006172839506172839,0.030864197530864196,0.08641975308641975,3,1.0,javascript,Allenice/madoka,
1,1,0,0,0,0,0,0,0,4,4,3,0,17,1,4,0,89,59,30,11,0.6629213483146067,0.33707865168539325,0.0,0.0449438202247191,0.19101123595505617,0.0449438202247191,0.0,0.0449438202247191,0.12359550561797752,1,1.0,javascript,vseryakov/backendjs,
2,2,4,4,4,0,0,0,2,13,13,5,12,53,7,5,17,329,219,110,28,0.6656534954407295,0.3343465045592705,0.0121580547112462,0.03951367781155015,0.16109422492401215,0.015197568389057751,0.0121580547112462,0.015197568389057751,0.0851063829787234,5,1.0,javascript,mattmccray/blam.js,compile_fancy
1,1,1,1,4,0,0,0,0,7,7,1,4,42,5,7,4,225,148,77,12,0.6577777777777778,0.3422222222222222,0.017777777777777778,0.03111111111111111,0.18666666666666668,0.03111111111111111,0.0044444444444444444,0.03111111111111111,0.05333333333333334,5,1.0,javascript,bizdevfe/biz-ui,
1,1,1,1,0,0,0,0,1,5,5,0,0,29,1,0,0,109,77,32,14,0.7064220183486238,0.29357798165137616,0.0,0.045871559633027525,0.26605504587155965,0.0,0.009174311926605505,0.0,0.12844036697247707,1,1.0,javascript,CleverCloud/clever-tools,performPreorder
1,1,4,4,0,1,0,0,1,6,6,0,3,24,2,2,20,240,171,69,13,0.7125,0.2875,0.004166666666666667,0.025,0.1,0.008333333333333333,0.016666666666666666,0.008333333333333333,0.05416666666666667,2,1.0,javascript,MrSwitch/hello.js,
1,1,1,1,0,0,0,0,1,1,1,0,8,13,1,1,5,79,53,26,12,0.6708860759493671,0.3291139240506329,0.0,0.012658227848101266,0.16455696202531644,0.012658227848101266,0.012658227848101266,0.012658227848101266,0.1518987341772152,1,1.0,javascript,saebekassebil/teoria,
1,1,4,4,0,1,0,0,0,2,2,2,1,29,3,6,2,143,100,43,11,0.6993006993006993,0.3006993006993007,0.006993006993006993,0.013986013986013986,0.20279720279720279,0.04195804195804196,0.027972027972027972,0.04195804195804196,0.07692307692307693,2,1.0,javascript,kogarashisan/LiquidLava,
2,2,1,1,0,0,0,0,2,2,2,2,1,12,2,2,3,78,52,26,12,0.6666666666666666,0.3333333333333333,0.0,0.02564102564102564,0.15384615384615385,0.02564102564102564,0.01282051282051282,0.02564102564102564,0.15384615384615385,1,1.0,javascript,sbruchmann/fn-stack,FNStack
1,1,7,7,0,0,0,0,0,8,8,0,0,120,1,7,128,826,640,186,11,0.774818401937046,0.22518159806295399,0.0,0.009685230024213076,0.14527845036319612,0.00847457627118644,0.00847457627118644,0.00847457627118644,0.013317191283292978,1,1.0,javascript,gitbrent/PptxGenJS,slide15
1,1,1,1,1,0,0,0,2,3,3,0,0,12,2,1,1,59,39,20,8,0.6610169491525424,0.3389830508474576,0.01694915254237288,0.05084745762711865,0.2033898305084746,0.01694915254237288,0.01694915254237288,0.01694915254237288,0.13559322033898305,2,1.0,javascript,byron-dupreez/aws-core-utils,deleteKMS
2,2,5,5,10,0,0,0,9,13,13,9,23,67,8,10,37,447,318,129,19,0.7114093959731543,0.28859060402684567,0.02237136465324385,0.029082774049217,0.14988814317673377,0.02237136465324385,0.011185682326621925,0.02237136465324385,0.042505592841163314,11,1.0,javascript,RusticiSoftware/TinCanJS,EUCJPDecoder
1,1,1,1,1,1,0,0,0,10,10,0,2,39,3,8,5,187,126,61,11,0.6737967914438503,0.32620320855614976,0.0106951871657754,0.053475935828877004,0.20855614973262032,0.0427807486631016,0.0053475935828877,0.0427807486631016,0.058823529411764705,3,1.0,javascript,aaronabramov/esfmt,short
4,4,1,1,2,0,0,0,5,8,8,1,5,36,7,2,3,189,125,64,23,0.6613756613756614,0.3386243386243386,0.010582010582010581,0.042328042328042326,0.19047619047619047,0.010582010582010581,0.005291005291005291,0.010582010582010581,0.12169312169312169,3,1.0,javascript,ynab/ynab-sdk-js,
1,1,4,4,3,0,0,0,0,10,10,1,6,45,4,4,1,187,123,64,13,0.6577540106951871,0.3422459893048128,0.016042780748663103,0.053475935828877004,0.24064171122994651,0.0213903743315508,0.0213903743315508,0.0213903743315508,0.06951871657754011,4,1.0,javascript,infrabel/themes-gnap,addOrSubtractDurationFromMoment
1,1,0,0,1,0,0,0,2,2,2,0,1,15,2,1,0,68,47,21,10,0.6911764705882353,0.3088235294117647,0.014705882352941176,0.029411764705882353,0.22058823529411764,0.014705882352941176,0.0,0.014705882352941176,0.14705882352941177,2,1.0,javascript,wellcaffeinated/PhysicsJS,
1,1,0,0,0,0,0,0,0,1,1,5,0,12,1,5,4,82,56,26,7,0.6829268292682927,0.3170731707317073,0.0,0.012195121951219513,0.14634146341463414,0.06097560975609756,0.0,0.06097560975609756,0.08536585365853659,1,1.0,javascript,apache/incubator-echarts,BMapCoordSys
10,10,7,7,13,0,0,0,0,34,34,5,18,185,29,24,22,959,649,310,48,0.6767466110531803,0.3232533889468196,0.013555787278415016,0.035453597497393116,0.19290928050052136,0.02502606882168926,0.0072992700729927005,0.02502606882168926,0.05005213764337852,14,1.0,javascript,UXFoundry/hashdo,
1,1,0,0,1,0,0,0,1,1,1,3,0,11,2,4,2,80,52,28,12,0.65,0.35,0.0125,0.0125,0.1375,0.05,0.0,0.05,0.15,2,1.0,javascript,balderdashy/waterline,
6,6,5,5,10,0,0,0,6,17,17,3,7,78,9,16,10,476,312,164,22,0.6554621848739496,0.3445378151260504,0.02100840336134454,0.03571428571428571,0.1638655462184874,0.03361344537815126,0.01050420168067227,0.03361344537815126,0.046218487394957986,11,1.0,javascript,xiamidaxia/xiami,
2,2,1,1,0,0,0,0,0,2,2,1,0,12,2,4,0,72,49,23,12,0.6805555555555556,0.3194444444444444,0.0,0.027777777777777776,0.16666666666666666,0.05555555555555555,0.013888888888888888,0.05555555555555555,0.16666666666666666,1,1.0,javascript,neurospeech/web-atoms.js,
3,3,2,2,2,0,0,0,1,7,7,8,0,38,5,10,19,273,182,91,14,0.6666666666666666,0.3333333333333333,0.007326007326007326,0.02564102564102564,0.1391941391941392,0.03663003663003663,0.007326007326007326,0.03663003663003663,0.05128205128205128,3,1.0,javascript,ColorlibHQ/AdminLTE,
8,8,7,7,2,0,0,0,5,19,19,5,11,112,10,8,12,532,359,173,31,0.674812030075188,0.325187969924812,0.0037593984962406013,0.03571428571428571,0.21052631578947367,0.015037593984962405,0.013157894736842105,0.015037593984962405,0.05827067669172932,3,1.0,javascript,TerriaJS/terriajs,loadConcepts
1,1,2,2,0,0,0,0,1,2,2,0,0,15,1,1,0,60,42,18,9,0.7,0.3,0.0,0.03333333333333333,0.25,0.016666666666666666,0.03333333333333333,0.016666666666666666,0.15,1,1.0,javascript,ryedog/stallion,
1,1,2,2,3,0,0,0,4,5,5,0,3,20,5,0,3,125,81,44,14,0.648,0.352,0.024,0.04,0.16,0.0,0.016,0.0,0.112,4,1.0,javascript,archilogic-com/3dio-js,normalizeInput
1,1,0,0,0,0,0,0,1,2,2,0,12,19,1,0,1,82,53,29,11,0.6463414634146342,0.35365853658536583,0.0,0.024390243902439025,0.23170731707317074,0.0,0.0,0.0,0.13414634146341464,1,1.0,javascript,kaizhu256/node-utility2,is_false
1,1,0,0,0,0,0,0,0,4,4,0,0,12,1,3,2,57,36,21,9,0.631578947368421,0.3684210526315789,0.0,0.07017543859649122,0.21052631578947367,0.05263157894736842,0.0,0.05263157894736842,0.15789473684210525,1,1.0,javascript,mongoose-helpers/setup-db,addRoutes
2,2,2,2,4,0,0,0,1,3,3,5,7,47,6,9,15,284,190,94,16,0.6690140845070423,0.33098591549295775,0.014084507042253521,0.01056338028169014,0.16549295774647887,0.03169014084507042,0.007042253521126761,0.03169014084507042,0.056338028169014086,5,1.0,javascript,vindm/procss,
1,1,1,1,16,0,3,1,10,3,3,21,50,173,7,27,43,971,669,302,15,0.6889804325437693,0.3110195674562307,0.01956745623069001,0.003089598352214212,0.17816683831101957,0.027806385169927908,0.0010298661174047373,0.027806385169927908,0.015447991761071062,20,1.0,javascript,stdarg/sprintf.js,parseFormatDescriptor
1,1,0,0,0,0,0,0,0,11,11,11,2,35,1,16,10,248,165,83,9,0.6653225806451613,0.3346774193548387,0.0,0.04435483870967742,0.14112903225806453,0.06451612903225806,0.0,0.06451612903225806,0.036290322580645164,1,1.0,javascript,DeMille/dnssd.js,UnicastResponse
2,2,1,1,2,0,0,0,1,6,6,2,2,24,4,6,3,135,89,46,15,0.6592592592592592,0.34074074074074073,0.014814814814814815,0.044444444444444446,0.17777777777777778,0.044444444444444446,0.007407407407407408,0.044444444444444446,0.1111111111111111,3,1.0,javascript,adrai/node-cqrs-saga,
1,2,2,2,1,0,0,0,0,7,7,1,1,20,3,3,2,119,77,42,11,0.6470588235294118,0.35294117647058826,0.008403361344537815,0.058823529411764705,0.16806722689075632,0.025210084033613446,0.01680672268907563,0.025210084033613446,0.09243697478991597,2,2.0,javascript,Izhaki/nodemon-webpack-plugin,checkOutput
1,1,1,1,4,0,0,0,4,0,0,2,12,34,7,2,4,172,120,52,13,0.6976744186046512,0.3023255813953488,0.023255813953488372,0.0,0.19767441860465115,0.011627906976744186,0.005813953488372093,0.011627906976744186,0.0755813953488372,5,1.0,javascript,csbun/resize-image,getNewImageDimentions
1,1,0,0,0,0,0,0,0,2,2,5,2,20,1,7,3,101,69,32,7,0.6831683168316832,0.31683168316831684,0.0,0.019801980198019802,0.19801980198019803,0.06930693069306931,0.0,0.06930693069306931,0.06930693069306931,1,1.0,javascript,stevebest/passport-vkontakte,VkontakteAuthorizationError
1,1,5,5,2,1,0,0,3,16,16,1,3,64,1,4,5,281,186,95,12,0.6619217081850534,0.33807829181494664,0.010676156583629894,0.05693950177935943,0.2277580071174377,0.014234875444839857,0.017793594306049824,0.014234875444839857,0.042704626334519574,4,1.0,javascript,neyric/webhookit,
2,2,1,1,2,0,0,0,0,5,5,3,4,32,4,8,3,176,116,60,12,0.6590909090909091,0.3409090909090909,0.011363636363636364,0.028409090909090908,0.18181818181818182,0.045454545454545456,0.005681818181818182,0.045454545454545456,0.06818181818181818,3,1.0,javascript,arendjr/selectivity,
1,1,1,1,1,0,0,0,1,1,1,0,2,10,1,1,3,70,46,24,8,0.6571428571428571,0.34285714285714286,0.014285714285714285,0.014285714285714285,0.14285714285714285,0.014285714285714285,0.014285714285714285,0.014285714285714285,0.11428571428571428,2,1.0,javascript,jaggedsoft/node-binance-api,prices
1,1,1,1,0,0,0,0,1,4,4,0,0,13,1,0,1,53,37,16,10,0.6981132075471698,0.3018867924528302,0.0,0.07547169811320754,0.24528301886792453,0.0,0.018867924528301886,0.0,0.18867924528301888,1,1.0,javascript,zhanziyang/vue-croppa,reject
3,3,8,8,6,3,0,0,1,15,15,1,12,74,6,13,10,385,258,127,16,0.6701298701298701,0.32987012987012987,0.023376623376623377,0.03896103896103896,0.19220779220779222,0.033766233766233764,0.02077922077922078,0.033766233766233764,0.04155844155844156,10,1.0,javascript,basisjs/basisjs,checkUrl
1,1,1,1,1,0,0,0,0,3,3,2,2,20,1,2,2,95,63,32,11,0.6631578947368421,0.3368421052631579,0.010526315789473684,0.031578947368421054,0.21052631578947367,0.021052631578947368,0.010526315789473684,0.021052631578947368,0.11578947368421053,2,1.0,javascript,usrz/javascript-rodosha,Request
1,1,1,1,2,0,0,0,2,9,9,3,8,73,3,3,19,369,256,113,12,0.6937669376693767,0.3062330623306233,0.005420054200542005,0.024390243902439025,0.1978319783197832,0.008130081300813009,0.0027100271002710027,0.008130081300813009,0.032520325203252036,3,1.0,javascript,h1bomb/yo,procOptions
3,3,3,3,18,0,0,0,2,37,37,9,19,171,16,17,13,858,561,297,20,0.6538461538461539,0.34615384615384615,0.02097902097902098,0.04312354312354312,0.1993006993006993,0.019813519813519812,0.0034965034965034965,0.019813519813519812,0.023310023310023312,19,1.0,javascript,veo-labs/openveo-api,findDependencies
1,1,0,0,1,0,0,0,1,3,3,0,1,9,2,1,3,58,39,19,11,0.6724137931034483,0.3275862068965517,0.017241379310344827,0.05172413793103448,0.15517241379310345,0.017241379310344827,0.0,0.017241379310344827,0.1896551724137931,2,1.0,javascript,lennartcl/jsonm,tryPackErrorKeys
1,1,0,0,1,0,0,0,0,5,5,1,0,24,2,5,20,217,157,60,10,0.7235023041474654,0.2764976958525346,0.004608294930875576,0.02304147465437788,0.11059907834101383,0.02304147465437788,0.0,0.02304147465437788,0.04608294930875576,2,1.0,javascript,adobe/brackets,init
1,1,0,0,1,0,0,0,0,4,4,0,1,19,2,4,1,102,66,36,11,0.6470588235294118,0.35294117647058826,0.00980392156862745,0.0392156862745098,0.18627450980392157,0.0392156862745098,0.0,0.0392156862745098,0.10784313725490197,2,1.0,javascript,melonjs/melonJS,
1,1,1,1,1,0,0,0,1,2,2,5,2,22,2,5,5,111,75,36,10,0.6756756756756757,0.32432432432432434,0.009009009009009009,0.018018018018018018,0.1981981981981982,0.04504504504504504,0.009009009009009009,0.04504504504504504,0.09009009009009009,2,1.0,javascript,kgryte/utils-ini-parse,parse
1,1,2,2,2,0,0,0,0,2,2,2,2,30,3,3,1,131,90,41,11,0.6870229007633588,0.31297709923664124,0.015267175572519083,0.015267175572519083,0.22900763358778625,0.022900763358778626,0.015267175572519083,0.022900763358778626,0.08396946564885496,3,1.0,javascript,openlayers/openlayers,layersPBFReader
1,1,8,8,3,0,0,0,1,14,14,0,4,69,4,8,5,333,224,109,11,0.6726726726726727,0.32732732732732733,0.009009009009009009,0.042042042042042045,0.2072072072072072,0.024024024024024024,0.024024024024024024,0.024024024024024024,0.03303303303303303,4,1.0,javascript,Tamersoul/magic-wand-js,
2,2,0,0,1,0,0,0,1,3,3,0,0,17,3,3,0,74,53,21,13,0.7162162162162162,0.28378378378378377,0.013513513513513514,0.04054054054054054,0.22972972972972974,0.04054054054054054,0.0,0.04054054054054054,0.17567567567567569,2,1.0,javascript,adobe/brackets,_removeAndInstall
1,1,0,0,0,0,0,0,2,3,3,1,0,13,3,1,2,70,48,22,10,0.6857142857142857,0.3142857142857143,0.0,0.04285714285714286,0.18571428571428572,0.014285714285714285,0.0,0.014285714285714285,0.14285714285714285,1,1.0,javascript,bitnami/nami-utils,isFile
1,1,0,0,6,0,0,0,1,3,3,10,5,36,3,12,10,225,150,75,9,0.6666666666666666,0.3333333333333333,0.02666666666666667,0.013333333333333334,0.16,0.05333333333333334,0.0,0.05333333333333334,0.04,7,1.0,javascript,TooTallNate/node-wav,Writer
1,1,2,2,1,0,0,0,1,1,1,1,4,20,2,1,5,96,65,31,11,0.6770833333333334,0.3229166666666667,0.010416666666666666,0.010416666666666666,0.20833333333333334,0.010416666666666666,0.020833333333333332,0.010416666666666666,0.11458333333333333,2,1.0,javascript,akabekobeko/npm-wpxml2md,Cell
1,1,0,0,0,0,0,0,0,2,2,4,3,19,1,5,3,99,68,31,8,0.6868686868686869,0.31313131313131315,0.0,0.020202020202020204,0.1919191919191919,0.050505050505050504,0.0,0.050505050505050504,0.08080808080808081,1,1.0,javascript,cliffano/eggtart,Eggtart
1,1,0,0,1,0,0,0,2,3,3,0,0,10,2,0,0,55,36,19,8,0.6545454545454545,0.34545454545454546,0.01818181818181818,0.05454545454545454,0.18181818181818182,0.0,0.0,0.0,0.14545454545454545,2,1.0,javascript,multiplex/multiplex.js,toArray
1,1,3,3,3,0,0,0,2,2,2,7,4,67,6,9,6,299,203,96,12,0.6789297658862876,0.3210702341137124,0.010033444816053512,0.006688963210702341,0.22408026755852842,0.030100334448160536,0.010033444816053512,0.030100334448160536,0.04013377926421405,4,1.0,javascript,prebid/Prebid.js,
1,1,2,2,3,0,0,0,1,2,2,4,13,49,5,5,6,221,150,71,18,0.6787330316742082,0.3212669683257919,0.013574660633484163,0.00904977375565611,0.22171945701357465,0.02262443438914027,0.00904977375565611,0.02262443438914027,0.08144796380090498,4,1.0,javascript,octoblu/meshblu,
1,1,0,0,2,0,0,0,0,3,3,2,0,18,3,4,0,92,59,33,13,0.6413043478260869,0.358695652173913,0.021739130434782608,0.03260869565217391,0.1956521739130435,0.043478260869565216,0.0,0.043478260869565216,0.14130434782608695,3,1.0,javascript,neyric/webhookit,
1,1,3,3,1,0,1,0,0,8,8,3,2,34,3,5,2,179,119,60,13,0.664804469273743,0.33519553072625696,0.0111731843575419,0.0446927374301676,0.18994413407821228,0.027932960893854747,0.01675977653631285,0.027932960893854747,0.07262569832402235,3,1.0,javascript,neurospeech/web-atoms.js,
1,1,2,2,0,0,0,0,1,0,0,0,7,14,1,1,7,87,61,26,14,0.7011494252873564,0.2988505747126437,0.0,0.0,0.16091954022988506,0.011494252873563218,0.022988505747126436,0.011494252873563218,0.16091954022988506,1,1.0,javascript,clientIO/joint,
3,3,5,5,0,0,0,0,2,2,2,0,1,27,3,1,3,128,88,40,15,0.6875,0.3125,0.0,0.015625,0.2109375,0.0078125,0.0390625,0.0078125,0.1171875,1,1.0,javascript,ariatemplates/ariatemplates,SkippedElementNavigationHandler
1,1,0,0,1,0,0,0,1,4,4,1,0,10,1,2,0,59,37,22,10,0.6271186440677966,0.3728813559322034,0.01694915254237288,0.06779661016949153,0.1694915254237288,0.03389830508474576,0.0,0.03389830508474576,0.1694915254237288,2,1.0,javascript,rpbouman/xmla4js,
1,1,0,0,0,0,0,0,0,6,6,6,0,23,1,9,1,127,81,46,10,0.6377952755905512,0.36220472440944884,0.0,0.047244094488188976,0.18110236220472442,0.07086614173228346,0.0,0.07086614173228346,0.07874015748031496,1,1.0,javascript,stomita/node-salesforce,
1,1,2,2,2,0,0,0,1,10,10,0,4,33,4,2,3,184,123,61,17,0.6684782608695652,0.33152173913043476,0.010869565217391304,0.05434782608695652,0.1793478260869565,0.010869565217391304,0.010869565217391304,0.010869565217391304,0.09239130434782608,3,1.0,javascript,neyric/webhookit,
2,2,2,2,3,0,0,0,0,12,12,0,1,25,5,8,11,226,146,80,17,0.6460176991150443,0.35398230088495575,0.01327433628318584,0.05309734513274336,0.11061946902654868,0.035398230088495575,0.008849557522123894,0.035398230088495575,0.0752212389380531,4,1.0,javascript,titon/toolkit,
8,8,6,6,11,0,0,0,5,17,17,3,13,106,16,14,4,543,359,184,22,0.6611418047882136,0.3388581952117864,0.020257826887661142,0.03130755064456722,0.19521178637200737,0.02578268876611418,0.011049723756906077,0.02578268876611418,0.040515653775322284,12,1.0,javascript,thx/brix-loader,query
1,4,5,5,2,0,0,0,0,26,26,5,3,127,8,15,23,723,493,230,31,0.681881051175657,0.318118948824343,0.0027662517289073307,0.035961272475795295,0.17565698478561548,0.02074688796680498,0.006915629322268326,0.02074688796680498,0.042876901798063624,3,4.0,javascript,blueberryapps/radium-bootstrap-grid,start
1,1,2,2,0,0,0,0,1,2,2,1,0,15,2,3,0,75,52,23,9,0.6933333333333334,0.30666666666666664,0.0,0.02666666666666667,0.2,0.04,0.02666666666666667,0.04,0.12,1,1.0,javascript,skaterdav85/validatorjs,
1,1,0,0,1,0,0,0,0,3,3,1,0,12,2,3,0,57,36,21,9,0.631578947368421,0.3684210526315789,0.017543859649122806,0.05263157894736842,0.21052631578947367,0.05263157894736842,0.0,0.05263157894736842,0.15789473684210525,2,1.0,javascript,opendigitaleducation/sijil.js,endNode
1,1,1,1,1,0,0,0,0,4,4,1,0,18,2,4,0,80,52,28,9,0.65,0.35,0.0125,0.05,0.225,0.05,0.0125,0.05,0.1125,2,1.0,javascript,eclipse/orion.client,
2,2,0,0,2,0,0,0,3,5,5,0,9,25,5,1,7,149,102,47,20,0.6845637583892618,0.31543624161073824,0.013422818791946308,0.03355704697986577,0.16778523489932887,0.006711409395973154,0.0,0.006711409395973154,0.1342281879194631,3,1.0,javascript,colinhemphill/pokenode,makeTheCall
1,1,4,4,3,1,0,0,2,1,1,0,3,37,5,6,1,178,120,58,12,0.6741573033707865,0.3258426966292135,0.02247191011235955,0.0056179775280898875,0.20786516853932585,0.033707865168539325,0.02247191011235955,0.033707865168539325,0.06741573033707865,5,1.0,javascript,eclipse/orion.client,
1,1,3,3,1,0,0,0,2,4,4,0,1,18,3,0,0,89,59,30,9,0.6629213483146067,0.33707865168539325,0.011235955056179775,0.0449438202247191,0.20224719101123595,0.0,0.033707865168539325,0.0,0.10112359550561797,2,1.0,javascript,kalabox/kalabox,handle
2,2,0,0,1,0,0,0,0,3,3,0,3,16,3,4,3,95,62,33,15,0.6526315789473685,0.3473684210526316,0.010526315789473684,0.031578947368421054,0.16842105263157894,0.042105263157894736,0.0,0.042105263157894736,0.15789473684210525,2,1.0,javascript,Zizzamia/ng-tasty,
1,1,1,1,4,0,0,0,1,8,8,1,1,38,8,9,10,220,142,78,10,0.6454545454545455,0.35454545454545455,0.01818181818181818,0.03636363636363636,0.17272727272727273,0.04090909090909091,0.004545454545454545,0.04090909090909091,0.045454545454545456,5,1.0,javascript,jurca/szn-options,updateItem
1,1,0,0,0,0,0,0,1,2,2,0,0,14,1,0,3,82,59,23,14,0.7195121951219512,0.2804878048780488,0.0,0.024390243902439025,0.17073170731707318,0.0,0.0,0.0,0.17073170731707318,1,1.0,javascript,bipbop/bipbop-websocket,bundler
1,1,2,2,0,0,0,0,1,3,3,2,3,18,1,3,4,79,55,24,11,0.6962025316455697,0.3037974683544304,0.0,0.0379746835443038,0.22784810126582278,0.0379746835443038,0.02531645569620253,0.0379746835443038,0.13924050632911392,1,1.0,javascript,zerobias/telegram-mtproto,randBigInt
1,1,2,2,1,1,0,0,0,149,149,0,23,326,4,101,136,2161,1409,752,16,0.6520129569643683,0.34798704303563166,0.0009254974548819991,0.06894956038870893,0.15085608514576584,0.04673762147154095,0.0009254974548819991,0.04673762147154095,0.007403979639055993,3,1.0,javascript,AlgoTrader/betfair-sports-api,encodeGetCurrentBets
5,5,6,6,6,0,0,0,7,20,20,0,8,93,11,4,14,491,337,154,23,0.6863543788187373,0.3136456211812627,0.012219959266802444,0.04073319755600815,0.1894093686354379,0.008146639511201629,0.012219959266802444,0.008146639511201629,0.04684317718940937,7,1.0,javascript,spacemaus/postvox,checkStanza
7,8,4,4,8,0,0,0,7,24,24,13,7,136,13,26,23,727,495,232,23,0.6808803301237965,0.31911966987620355,0.011004126547455296,0.033012379642365884,0.18707015130674004,0.03576341127922971,0.005502063273727648,0.03576341127922971,0.03163686382393398,9,1.1428571428571428,javascript,zhuangchuming/co-multipart,multipart
1,1,3,3,2,1,1,0,3,2,2,3,7,30,5,3,7,154,105,49,12,0.6818181818181818,0.3181818181818182,0.025974025974025976,0.012987012987012988,0.19480519480519481,0.01948051948051948,0.01948051948051948,0.01948051948051948,0.07792207792207792,5,1.0,javascript,jackbearheart/email-addresses,findNode
1,1,1,1,2,0,0,0,2,4,4,1,0,27,2,3,2,111,78,33,9,0.7027027027027027,0.2972972972972973,0.018018018018018018,0.036036036036036036,0.24324324324324326,0.02702702702702703,0.009009009009009009,0.02702702702702703,0.08108108108108109,3,1.0,javascript,nodeGame/nodegame-server,addStepToBlock
1,1,3,3,0,0,0,0,1,6,6,3,2,24,1,3,6,139,94,45,10,0.6762589928057554,0.3237410071942446,0.0,0.04316546762589928,0.17266187050359713,0.02158273381294964,0.02158273381294964,0.02158273381294964,0.07194244604316546,1,1.0,javascript,ecomfe/rebas,compile
1,1,1,1,7,0,1,0,2,12,12,5,14,72,12,13,13,398,267,131,16,0.6708542713567839,0.32914572864321606,0.020100502512562814,0.03015075376884422,0.18090452261306533,0.032663316582914576,0.002512562814070352,0.032663316582914576,0.04020100502512563,9,1.0,javascript,ryanramage/schema-couch-boilerplate,expression
1,1,1,1,0,0,0,0,1,1,1,2,1,13,3,2,1,66,44,22,10,0.6666666666666666,0.3333333333333333,0.0,0.015151515151515152,0.19696969696969696,0.030303030303030304,0.015151515151515152,0.030303030303030304,0.15151515151515152,1,1.0,javascript,eclipse/orion.client,parsebody
4,4,6,6,4,0,0,0,3,11,11,9,5,79,10,15,8,410,275,135,19,0.6707317073170732,0.32926829268292684,0.00975609756097561,0.026829268292682926,0.1926829268292683,0.036585365853658534,0.014634146341463415,0.036585365853658534,0.046341463414634146,5,1.0,javascript,Mermade/oas-kit,objToGraph
1,1,0,0,0,0,0,0,1,3,3,0,0,15,1,1,0,52,39,13,10,0.75,0.25,0.0,0.057692307692307696,0.28846153846153844,0.019230769230769232,0.0,0.019230769230769232,0.19230769230769232,1,1.0,javascript,ynab/ynab-sdk-js,
2,2,1,1,1,0,0,0,0,5,5,3,0,19,3,7,2,132,86,46,11,0.6515151515151515,0.3484848484848485,0.007575757575757576,0.03787878787878788,0.14393939393939395,0.05303030303030303,0.007575757575757576,0.05303030303030303,0.08333333333333333,2,1.0,javascript,cargomedia/janus-gateway-js,Session
1,1,0,0,1,0,0,0,0,5,5,0,0,17,2,4,6,110,73,37,9,0.6636363636363637,0.33636363636363636,0.00909090909090909,0.045454545454545456,0.15454545454545454,0.03636363636363636,0.0,0.03636363636363636,0.08181818181818182,2,1.0,javascript,AndiDittrich/NodeMCU-Tool,hardreset
1,1,0,0,0,0,0,0,1,6,6,0,0,18,1,0,0,79,51,28,16,0.6455696202531646,0.35443037974683544,0.0,0.0759493670886076,0.22784810126582278,0.0,0.0,0.0,0.20253164556962025,1,1.0,javascript,justadudewhohacks/face-recognition.js,predict
6,6,2,2,1,0,0,0,2,7,7,2,2,37,8,7,4,181,124,57,25,0.6850828729281768,0.3149171270718232,0.0055248618784530384,0.03867403314917127,0.20441988950276244,0.03867403314917127,0.011049723756906077,0.03867403314917127,0.13812154696132597,2,1.0,javascript,VKCOM/node-vk-call,repeater
1,1,1,1,1,0,0,0,0,5,5,5,1,43,1,9,2,182,129,53,8,0.7087912087912088,0.29120879120879123,0.005494505494505495,0.027472527472527472,0.23626373626373626,0.04945054945054945,0.005494505494505495,0.04945054945054945,0.04395604395604396,2,1.0,javascript,looeee/npm-three-app,TubeGeometry
1,5,4,4,0,0,0,0,1,12,12,1,0,37,4,6,7,244,160,84,16,0.6557377049180327,0.3442622950819672,0.0,0.04918032786885246,0.15163934426229508,0.02459016393442623,0.01639344262295082,0.02459016393442623,0.06557377049180328,1,5.0,javascript,felixrieseberg/npm-windows-upgrade,runSimpleUpgrade
1,1,3,3,1,0,0,0,1,3,3,1,0,19,2,2,0,92,62,30,9,0.6739130434782609,0.32608695652173914,0.010869565217391304,0.03260869565217391,0.20652173913043478,0.021739130434782608,0.03260869565217391,0.021739130434782608,0.09782608695652174,2,1.0,javascript,eventbrite/britecharts,getCurrentData
1,1,2,2,1,0,0,0,0,4,4,3,1,24,2,6,3,122,80,42,13,0.6557377049180327,0.3442622950819672,0.00819672131147541,0.03278688524590164,0.19672131147540983,0.04918032786885246,0.01639344262295082,0.04918032786885246,0.10655737704918032,2,1.0,javascript,lorenwest/node-monitor,
7,7,34,34,5,0,0,0,0,86,86,8,25,246,13,41,75,1583,1071,512,19,0.6765634870499052,0.32343651295009473,0.003158559696778269,0.05432722678458623,0.15540113708149084,0.025900189513581806,0.02147820593809223,0.025900189513581806,0.012002526847757423,6,1.0,javascript,berkeleybop/bbopx-js,_repaint_on_callback
5,5,2,2,3,0,1,0,1,20,20,27,7,185,12,39,34,935,639,296,22,0.6834224598930482,0.3165775401069519,0.0042780748663101605,0.0213903743315508,0.19786096256684493,0.04171122994652406,0.0021390374331550803,0.04171122994652406,0.023529411764705882,5,1.0,javascript,nodeGame/nodegame-server,LanguageSelector
5,5,12,12,3,1,0,0,3,23,23,8,11,154,9,23,21,707,479,228,22,0.6775106082036775,0.32248939179632247,0.005657708628005658,0.03253182461103253,0.21782178217821782,0.03253182461103253,0.016973125884016973,0.03253182461103253,0.031117397454031116,5,1.0,javascript,tencentyun/cos-js-sdk-v4,sliceInit
1,1,1,1,0,0,0,0,1,3,3,0,0,17,1,0,1,62,45,17,9,0.7258064516129032,0.27419354838709675,0.0,0.04838709677419355,0.27419354838709675,0.0,0.016129032258064516,0.0,0.14516129032258066,1,1.0,javascript,byron-dupreez/aws-core-utils,extractStageFromQualifiedResourceName
1,1,15,15,21,1,0,0,2,24,24,19,22,222,6,21,35,1028,704,324,15,0.6848249027237354,0.3151750972762646,0.021400778210116732,0.023346303501945526,0.21595330739299612,0.020428015564202335,0.014591439688715954,0.020428015564202335,0.014591439688715954,23,1.0,javascript,roofstock/ember-cli-data-export,parse_ws_xml
1,1,1,1,0,0,0,0,0,2,2,0,0,10,1,2,1,52,34,18,11,0.6538461538461539,0.34615384615384615,0.0,0.038461538461538464,0.19230769230769232,0.038461538461538464,0.019230769230769232,0.038461538461538464,0.21153846153846154,1,1.0,javascript,CyberAgent/beezlib,
2,3,3,3,5,0,0,0,5,14,13,1,2,53,3,4,3,268,182,86,20,0.6791044776119403,0.3208955223880597,0.018656716417910446,0.05223880597014925,0.19776119402985073,0.014925373134328358,0.011194029850746268,0.014925373134328358,0.07462686567164178,6,1.5,javascript,nearform/udaru,update
1,1,0,0,1,0,0,0,1,12,12,1,5,53,2,5,3,248,171,77,14,0.6895161290322581,0.31048387096774194,0.004032258064516129,0.04838709677419355,0.21370967741935484,0.020161290322580645,0.0,0.020161290322580645,0.056451612903225805,2,1.0,javascript,postmanlabs/postman-collection,
1,1,2,2,1,0,0,0,2,1,1,0,16,23,1,1,13,134,95,39,12,0.7089552238805971,0.291044776119403,0.007462686567164179,0.007462686567164179,0.17164179104477612,0.007462686567164179,0.014925373134328358,0.007462686567164179,0.08955223880597014,2,1.0,javascript,tonistiigi/styler,
1,1,1,1,1,0,0,0,2,1,1,0,4,12,3,1,4,78,53,25,13,0.6794871794871795,0.32051282051282054,0.01282051282051282,0.01282051282051282,0.15384615384615385,0.01282051282051282,0.01282051282051282,0.01282051282051282,0.16666666666666666,2,1.0,javascript,xavierpriour/grunt-stage,
3,3,0,0,0,0,0,0,3,5,5,0,3,18,3,1,5,117,77,40,16,0.6581196581196581,0.3418803418803419,0.0,0.042735042735042736,0.15384615384615385,0.008547008547008548,0.0,0.008547008547008548,0.13675213675213677,1,1.0,javascript,prey/prey-node-client,
2,2,1,1,1,0,0,0,2,3,3,1,1,23,3,2,1,102,73,29,13,0.7156862745098039,0.28431372549019607,0.00980392156862745,0.029411764705882353,0.22549019607843138,0.0196078431372549,0.00980392156862745,0.0196078431372549,0.12745098039215685,2,1.0,javascript,traverson/halfred,parseHalProperty
1,1,3,3,5,0,0,0,1,7,7,6,7,46,6,8,4,235,155,80,14,0.6595744680851063,0.3404255319148936,0.02127659574468085,0.029787234042553193,0.19574468085106383,0.03404255319148936,0.01276595744680851,0.03404255319148936,0.059574468085106386,6,1.0,javascript,eaze/potluck-opentok-adapter,
2,2,10,10,15,0,0,0,0,46,46,3,36,190,19,27,48,1129,768,361,22,0.6802480070859167,0.31975199291408324,0.013286093888396812,0.04074402125775022,0.1682905225863596,0.023914968999114262,0.008857395925597875,0.023914968999114262,0.01948627103631532,16,1.0,javascript,matmanjs/matman-core,build
1,1,2,2,1,0,0,0,0,3,3,1,2,20,2,2,3,92,63,29,14,0.6847826086956522,0.31521739130434784,0.010869565217391304,0.03260869565217391,0.21739130434782608,0.021739130434782608,0.021739130434782608,0.021739130434782608,0.15217391304347827,2,1.0,javascript,kissyteam/kissy-xtemplate,onSetAttrChange
1,1,4,4,3,1,0,0,4,1,1,1,5,27,5,2,5,152,104,48,12,0.6842105263157895,0.3157894736842105,0.02631578947368421,0.006578947368421052,0.17763157894736842,0.013157894736842105,0.02631578947368421,0.013157894736842105,0.07894736842105263,5,1.0,javascript,ocombe/ocLazyLoad,
1,1,2,2,1,0,0,0,0,1,1,2,3,20,2,4,1,86,57,29,11,0.6627906976744186,0.3372093023255814,0.011627906976744186,0.011627906976744186,0.23255813953488372,0.046511627906976744,0.023255813953488372,0.046511627906976744,0.12790697674418605,2,1.0,javascript,neyric/webhookit,
1,1,2,2,4,1,0,0,1,5,5,4,11,41,7,6,10,234,155,79,19,0.6623931623931624,0.33760683760683763,0.021367521367521368,0.021367521367521368,0.1752136752136752,0.02564102564102564,0.008547008547008548,0.02564102564102564,0.0811965811965812,6,1.0,javascript,brianc/node-postgres,arrayString
1,1,6,6,5,1,0,0,1,6,6,11,8,86,8,15,4,385,257,128,15,0.6675324675324675,0.33246753246753247,0.015584415584415584,0.015584415584415584,0.22337662337662337,0.03896103896103896,0.015584415584415584,0.03896103896103896,0.03896103896103896,7,1.0,javascript,Tamersoul/magic-wand-js,
1,1,0,0,0,0,0,0,0,2,2,4,0,21,1,5,0,66,47,19,8,0.7121212121212122,0.2878787878787879,0.0,0.030303030303030304,0.3181818181818182,0.07575757575757576,0.0,0.07575757575757576,0.12121212121212122,1,1.0,javascript,christophebe/crawler.ninja,init
1,1,4,4,4,0,0,0,1,3,3,4,3,33,7,4,7,216,149,67,14,0.6898148148148148,0.3101851851851852,0.018518518518518517,0.013888888888888888,0.1527777777777778,0.018518518518518517,0.018518518518518517,0.018518518518518517,0.06481481481481481,5,1.0,javascript,apache/cordova-osx,writeATSEntries
1,1,1,1,1,0,0,0,1,2,2,0,0,14,4,3,1,101,70,31,11,0.693069306930693,0.3069306930693069,0.009900990099009901,0.019801980198019802,0.13861386138613863,0.0297029702970297,0.009900990099009901,0.0297029702970297,0.10891089108910891,2,1.0,javascript,JanitorTechnology/selfapi,
1,1,0,0,0,0,0,0,1,7,7,0,10,15,1,2,5,126,79,47,16,0.626984126984127,0.373015873015873,0.0,0.05555555555555555,0.11904761904761904,0.015873015873015872,0.0,0.015873015873015872,0.12698412698412698,1,1.0,javascript,SAP/openui5,
1,1,0,0,1,0,0,0,0,5,5,1,0,15,2,3,1,72,47,25,9,0.6527777777777778,0.3472222222222222,0.013888888888888888,0.06944444444444445,0.20833333333333334,0.041666666666666664,0.0,0.041666666666666664,0.125,2,1.0,javascript,sendanor/nor-nopg,merge_objects_
1,1,1,1,3,0,0,0,2,1,1,0,1,14,5,0,2,82,57,25,12,0.6951219512195121,0.3048780487804878,0.036585365853658534,0.012195121951219513,0.17073170731707318,0.0,0.012195121951219513,0.0,0.14634146341463414,4,1.0,javascript,stadt-bielefeld/wms-downloader,isValid
1,1,1,1,3,0,0,0,3,8,8,0,6,39,4,2,10,193,136,57,13,0.7046632124352331,0.29533678756476683,0.015544041450777202,0.04145077720207254,0.20207253886010362,0.010362694300518135,0.0051813471502590676,0.010362694300518135,0.06735751295336788,4,1.0,javascript,hex7c0/basic-authentication,basic_medium
1,1,1,1,0,0,0,0,1,0,0,0,0,11,1,0,6,76,54,22,14,0.7105263157894737,0.2894736842105263,0.0,0.0,0.14473684210526316,0.0,0.013157894736842105,0.0,0.18421052631578946,1,1.0,javascript,MacKentoch/easyFormGenerator,emptyEdaFieldsModel
1,1,1,1,1,0,0,0,2,0,0,0,2,12,2,0,2,57,39,18,7,0.6842105263157895,0.3157894736842105,0.017543859649122806,0.0,0.21052631578947367,0.0,0.017543859649122806,0.0,0.12280701754385964,2,1.0,javascript,mapbox/eslint-plugin-react-filenames,getTokenBeforeClosingBracket
1,1,2,2,0,0,0,0,1,4,4,0,0,13,1,1,2,71,47,24,11,0.6619718309859155,0.3380281690140845,0.0,0.056338028169014086,0.18309859154929578,0.014084507042253521,0.028169014084507043,0.014084507042253521,0.15492957746478872,1,1.0,javascript,cjr--/qp-library,
1,5,2,2,4,0,0,0,5,13,13,5,1,71,9,9,7,331,221,110,23,0.6676737160120846,0.3323262839879154,0.012084592145015106,0.03927492447129909,0.21450151057401812,0.027190332326283987,0.006042296072507553,0.027190332326283987,0.06948640483383686,5,5.0,javascript,substance/texture,_getFileRecord
1,1,0,0,2,0,0,0,1,0,0,4,4,19,4,4,3,128,85,43,12,0.6640625,0.3359375,0.015625,0.0,0.1484375,0.03125,0.0,0.03125,0.09375,3,1.0,javascript,tangdaohai/vue-happy-scroll,initBrowserSize
7,7,5,5,5,0,0,0,8,22,22,28,6,94,13,38,28,821,562,259,23,0.6845310596833131,0.315468940316687,0.0060901339829476245,0.02679658952496955,0.11449451887941535,0.04628501827040195,0.0060901339829476245,0.04628501827040195,0.028014616321559074,6,1.0,javascript,TerriaJS/terriajs,
4,4,14,14,10,0,0,0,3,33,33,8,20,146,14,23,58,1005,686,319,17,0.6825870646766169,0.3174129353233831,0.009950248756218905,0.03283582089552239,0.14527363184079603,0.022885572139303482,0.013930348258706468,0.022885572139303482,0.01691542288557214,11,1.0,javascript,Lanfei/websocket-lib,Client
1,1,1,1,1,0,0,0,2,2,2,0,1,12,2,0,1,56,38,18,7,0.6785714285714286,0.32142857142857145,0.017857142857142856,0.03571428571428571,0.21428571428571427,0.0,0.017857142857142856,0.0,0.125,2,1.0,javascript,eslint/eslint,resolveFileGlobPatterns
4,4,2,2,2,0,0,0,1,10,10,0,1,38,10,7,1,208,138,70,21,0.6634615384615384,0.33653846153846156,0.009615384615384616,0.04807692307692308,0.18269230769230768,0.03365384615384615,0.009615384615384616,0.03365384615384615,0.10096153846153846,3,1.0,javascript,rstudio/shiny-server,forEachPromise_p
1,1,1,1,0,0,0,1,1,7,7,0,2,20,1,0,11,145,101,44,13,0.696551724137931,0.30344827586206896,0.0,0.04827586206896552,0.13793103448275862,0.0,0.006896551724137931,0.0,0.0896551724137931,1,1.0,javascript,marklogic/node-client-api,notIn
1,1,2,2,2,0,0,0,0,3,3,1,1,26,4,4,3,152,102,50,13,0.6710526315789473,0.32894736842105265,0.013157894736842105,0.019736842105263157,0.17105263157894737,0.02631578947368421,0.013157894736842105,0.02631578947368421,0.08552631578947369,3,1.0,javascript,ariatemplates/ariatemplates,
3,3,3,3,2,0,0,0,3,6,6,1,19,48,6,5,15,283,189,94,25,0.6678445229681979,0.3321554770318021,0.007067137809187279,0.02120141342756184,0.1696113074204947,0.0176678445229682,0.01060070671378092,0.0176678445229682,0.08833922261484099,3,1.0,javascript,tonistiigi/styler,
1,1,4,4,2,0,0,0,3,3,3,0,0,18,3,1,0,96,63,33,8,0.65625,0.34375,0.020833333333333332,0.03125,0.1875,0.010416666666666666,0.041666666666666664,0.010416666666666666,0.08333333333333333,3,1.0,javascript,carrascoMDD/asyncshell,
2,2,2,2,9,0,0,0,2,5,5,7,7,83,11,9,2,347,234,113,14,0.6743515850144092,0.3256484149855908,0.025936599423631124,0.01440922190201729,0.23919308357348704,0.025936599423631124,0.005763688760806916,0.025936599423631124,0.040345821325648415,10,1.0,javascript,anseki/plain-draggable,move
1,1,2,2,2,0,0,0,1,2,2,2,4,28,5,2,0,134,93,41,11,0.6940298507462687,0.30597014925373134,0.014925373134328358,0.014925373134328358,0.208955223880597,0.014925373134328358,0.014925373134328358,0.014925373134328358,0.08208955223880597,3,1.0,javascript,jldec/pub-util,diff
1,1,0,0,1,0,0,0,0,3,3,1,0,11,2,4,0,66,42,24,12,0.6363636363636364,0.36363636363636365,0.015151515151515152,0.045454545454545456,0.16666666666666666,0.06060606060606061,0.0,0.06060606060606061,0.18181818181818182,2,1.0,javascript,objectivehtml/FlipClock,
1,3,2,2,5,0,0,0,1,10,10,13,9,136,10,18,16,596,405,191,32,0.6795302013422819,0.32046979865771813,0.008389261744966443,0.016778523489932886,0.22818791946308725,0.030201342281879196,0.003355704697986577,0.030201342281879196,0.053691275167785234,6,3.0,javascript,sebhildebrandt/systeminformation,dockerContainerStatsSingle
1,1,0,0,0,0,0,0,0,3,3,9,1,18,1,10,6,118,74,44,7,0.6271186440677966,0.3728813559322034,0.0,0.025423728813559324,0.15254237288135594,0.0847457627118644,0.0,0.0847457627118644,0.059322033898305086,1,1.0,javascript,pex-gl/pex-renderer,Animation
1,1,1,1,2,0,0,0,2,2,2,0,2,11,3,0,4,87,59,28,10,0.6781609195402298,0.3218390804597701,0.022988505747126436,0.022988505747126436,0.12643678160919541,0.0,0.011494252873563218,0.0,0.11494252873563218,3,1.0,javascript,NaturalNode/natural,disambiguateRule2
1,1,5,5,1,0,0,0,0,6,6,0,4,38,2,2,20,276,191,85,13,0.6920289855072463,0.3079710144927536,0.0036231884057971015,0.021739130434782608,0.13768115942028986,0.007246376811594203,0.018115942028985508,0.007246376811594203,0.04710144927536232,2,1.0,javascript,SAP/openui5,
1,1,0,0,0,0,0,0,1,2,2,0,8,10,1,3,6,82,55,27,12,0.6707317073170732,0.32926829268292684,0.0,0.024390243902439025,0.12195121951219512,0.036585365853658534,0.0,0.036585365853658534,0.14634146341463414,1,1.0,javascript,SAP/openui5,
3,3,6,6,0,0,0,0,3,7,7,2,0,38,3,3,0,173,118,55,13,0.6820809248554913,0.3179190751445087,0.0,0.04046242774566474,0.21965317919075145,0.017341040462427744,0.03468208092485549,0.017341040462427744,0.07514450867052024,1,1.0,javascript,ariatemplates/ariatemplates,getSiblings
2,2,1,1,3,0,0,0,0,3,3,2,5,28,5,4,7,167,111,56,20,0.6646706586826348,0.33532934131736525,0.017964071856287425,0.017964071856287425,0.16766467065868262,0.023952095808383235,0.005988023952095809,0.023952095808383235,0.11976047904191617,4,1.0,javascript,eclipse/orion.client,
2,2,3,3,1,1,0,0,0,2,2,1,2,32,4,3,1,134,92,42,13,0.6865671641791045,0.31343283582089554,0.014925373134328358,0.014925373134328358,0.23880597014925373,0.022388059701492536,0.022388059701492536,0.022388059701492536,0.09701492537313433,3,1.0,javascript,ILLGrenoble/guacamole-common-js,replayFrame
1,1,0,0,0,0,0,0,0,1,1,2,1,9,1,5,3,70,45,25,11,0.6428571428571429,0.35714285714285715,0.0,0.014285714285714285,0.12857142857142856,0.07142857142857142,0.0,0.07142857142857142,0.15714285714285714,1,1.0,javascript,knownasilya/ember-leaflet-cartodb,
2,2,1,1,2,0,0,0,0,9,9,0,9,39,8,7,8,230,151,79,26,0.6565217391304348,0.34347826086956523,0.008695652173913044,0.0391304347826087,0.16956521739130434,0.030434782608695653,0.004347826086956522,0.030434782608695653,0.11304347826086956,3,1.0,javascript,AndiDittrich/NodeMCU-Tool,devices
1,1,1,1,1,0,0,0,1,1,1,3,1,21,2,3,2,105,73,32,11,0.6952380952380952,0.3047619047619048,0.009523809523809525,0.009523809523809525,0.2,0.02857142857142857,0.009523809523809525,0.02857142857142857,0.10476190476190476,2,1.0,javascript,BonsaiDen/lithium,
1,1,3,3,1,0,0,0,1,6,6,1,1,23,2,4,0,120,80,40,10,0.6666666666666666,0.3333333333333333,0.008333333333333333,0.05,0.19166666666666668,0.03333333333333333,0.025,0.03333333333333333,0.08333333333333333,2,1.0,javascript,canjs/can-connect,
2,2,0,0,0,0,0,0,2,3,3,0,0,10,2,0,0,50,33,17,13,0.66,0.34,0.0,0.06,0.2,0.0,0.0,0.0,0.26,1,1.0,javascript,Palmabit-IT/json-compiler,iterateArray
2,2,2,2,4,0,0,0,6,8,8,3,4,64,4,3,3,253,179,74,14,0.7075098814229249,0.2924901185770751,0.015810276679841896,0.03162055335968379,0.25296442687747034,0.011857707509881422,0.007905138339920948,0.011857707509881422,0.05533596837944664,5,1.0,javascript,Ma3Route/node-sdk,passResponse
1,1,4,4,0,0,2,0,1,0,0,18,75,124,2,18,39,657,438,219,14,0.6666666666666666,0.3333333333333333,0.0030441400304414,0.0,0.1887366818873668,0.0273972602739726,0.0060882800608828,0.0273972602739726,0.0213089802130898,3,1.0,javascript,jhermsmeier/node-cyclic-32,crc32
1,1,0,0,1,0,0,0,0,2,2,3,0,10,2,4,1,59,38,21,10,0.6440677966101694,0.3559322033898305,0.01694915254237288,0.03389830508474576,0.1694915254237288,0.06779661016949153,0.0,0.06779661016949153,0.1694915254237288,2,1.0,javascript,ariatemplates/ariatemplates,
2,2,4,4,1,0,0,0,0,6,6,0,4,39,3,2,3,170,115,55,19,0.6764705882352942,0.3235294117647059,0.0058823529411764705,0.03529411764705882,0.22941176470588234,0.011764705882352941,0.023529411764705882,0.011764705882352941,0.11176470588235295,2,1.0,javascript,dagrejs/dagre,injectEdgeLabelProxies
1,1,1,1,2,0,0,0,3,2,2,0,2,20,3,0,7,124,86,38,14,0.6935483870967742,0.3064516129032258,0.016129032258064516,0.016129032258064516,0.16129032258064516,0.0,0.008064516129032258,0.0,0.11290322580645161,3,1.0,javascript,straker/livingcss,parse_description
1,1,0,0,0,0,0,0,1,4,4,0,2,10,1,2,3,67,43,24,13,0.6417910447761194,0.3582089552238806,0.0,0.05970149253731343,0.14925373134328357,0.029850746268656716,0.0,0.029850746268656716,0.19402985074626866,1,1.0,javascript,mrvisser/node-corporal,
1,1,0,0,0,0,0,0,0,5,5,0,11,27,1,1,12,182,122,60,17,0.6703296703296703,0.32967032967032966,0.0,0.027472527472527472,0.14835164835164835,0.005494505494505495,0.0,0.005494505494505495,0.09340659340659341,1,1.0,javascript,akveo/nebular,redirect
1,1,3,3,1,1,0,0,1,4,4,0,2,25,4,2,4,138,94,44,13,0.6811594202898551,0.3188405797101449,0.014492753623188406,0.028985507246376812,0.18115942028985507,0.014492753623188406,0.021739130434782608,0.014492753623188406,0.09420289855072464,3,1.0,javascript,borela/themeable,joinFlairs
6,6,6,6,5,0,0,0,3,12,12,9,8,72,11,11,13,409,277,132,25,0.6772616136919315,0.32273838630806845,0.012224938875305624,0.029339853300733496,0.17603911980440098,0.02689486552567237,0.014669926650366748,0.02689486552567237,0.061124694376528114,6,1.0,javascript,samcday/node-clusterphone,constructMessageApi
1,1,0,0,0,0,0,0,0,5,5,1,0,13,1,1,0,56,35,21,13,0.625,0.375,0.0,0.08928571428571429,0.23214285714285715,0.017857142857142856,0.0,0.017857142857142856,0.23214285714285715,1,1.0,javascript,eventbrite/britecharts,buildAxis
2,2,2,2,3,0,0,0,1,4,4,4,1,32,6,7,2,161,109,52,14,0.6770186335403726,0.32298136645962733,0.018633540372670808,0.024844720496894408,0.19875776397515527,0.043478260869565216,0.012422360248447204,0.043478260869565216,0.08695652173913043,4,1.0,javascript,danielstjules/blankshield,addEventListener
17,19,33,33,20,0,0,0,10,68,68,12,34,315,39,49,50,1727,1175,552,22,0.6803705848291836,0.31962941517081644,0.011580775911986103,0.03937463810075275,0.18239722061378114,0.028372900984365953,0.01910828025477707,0.028372900984365953,0.012738853503184714,21,1.1176470588235294,javascript,ReactTraining/history,createBrowserHistory
1,1,3,3,2,0,0,0,1,8,8,0,6,26,3,2,7,174,115,59,14,0.6609195402298851,0.3390804597701149,0.011494252873563218,0.04597701149425287,0.14942528735632185,0.011494252873563218,0.017241379310344827,0.011494252873563218,0.08045977011494253,3,1.0,javascript,mfranzke/datalist-polyfill,
2,2,2,2,1,0,0,0,1,5,5,1,7,25,3,4,6,142,95,47,13,0.6690140845070423,0.33098591549295775,0.007042253521126761,0.035211267605633804,0.176056338028169,0.028169014084507043,0.014084507042253521,0.028169014084507043,0.09154929577464789,2,1.0,javascript,alexgorbatchev/node-browser-builtins,validChunk
4,5,3,3,2,1,0,0,0,16,16,1,5,61,9,15,8,357,237,120,22,0.6638655462184874,0.33613445378151263,0.008403361344537815,0.04481792717086835,0.17086834733893558,0.04201680672268908,0.008403361344537815,0.04201680672268908,0.06162464985994398,4,1.25,javascript,moleculerjs/moleculer,startWorkers
1,1,1,1,1,0,0,0,1,4,4,0,0,12,2,1,2,74,49,25,13,0.6621621621621622,0.33783783783783783,0.013513513513513514,0.05405405405405406,0.16216216216216217,0.013513513513513514,0.013513513513513514,0.013513513513513514,0.17567567567567569,2,1.0,javascript,eclipse/orion.client,
1,1,1,1,0,0,0,0,1,1,1,0,9,17,1,0,8,91,64,27,13,0.7032967032967034,0.2967032967032967,0.0,0.01098901098901099,0.18681318681318682,0.0,0.01098901098901099,0.0,0.14285714285714285,1,1.0,javascript,CartoDB/carto-vl,tileRsys
2,2,0,0,1,0,0,0,0,4,4,0,0,20,4,4,0,90,60,30,15,0.6666666666666666,0.3333333333333333,0.011111111111111112,0.044444444444444446,0.2222222222222222,0.044444444444444446,0.0,0.044444444444444446,0.16666666666666666,2,1.0,javascript,Semantic-Org/Semantic-UI-CSS,
25,25,6,6,2,0,0,0,12,17,17,12,5,150,28,15,15,838,574,264,25,0.684964200477327,0.315035799522673,0.002386634844868735,0.02028639618138425,0.17899761336515513,0.017899761336515514,0.007159904534606206,0.017899761336515514,0.029832935560859187,3,1.0,javascript,wunderbyte/grunt-spiritual-dox,globals
1,1,1,1,1,0,0,0,2,2,2,1,1,10,2,1,1,61,40,21,8,0.6557377049180327,0.3442622950819672,0.01639344262295082,0.03278688524590164,0.16393442622950818,0.01639344262295082,0.01639344262295082,0.01639344262295082,0.13114754098360656,2,1.0,javascript,kentcdodds/nps,completionHandler
3,3,0,0,0,0,0,0,2,4,4,0,1,16,3,1,1,87,56,31,14,0.6436781609195402,0.3563218390804598,0.0,0.04597701149425287,0.1839080459770115,0.011494252873563218,0.0,0.011494252873563218,0.16091954022988506,1,1.0,javascript,san650/ember-web-app,fuzzyPurgeRequireEntry
2,2,5,5,6,0,0,0,1,6,6,6,2,42,5,9,1,224,147,77,15,0.65625,0.34375,0.026785714285714284,0.026785714285714284,0.1875,0.04017857142857143,0.022321428571428572,0.04017857142857143,0.06696428571428571,7,1.0,javascript,regularjs/regular,
1,1,3,3,1,1,0,0,0,4,4,1,5,29,3,5,6,147,99,48,11,0.673469387755102,0.32653061224489793,0.013605442176870748,0.027210884353741496,0.19727891156462585,0.034013605442176874,0.02040816326530612,0.034013605442176874,0.07482993197278912,3,1.0,javascript,welldone-software/gulp-durandal,
2,2,0,0,2,0,0,0,2,6,6,1,0,29,4,5,0,130,88,42,16,0.676923076923077,0.3230769230769231,0.015384615384615385,0.046153846153846156,0.2230769230769231,0.038461538461538464,0.0,0.038461538461538464,0.12307692307692308,3,1.0,javascript,raincatcher-beta/raincatcher-file,
1,1,7,7,4,0,0,0,2,16,16,2,12,82,7,6,15,420,298,122,18,0.7095238095238096,0.2904761904761905,0.009523809523809525,0.0380952380952381,0.19523809523809524,0.014285714285714285,0.016666666666666666,0.014285714285714285,0.04285714285714286,5,1.0,javascript,BladeRunnerJS/topiarist,inherit
1,1,7,7,1,0,1,0,1,5,5,1,4,45,2,4,3,191,132,59,11,0.6910994764397905,0.3089005235602094,0.010471204188481676,0.02617801047120419,0.2356020942408377,0.020942408376963352,0.03664921465968586,0.020942408376963352,0.05759162303664921,3,1.0,javascript,tonyganch/gonzales-pe,getInterpolation
1,1,1,1,7,0,0,0,1,8,8,2,3,55,8,4,1,253,173,80,9,0.6837944664031621,0.31620553359683795,0.02766798418972332,0.03162055335968379,0.21739130434782608,0.015810276679841896,0.003952569169960474,0.015810276679841896,0.03557312252964427,8,1.0,javascript,hogart/rpg-tools,equipFromInventory
1,1,3,3,0,0,0,0,0,5,5,0,0,15,1,4,3,87,56,31,9,0.6436781609195402,0.3563218390804598,0.0,0.05747126436781609,0.1724137931034483,0.04597701149425287,0.034482758620689655,0.04597701149425287,0.10344827586206896,1,1.0,javascript,lorenwest/monitor-dashboard,
1,1,0,0,1,0,0,0,0,4,4,10,1,25,2,10,5,166,109,57,9,0.6566265060240963,0.3433734939759036,0.006024096385542169,0.024096385542168676,0.15060240963855423,0.060240963855421686,0.0,0.060240963855421686,0.05421686746987952,2,1.0,javascript,eclipse/orion.client,SideMenu
2,2,2,2,1,0,0,0,3,7,7,2,1,26,2,1,1,125,85,40,13,0.68,0.32,0.008,0.056,0.208,0.008,0.016,0.008,0.104,2,1.0,javascript,jldec/pub-generator,renderDoc
2,2,0,0,0,0,0,0,0,2,2,0,0,14,2,2,0,53,38,15,11,0.7169811320754716,0.2830188679245283,0.0,0.03773584905660377,0.2641509433962264,0.03773584905660377,0.0,0.03773584905660377,0.20754716981132076,1,1.0,javascript,oskargustafsson/BFF,reemitItemEvent
11,11,14,14,6,0,0,0,7,35,35,4,11,167,16,13,16,794,544,250,26,0.6851385390428212,0.3148614609571788,0.007556675062972292,0.04408060453400504,0.21032745591939547,0.0163727959697733,0.017632241813602016,0.0163727959697733,0.0327455919395466,7,1.0,javascript,tblobaum/mongoose-troop,obfuscate
1,1,5,5,13,0,0,0,1,17,17,6,15,137,6,17,9,702,493,209,12,0.7022792022792023,0.29772079772079774,0.018518518518518517,0.024216524216524215,0.19515669515669515,0.024216524216524215,0.007122507122507123,0.024216524216524215,0.017094017094017096,14,1.0,javascript,graphology/graphology,addEdge
1,1,3,3,0,0,0,0,0,6,6,1,3,27,1,3,4,130,86,44,11,0.6615384615384615,0.3384615384615385,0.0,0.046153846153846156,0.2076923076923077,0.023076923076923078,0.023076923076923078,0.023076923076923078,0.08461538461538462,1,1.0,javascript,edwardwohaijun/simple-filer,
1,1,0,0,5,0,0,0,3,5,5,5,8,46,6,5,18,320,218,102,19,0.68125,0.31875,0.015625,0.015625,0.14375,0.015625,0.0,0.015625,0.059375,6,1.0,javascript,atreslesne/lib-node-hosts-pool,Pool
2,2,4,4,1,0,0,0,1,11,11,0,2,43,3,4,4,219,146,73,14,0.6666666666666666,0.3333333333333333,0.0045662100456621,0.0502283105022831,0.1963470319634703,0.0182648401826484,0.0182648401826484,0.0182648401826484,0.0639269406392694,2,1.0,javascript,moreartyjs/moreartyjs,
2,2,0,0,1,0,0,0,3,3,3,0,0,11,3,2,1,80,51,29,14,0.6375,0.3625,0.0125,0.0375,0.1375,0.025,0.0,0.025,0.175,2,1.0,javascript,OpenF2/F2,
1,1,4,4,3,1,0,0,1,5,5,0,3,32,7,3,3,166,114,52,14,0.6867469879518072,0.3132530120481928,0.024096385542168676,0.030120481927710843,0.1927710843373494,0.018072289156626505,0.024096385542168676,0.018072289156626505,0.08433734939759036,5,1.0,javascript,vergeplayer/vQ,
1,3,0,0,0,0,0,0,0,4,4,0,0,29,2,2,0,102,75,27,11,0.7352941176470589,0.2647058823529412,0.0,0.0392156862745098,0.28431372549019607,0.0196078431372549,0.0,0.0196078431372549,0.10784313725490197,1,3.0,javascript,christophercrouzet/pillr,loadTemplate
1,1,0,0,0,0,0,0,0,2,2,0,0,16,1,2,1,62,43,19,8,0.6935483870967742,0.3064516129032258,0.0,0.03225806451612903,0.25806451612903225,0.03225806451612903,0.0,0.03225806451612903,0.12903225806451613,1,1.0,javascript,cliffano/cmdt,_failure
2,2,4,4,0,1,0,0,2,4,4,1,5,27,3,1,6,133,92,41,10,0.6917293233082706,0.3082706766917293,0.007518796992481203,0.03007518796992481,0.20300751879699247,0.007518796992481203,0.03007518796992481,0.007518796992481203,0.07518796992481203,2,1.0,javascript,functional-jslib/fjl,isOneOf
1,1,1,1,0,0,0,0,0,2,2,0,0,14,1,1,1,52,38,14,8,0.7307692307692307,0.2692307692307692,0.0,0.038461538461538464,0.2692307692307692,0.019230769230769232,0.019230769230769232,0.019230769230769232,0.15384615384615385,1,1.0,javascript,aledbf/deis-api,remove
1,1,2,2,2,0,1,0,0,2,2,3,5,34,2,5,3,148,106,42,12,0.7162162162162162,0.28378378378378377,0.02027027027027027,0.013513513513513514,0.22972972972972974,0.033783783783783786,0.013513513513513514,0.033783783783783786,0.08108108108108109,4,1.0,javascript,wafer-li/hexo-filter-plantuml,zip_pqdownheap
1,1,1,1,0,0,0,0,1,4,4,0,0,11,1,1,1,73,48,25,13,0.6575342465753424,0.3424657534246575,0.0,0.0547945205479452,0.1506849315068493,0.0136986301369863,0.0136986301369863,0.0136986301369863,0.1780821917808219,1,1.0,javascript,bem-archive/bem-tools,
3,3,8,8,4,0,0,0,1,12,12,6,0,50,8,13,3,293,200,93,18,0.6825938566552902,0.3174061433447099,0.013651877133105802,0.040955631399317405,0.17064846416382254,0.04436860068259386,0.027303754266211604,0.04436860068259386,0.06143344709897611,5,1.0,javascript,feilaoda/power,
1,1,1,1,1,0,0,0,0,3,3,0,0,17,3,2,2,74,52,22,9,0.7027027027027027,0.2972972972972973,0.013513513513513514,0.04054054054054054,0.22972972972972974,0.02702702702702703,0.013513513513513514,0.02702702702702703,0.12162162162162163,2,1.0,javascript,barc/express-hbs,parseLayout
1,1,2,2,0,0,0,0,1,2,2,0,0,10,1,1,0,52,33,19,9,0.6346153846153846,0.36538461538461536,0.0,0.038461538461538464,0.19230769230769232,0.019230769230769232,0.038461538461538464,0.019230769230769232,0.17307692307692307,1,1.0,javascript,BabylonJS/Spector.js,
1,1,0,0,0,0,0,0,1,3,3,0,5,12,1,0,2,69,44,25,12,0.6376811594202898,0.36231884057971014,0.0,0.043478260869565216,0.17391304347826086,0.0,0.0,0.0,0.17391304347826086,1,1.0,javascript,validate-io/number,isNumber
5,5,2,2,3,0,0,0,1,6,6,2,2,26,10,8,2,178,115,63,21,0.6460674157303371,0.3539325842696629,0.016853932584269662,0.033707865168539325,0.14606741573033707,0.0449438202247191,0.011235955056179775,0.0449438202247191,0.11797752808988764,4,1.0,javascript,camunda/camunda-bpm-sdk-js,_eachSeries
1,1,0,0,0,0,0,0,1,4,4,0,0,16,1,3,0,82,56,26,11,0.6829268292682927,0.3170731707317073,0.0,0.04878048780487805,0.1951219512195122,0.036585365853658534,0.0,0.036585365853658534,0.13414634146341464,1,1.0,javascript,dalekjs/dalek-driver-sauce,
1,1,0,0,3,0,0,0,2,1,1,2,3,18,6,4,4,137,93,44,14,0.6788321167883211,0.32116788321167883,0.021897810218978103,0.0072992700729927005,0.13138686131386862,0.029197080291970802,0.0,0.029197080291970802,0.10218978102189781,4,1.0,javascript,incompl/cloak,
1,2,3,3,0,0,0,0,0,5,5,1,2,31,1,2,3,134,92,42,13,0.6865671641791045,0.31343283582089554,0.0,0.03731343283582089,0.23134328358208955,0.014925373134328358,0.022388059701492536,0.014925373134328358,0.09701492537313433,1,2.0,javascript,Workshape/icon-font-generator,generateJson
1,1,10,10,3,0,0,0,1,5,5,0,29,47,4,0,22,283,195,88,13,0.6890459363957597,0.31095406360424027,0.01060070671378092,0.0176678445229682,0.16607773851590105,0.0,0.0353356890459364,0.0,0.045936395759717315,4,1.0,javascript,ArminTamzarian/node-calendar,timegm
1,1,2,2,4,0,0,0,3,12,12,1,2,45,6,6,8,298,206,92,19,0.6912751677852349,0.3087248322147651,0.013422818791946308,0.040268456375838924,0.15100671140939598,0.020134228187919462,0.006711409395973154,0.020134228187919462,0.06375838926174497,5,1.0,javascript,ipfs-shipyard/ipfs-redux-bundle,tryApi
1,1,2,2,4,0,0,0,4,14,14,0,9,46,9,5,12,286,195,91,28,0.6818181818181818,0.3181818181818182,0.013986013986013986,0.04895104895104895,0.16083916083916083,0.017482517482517484,0.006993006993006993,0.017482517482517484,0.0979020979020979,5,1.0,javascript,jillix/flow-registry,installModule
1,1,0,0,0,0,0,0,0,2,2,2,0,11,1,4,1,59,39,20,7,0.6610169491525424,0.3389830508474576,0.0,0.03389830508474576,0.1864406779661017,0.06779661016949153,0.0,0.06779661016949153,0.11864406779661017,1,1.0,javascript,lbdremy/apa-node-client,APAError
1,1,0,0,0,0,0,0,1,4,4,1,0,19,1,4,0,92,63,29,11,0.6847826086956522,0.31521739130434784,0.0,0.043478260869565216,0.20652173913043478,0.043478260869565216,0.0,0.043478260869565216,0.11956521739130435,1,1.0,javascript,dalekjs/dalek-driver-sauce,
1,1,3,3,4,1,0,0,5,2,2,0,9,28,6,0,8,173,119,54,11,0.6878612716763006,0.31213872832369943,0.028901734104046242,0.011560693641618497,0.16184971098265896,0.0,0.017341040462427744,0.0,0.06358381502890173,6,1.0,javascript,OldSneerJaw/couchster,compareTimes
1,1,2,2,1,1,0,0,1,0,0,0,1,13,3,1,1,76,52,24,12,0.6842105263157895,0.3157894736842105,0.02631578947368421,0.0,0.17105263157894737,0.013157894736842105,0.02631578947368421,0.013157894736842105,0.15789473684210525,3,1.0,javascript,neyric/webhookit,
1,1,4,4,1,1,1,0,1,4,4,1,1,32,4,4,3,163,111,52,16,0.6809815950920245,0.31901840490797545,0.018404907975460124,0.024539877300613498,0.19631901840490798,0.024539877300613498,0.024539877300613498,0.024539877300613498,0.09815950920245399,4,1.0,javascript,platanus/angular-restmod,
1,1,2,2,0,1,0,0,1,1,1,0,1,12,2,2,1,66,46,20,9,0.696969696969697,0.30303030303030304,0.015151515151515152,0.015151515151515152,0.18181818181818182,0.030303030303030304,0.030303030303030304,0.030303030303030304,0.13636363636363635,2,1.0,javascript,maxkfranz/weaver,
1,4,3,3,3,0,0,0,2,10,10,1,1,54,5,8,3,291,202,89,21,0.6941580756013745,0.30584192439862545,0.010309278350515464,0.03436426116838488,0.18556701030927836,0.027491408934707903,0.010309278350515464,0.027491408934707903,0.07216494845360824,4,4.0,javascript,popeindustries/buddy,define
3,3,0,0,0,0,0,0,2,4,4,0,0,16,3,0,2,88,60,28,11,0.6818181818181818,0.3181818181818182,0.0,0.045454545454545456,0.18181818181818182,0.0,0.0,0.0,0.125,1,1.0,javascript,JamieMason/shrinkpack,getGraph
1,1,2,2,6,1,0,0,3,10,10,0,4,45,7,4,2,275,190,85,19,0.6909090909090909,0.3090909090909091,0.025454545454545455,0.03636363636363636,0.16363636363636364,0.014545454545454545,0.007272727272727273,0.014545454545454545,0.06909090909090909,8,1.0,javascript,robertblackwell/yake,directoryHasFile
1,1,8,8,8,3,0,0,2,11,11,9,15,88,15,17,32,555,378,177,16,0.6810810810810811,0.31891891891891894,0.01981981981981982,0.01981981981981982,0.15855855855855855,0.03063063063063063,0.014414414414414415,0.03063063063063063,0.02882882882882883,12,1.0,javascript,weepy/kaffeine,tighten
1,1,4,4,1,0,0,0,0,8,8,2,0,26,2,3,7,141,94,47,9,0.6666666666666666,0.3333333333333333,0.0070921985815602835,0.05673758865248227,0.18439716312056736,0.02127659574468085,0.028368794326241134,0.02127659574468085,0.06382978723404255,2,1.0,javascript,GoogleCloudPlatform/cloud-errors-nodejs,handleStringAsError
2,2,1,1,0,0,0,0,1,3,3,0,0,19,2,3,0,82,56,26,13,0.6829268292682927,0.3170731707317073,0.0,0.036585365853658534,0.23170731707317074,0.036585365853658534,0.012195121951219513,0.036585365853658534,0.15853658536585366,1,1.0,javascript,alexpods/InjectorJS,
4,4,13,13,21,2,0,0,6,7,7,40,20,204,34,41,51,1228,829,399,25,0.6750814332247557,0.3249185667752443,0.018729641693811076,0.005700325732899023,0.16612377850162866,0.033387622149837134,0.010586319218241042,0.033387622149837134,0.02035830618892508,24,1.0,javascript,chrisJohn404/ljswitchboard-modbus_map,
6,6,2,2,1,0,0,0,1,19,19,1,1,39,7,11,13,289,186,103,21,0.643598615916955,0.356401384083045,0.0034602076124567475,0.0657439446366782,0.13494809688581316,0.03806228373702422,0.006920415224913495,0.03806228373702422,0.0726643598615917,2,1.0,javascript,zdhxiong/mdui,removeRipple
2,2,0,0,0,0,0,0,2,1,1,0,0,11,2,0,1,59,41,18,13,0.6949152542372882,0.3050847457627119,0.0,0.01694915254237288,0.1864406779661017,0.0,0.0,0.0,0.22033898305084745,1,1.0,javascript,lhkbob/eve-swagger-js,makeKillmail
2,2,1,1,0,0,0,0,2,3,3,1,0,14,2,1,0,69,47,22,13,0.6811594202898551,0.3188405797101449,0.0,0.043478260869565216,0.2028985507246377,0.014492753623188406,0.014492753623188406,0.014492753623188406,0.18840579710144928,1,1.0,javascript,xenophy/NextJS,unescapeSpecialChars
2,2,0,0,0,0,0,0,0,11,11,0,1,16,2,5,7,128,81,47,16,0.6328125,0.3671875,0.0,0.0859375,0.125,0.0390625,0.0,0.0390625,0.125,1,1.0,javascript,zsoltszabo/node-uglifier,it_leavesNewVertexWithNewValue
2,2,1,1,1,0,0,0,1,8,8,0,0,23,3,4,3,132,86,46,15,0.6515151515151515,0.3484848484848485,0.007575757575757576,0.06060606060606061,0.17424242424242425,0.030303030303030304,0.007575757575757576,0.030303030303030304,0.11363636363636363,2,1.0,javascript,BrowserSync/browser-sync,
2,2,1,1,4,0,0,0,6,9,9,0,4,52,8,3,7,263,181,82,18,0.688212927756654,0.311787072243346,0.015209125475285171,0.034220532319391636,0.19771863117870722,0.011406844106463879,0.0038022813688212928,0.011406844106463879,0.06844106463878327,5,1.0,javascript,novadiscovery/nway,parse
1,1,1,1,1,0,0,0,0,5,5,0,0,19,2,2,2,93,62,31,11,0.6666666666666666,0.3333333333333333,0.010752688172043012,0.053763440860215055,0.20430107526881722,0.021505376344086023,0.010752688172043012,0.021505376344086023,0.11827956989247312,2,1.0,javascript,instea/react-native-popup-menu,subscribe
1,1,2,2,1,0,0,0,0,4,4,1,0,18,3,3,1,82,55,27,11,0.6707317073170732,0.32926829268292684,0.012195121951219513,0.04878048780487805,0.21951219512195122,0.036585365853658534,0.024390243902439025,0.036585365853658534,0.13414634146341464,2,1.0,javascript,benderjs/dom-combiner,mergeHeadBody
1,1,2,2,1,0,0,0,0,4,4,2,1,24,4,4,1,111,72,39,16,0.6486486486486487,0.35135135135135137,0.009009009009009009,0.036036036036036036,0.21621621621621623,0.036036036036036036,0.018018018018018018,0.036036036036036036,0.14414414414414414,2,1.0,javascript,btd/rollup-plugin-visualizer,flattenTree
1,1,3,3,1,0,0,1,2,19,19,6,8,102,4,14,21,536,367,169,20,0.6847014925373134,0.31529850746268656,0.0018656716417910447,0.03544776119402985,0.19029850746268656,0.026119402985074626,0.005597014925373134,0.026119402985074626,0.03731343283582089,2,1.0,javascript,shalles/servermock,
2,2,1,1,0,0,0,0,2,8,8,0,4,12,2,1,7,115,71,44,15,0.6173913043478261,0.3826086956521739,0.0,0.06956521739130435,0.10434782608695652,0.008695652173913044,0.008695652173913044,0.008695652173913044,0.13043478260869565,1,1.0,javascript,ninsuo/symfony-collection,
2,2,1,1,1,0,0,0,2,6,6,1,0,52,3,2,39,405,307,98,14,0.7580246913580246,0.2419753086419753,0.0024691358024691358,0.014814814814814815,0.12839506172839507,0.0049382716049382715,0.0024691358024691358,0.0049382716049382715,0.0345679012345679,2,1.0,javascript,mongodb-js/data-service,getInstanceDetail
1,1,2,2,1,0,0,0,1,1,1,0,1,16,3,0,5,107,76,31,10,0.7102803738317757,0.2897196261682243,0.009345794392523364,0.009345794392523364,0.14953271028037382,0.0,0.018691588785046728,0.0,0.09345794392523364,2,1.0,javascript,weepower/wee-core,_whichTransitionEvent
1,1,2,2,0,0,0,0,0,2,2,1,0,15,1,3,2,80,55,25,8,0.6875,0.3125,0.0,0.025,0.1875,0.0375,0.025,0.0375,0.1,1,1.0,javascript,joyent/node-sdc-clients,SigningError
1,1,0,0,0,0,0,0,0,9,9,0,0,12,1,1,3,83,51,32,15,0.6144578313253012,0.3855421686746988,0.0,0.10843373493975904,0.14457831325301204,0.012048192771084338,0.0,0.012048192771084338,0.18072289156626506,1,1.0,javascript,greenish/react-mount,reactBootstrapBrowserify
1,1,1,1,1,0,0,0,0,1,1,1,3,15,2,3,3,85,57,28,10,0.6705882352941176,0.32941176470588235,0.011764705882352941,0.011764705882352941,0.17647058823529413,0.03529411764705882,0.011764705882352941,0.03529411764705882,0.11764705882352941,2,1.0,javascript,canjs/can-bind,
1,1,0,0,0,0,0,0,1,3,3,0,3,11,1,0,4,65,43,22,13,0.6615384615384615,0.3384615384615385,0.0,0.046153846153846156,0.16923076923076924,0.0,0.0,0.0,0.2,1,1.0,javascript,create-conform/allume,getItem
1,1,6,6,1,10,0,0,1,11,11,18,40,127,12,8,67,749,543,206,24,0.7249666221628839,0.2750333778371162,0.014686248331108143,0.014686248331108143,0.16955941255006676,0.010680907877169559,0.00801068090787717,0.010680907877169559,0.03204272363150868,12,1.0,javascript,Caligatio/jsSHA,roundSHA3
1,1,1,1,2,0,0,0,1,3,3,3,1,19,2,3,1,99,67,32,11,0.6767676767676768,0.32323232323232326,0.020202020202020204,0.030303030303030304,0.1919191919191919,0.030303030303030304,0.010101010101010102,0.030303030303030304,0.1111111111111111,3,1.0,javascript,mikeal/node.couchapp.js,
2,3,45,45,19,8,0,1,8,47,47,36,95,525,35,42,95,2451,1690,761,24,0.689514483884129,0.31048551611587105,0.011015911872705019,0.019175846593227255,0.2141982864137087,0.017135862913096694,0.01835985312117503,0.017135862913096694,0.009791921664626682,28,1.5,javascript,cyclosproject/ng-swagger-gen,processServices
1,2,3,3,4,0,0,0,2,6,6,2,0,45,2,6,6,230,155,75,12,0.6739130434782609,0.32608695652173914,0.017391304347826087,0.02608695652173913,0.1956521739130435,0.02608695652173913,0.013043478260869565,0.02608695652173913,0.05217391304347826,5,2.0,javascript,idanlo/react-spotify-api,Search
1,1,10,10,12,1,0,0,1,10,10,14,11,132,10,16,19,626,436,190,14,0.6964856230031949,0.3035143769968051,0.020766773162939296,0.01597444089456869,0.2108626198083067,0.025559105431309903,0.01597444089456869,0.025559105431309903,0.022364217252396165,14,1.0,javascript,Industryswarm/isnode-mod-data,executeWrite
1,1,10,10,6,3,1,0,2,5,5,14,29,103,12,12,16,488,326,162,17,0.6680327868852459,0.3319672131147541,0.020491803278688523,0.010245901639344262,0.21106557377049182,0.02459016393442623,0.020491803278688523,0.02459016393442623,0.03483606557377049,11,1.0,javascript,jhermsmeier/node-speech,jaro
1,1,0,0,0,0,0,0,1,1,1,0,1,13,1,0,0,54,37,17,10,0.6851851851851852,0.3148148148148148,0.0,0.018518518518518517,0.24074074074074073,0.0,0.0,0.0,0.18518518518518517,1,1.0,javascript,clay/amphora,normalizeRedirectPath
1,1,1,1,0,0,0,0,1,0,0,0,9,16,1,1,3,85,56,29,14,0.6588235294117647,0.3411764705882353,0.0,0.0,0.18823529411764706,0.011764705882352941,0.011764705882352941,0.011764705882352941,0.16470588235294117,1,1.0,javascript,ni-kismet/engineering-flot,
1,1,0,0,2,0,0,0,2,5,5,2,5,17,7,3,3,144,95,49,18,0.6597222222222222,0.3402777777777778,0.013888888888888888,0.034722222222222224,0.11805555555555555,0.020833333333333332,0.0,0.020833333333333332,0.125,3,1.0,javascript,infrabel/themes-gnap,
1,1,1,1,0,0,0,0,1,1,1,0,3,10,1,0,1,49,32,17,8,0.6530612244897959,0.3469387755102041,0.0,0.02040816326530612,0.20408163265306123,0.0,0.02040816326530612,0.0,0.16326530612244897,1,1.0,javascript,Zeindelf/utilify-js,isNumber
2,2,0,0,0,0,0,0,2,2,2,0,0,10,2,1,0,50,33,17,13,0.66,0.34,0.0,0.04,0.2,0.02,0.0,0.02,0.26,1,1.0,javascript,adiwidjaja/frontend-pagebuilder,
2,2,0,0,1,0,0,0,2,4,4,2,1,23,3,3,0,102,68,34,11,0.6666666666666666,0.3333333333333333,0.00980392156862745,0.0392156862745098,0.22549019607843138,0.029411764705882353,0.0,0.029411764705882353,0.10784313725490197,2,1.0,javascript,segmentio/ecs-logs-js,Formatter
1,1,2,2,2,1,0,0,0,1,1,1,2,20,1,1,2,91,64,27,10,0.7032967032967034,0.2967032967032967,0.03296703296703297,0.01098901098901099,0.21978021978021978,0.01098901098901099,0.02197802197802198,0.01098901098901099,0.10989010989010989,4,1.0,javascript,MobilityData/gtfs-realtime-bindings,EntitySelector
1,1,2,2,2,0,0,0,1,3,3,0,0,15,1,3,0,91,59,32,10,0.6483516483516484,0.3516483516483517,0.02197802197802198,0.03296703296703297,0.16483516483516483,0.03296703296703297,0.02197802197802198,0.03296703296703297,0.10989010989010989,3,1.0,javascript,sebpiq/backbone.statemachine,
1,1,15,15,6,2,0,0,1,11,11,1,11,91,10,3,10,435,310,125,16,0.7126436781609196,0.28735632183908044,0.01839080459770115,0.02528735632183908,0.20919540229885059,0.006896551724137931,0.034482758620689655,0.006896551724137931,0.0367816091954023,9,1.0,javascript,opendigitaleducation/sijil.js,getWildcardDirectories
1,1,3,3,2,0,0,0,2,2,2,3,2,19,2,4,5,111,74,37,10,0.6666666666666666,0.3333333333333333,0.018018018018018018,0.018018018018018018,0.17117117117117117,0.036036036036036036,0.02702702702702703,0.036036036036036036,0.09009009009009009,3,1.0,javascript,acornejo/jjv,
1,1,14,14,20,0,0,0,1,14,14,38,49,274,25,45,46,1340,904,436,21,0.6746268656716418,0.3253731343283582,0.014925373134328358,0.010447761194029851,0.2044776119402985,0.033582089552238806,0.010447761194029851,0.033582089552238806,0.015671641791044775,21,1.0,javascript,Tamersoul/magic-wand-js,
1,1,3,3,1,1,0,0,1,3,3,1,4,24,3,2,4,131,89,42,12,0.6793893129770993,0.32061068702290074,0.015267175572519083,0.022900763358778626,0.183206106870229,0.015267175572519083,0.022900763358778626,0.015267175572519083,0.0916030534351145,3,1.0,javascript,neyric/webhookit,
1,1,0,0,0,0,0,0,0,0,0,5,3,15,1,5,9,95,65,30,8,0.6842105263157895,0.3157894736842105,0.0,0.0,0.15789473684210525,0.05263157894736842,0.0,0.05263157894736842,0.08421052631578947,1,1.0,javascript,psiphi75/web-remote-control,DeviceManager
1,1,5,5,0,0,0,0,1,13,13,0,5,61,1,0,8,255,173,82,11,0.6784313725490196,0.3215686274509804,0.0,0.050980392156862744,0.23921568627450981,0.0,0.0196078431372549,0.0,0.043137254901960784,1,1.0,javascript,eslint/eslint,getFlippedString
1,1,0,0,0,0,0,0,1,0,0,0,8,42,1,1,16,206,147,59,11,0.7135922330097088,0.28640776699029125,0.0,0.0,0.20388349514563106,0.0048543689320388345,0.0,0.0048543689320388345,0.05339805825242718,1,1.0,javascript,jacomyal/sigma.js,
1,1,9,9,19,0,0,0,0,24,24,0,18,114,20,19,63,895,607,288,12,0.6782122905027933,0.3217877094972067,0.021229050279329607,0.026815642458100558,0.12737430167597766,0.021229050279329607,0.01005586592178771,0.021229050279329607,0.013407821229050279,20,1.0,javascript,hangilc/myclinic-shohousen,render
3,3,0,0,0,0,0,0,3,3,3,0,0,23,3,0,0,94,64,30,17,0.6808510638297872,0.3191489361702128,0.0,0.031914893617021274,0.24468085106382978,0.0,0.0,0.0,0.18085106382978725,1,1.0,javascript,Netflix/unleash,getCommits
1,1,1,1,0,0,0,0,1,2,2,0,1,18,1,1,1,70,48,22,11,0.6857142857142857,0.3142857142857143,0.0,0.02857142857142857,0.2571428571428571,0.014285714285714285,0.014285714285714285,0.014285714285714285,0.15714285714285714,1,1.0,javascript,neyric/webhookit,
1,1,2,2,1,0,0,0,2,3,3,0,6,30,1,0,9,132,95,37,11,0.7196969696969697,0.2803030303030303,0.007575757575757576,0.022727272727272728,0.22727272727272727,0.0,0.015151515151515152,0.0,0.08333333333333333,2,1.0,javascript,SheetJS/js-xlsx,parse_RgceLoc
1,1,6,6,4,0,0,0,0,8,8,5,1,53,5,11,5,228,156,72,11,0.6842105263157895,0.3157894736842105,0.017543859649122806,0.03508771929824561,0.2324561403508772,0.04824561403508772,0.02631578947368421,0.04824561403508772,0.04824561403508772,5,1.0,javascript,splunk/splunk-sdk-javascript,
2,2,0,0,2,0,0,0,0,6,6,0,1,23,6,6,2,122,82,40,16,0.6721311475409836,0.32786885245901637,0.01639344262295082,0.04918032786885246,0.1885245901639344,0.04918032786885246,0.0,0.04918032786885246,0.13114754098360656,3,1.0,javascript,cliffano/bagofholding,exec
1,1,0,0,0,0,0,0,2,2,2,0,0,9,3,2,3,63,43,20,10,0.6825396825396826,0.31746031746031744,0.0,0.031746031746031744,0.14285714285714285,0.031746031746031744,0.0,0.031746031746031744,0.15873015873015872,1,1.0,javascript,JamesMessinger/swagger-server,moduleExists
5,5,6,6,5,0,0,0,6,6,6,4,14,97,12,8,18,505,349,156,21,0.691089108910891,0.3089108910891089,0.009900990099009901,0.011881188118811881,0.19207920792079208,0.015841584158415842,0.011881188118811881,0.015841584158415842,0.041584158415841586,6,1.0,javascript,Samsung/jalangi2,serialize
3,3,4,4,1,0,0,0,3,9,9,3,6,59,4,5,5,238,160,78,12,0.6722689075630253,0.3277310924369748,0.004201680672268907,0.037815126050420166,0.24789915966386555,0.02100840336134454,0.01680672268907563,0.02100840336134454,0.05042016806722689,2,1.0,javascript,remarkjs/remark-usage,script
1,1,0,0,2,0,0,0,2,5,5,0,1,15,2,3,1,110,70,40,15,0.6363636363636364,0.36363636363636365,0.01818181818181818,0.045454545454545456,0.13636363636363635,0.02727272727272727,0.0,0.02727272727272727,0.13636363636363635,3,1.0,javascript,epeli/yalr,
1,1,0,0,2,0,0,0,3,1,1,0,9,13,3,0,14,149,103,46,13,0.6912751677852349,0.3087248322147651,0.013422818791946308,0.006711409395973154,0.087248322147651,0.0,0.0,0.0,0.087248322147651,3,1.0,javascript,mipengine/mip2,escapeRegExpCharacter
1,1,0,0,1,0,0,0,2,1,1,0,0,15,2,0,0,60,42,18,9,0.7,0.3,0.016666666666666666,0.016666666666666666,0.25,0.0,0.0,0.0,0.15,2,1.0,javascript,BlackrockDigital/startbootstrap-sb-admin-2,getRelativePosition
1,1,1,1,1,1,0,0,0,0,0,1,4,16,3,2,2,73,52,21,12,0.7123287671232876,0.2876712328767123,0.0273972602739726,0.0,0.2191780821917808,0.0273972602739726,0.0136986301369863,0.0273972602739726,0.1643835616438356,3,1.0,javascript,AlloyTeam/AlloyTouch,
3,3,1,1,0,0,0,0,3,5,5,0,0,20,3,0,1,114,76,38,18,0.6666666666666666,0.3333333333333333,0.0,0.043859649122807015,0.17543859649122806,0.0,0.008771929824561403,0.0,0.15789473684210525,1,1.0,javascript,citronneur/node-rdpjs,certBlob
2,2,3,3,2,0,0,0,2,18,18,4,2,57,5,5,9,326,220,106,24,0.6748466257668712,0.32515337423312884,0.006134969325153374,0.05521472392638037,0.17484662576687116,0.015337423312883436,0.009202453987730062,0.015337423312883436,0.0736196319018405,3,1.0,javascript,rranauro/boxspringjs,
1,1,0,0,0,0,0,0,0,0,0,6,1,11,1,4,3,64,43,21,7,0.671875,0.328125,0.0,0.0,0.171875,0.0625,0.0,0.0625,0.109375,1,1.0,javascript,gilbitron/Raneto,StringStream
1,1,1,1,0,0,1,0,1,3,3,2,6,14,2,3,6,86,55,31,13,0.6395348837209303,0.36046511627906974,0.011627906976744186,0.03488372093023256,0.16279069767441862,0.03488372093023256,0.011627906976744186,0.03488372093023256,0.1511627906976744,2,1.0,javascript,rajgoel/reveal.js-plugins,
3,3,1,1,0,0,0,1,4,2,2,2,0,21,3,1,5,141,99,42,20,0.7021276595744681,0.2978723404255319,0.0,0.014184397163120567,0.14893617021276595,0.0070921985815602835,0.0070921985815602835,0.0070921985815602835,0.14184397163120568,1,1.0,javascript,mz121star/NJBlog,$ParseProvider
1,1,0,0,0,0,0,0,1,0,0,0,3,13,1,0,0,44,30,14,8,0.6818181818181818,0.3181818181818182,0.0,0.0,0.29545454545454547,0.0,0.0,0.0,0.18181818181818182,1,1.0,javascript,sadiqhabib/tinymce-dist,isSameNotification
1,1,1,1,1,0,0,0,1,2,2,0,2,10,1,2,2,80,51,29,10,0.6375,0.3625,0.0125,0.025,0.125,0.025,0.0125,0.025,0.125,2,1.0,javascript,node-inspector/node-inspector,
1,1,0,0,1,0,0,0,0,2,2,0,1,12,3,4,3,67,45,22,10,0.6716417910447762,0.3283582089552239,0.014925373134328358,0.029850746268656716,0.1791044776119403,0.05970149253731343,0.0,0.05970149253731343,0.14925373134328357,2,1.0,javascript,confluentinc/kafka-rest-node,handleProduceResponse
1,1,8,8,1,2,0,0,2,8,8,1,13,57,4,6,11,278,189,89,13,0.6798561151079137,0.32014388489208634,0.01079136690647482,0.02877697841726619,0.20503597122302158,0.02158273381294964,0.02877697841726619,0.02158273381294964,0.046762589928057555,4,1.0,javascript,quick-sort/jstock,boll
1,1,2,2,0,0,0,0,1,3,3,0,1,13,1,1,2,66,43,23,10,0.6515151515151515,0.3484848484848485,0.0,0.045454545454545456,0.19696969696969696,0.015151515151515152,0.030303030303030304,0.015151515151515152,0.15151515151515152,1,1.0,javascript,SAP/openui5,
1,1,2,2,1,0,0,0,2,0,0,0,4,14,2,1,3,75,51,24,10,0.68,0.32,0.013333333333333334,0.0,0.18666666666666668,0.013333333333333334,0.02666666666666667,0.013333333333333334,0.13333333333333333,2,1.0,javascript,ariatemplates/ariatemplates,
7,7,6,6,1,0,0,0,8,23,23,0,5,86,8,0,8,439,297,142,28,0.6765375854214123,0.3234624145785877,0.002277904328018223,0.05239179954441914,0.1958997722095672,0.0,0.01366742596810934,0.0,0.06378132118451026,2,1.0,javascript,tensor5/JSLinter,jslintFile
1,1,1,1,5,0,0,0,3,11,11,2,5,41,7,5,5,196,128,68,15,0.6530612244897959,0.3469387755102041,0.025510204081632654,0.05612244897959184,0.20918367346938777,0.025510204081632654,0.00510204081632653,0.025510204081632654,0.07653061224489796,6,1.0,javascript,xuliangzhan/xe-utils,getWhatYear
1,1,0,0,1,0,0,0,0,2,2,0,0,10,3,2,0,56,38,18,12,0.6785714285714286,0.32142857142857145,0.017857142857142856,0.03571428571428571,0.17857142857142858,0.03571428571428571,0.0,0.03571428571428571,0.21428571428571427,2,1.0,javascript,ryanwilliams/cocos2d-javascript,
1,1,0,0,0,0,0,0,0,2,2,5,0,11,1,5,3,77,51,26,8,0.6623376623376623,0.33766233766233766,0.0,0.025974025974025976,0.14285714285714285,0.06493506493506493,0.0,0.06493506493506493,0.1038961038961039,1,1.0,javascript,mapbox/mapbox-gl-geocoder,MapboxGeocoder
7,7,5,5,2,0,0,0,3,12,12,2,5,105,9,7,5,413,294,119,20,0.711864406779661,0.288135593220339,0.004842615012106538,0.029055690072639227,0.2542372881355932,0.01694915254237288,0.012106537530266344,0.01694915254237288,0.048426150121065374,3,1.0,javascript,ripple/ripple-rest,getAccountPayments
3,3,0,0,3,0,0,0,5,4,4,3,5,29,6,4,3,189,125,64,12,0.6613756613756614,0.3386243386243386,0.015873015873015872,0.021164021164021163,0.15343915343915343,0.021164021164021163,0.0,0.021164021164021163,0.06349206349206349,4,1.0,javascript,adrai/node-cqrs-domain,
1,1,2,2,0,0,0,0,1,3,3,2,0,15,1,3,0,57,38,19,7,0.6666666666666666,0.3333333333333333,0.0,0.05263157894736842,0.2631578947368421,0.05263157894736842,0.03508771929824561,0.05263157894736842,0.12280701754385964,1,1.0,javascript,zerobias/telegram-mtproto,GCD
1,1,0,0,1,0,0,0,1,3,3,0,1,11,1,2,1,57,38,19,9,0.6666666666666666,0.3333333333333333,0.017543859649122806,0.05263157894736842,0.19298245614035087,0.03508771929824561,0.0,0.03508771929824561,0.15789473684210525,2,1.0,javascript,angular/material,gestureMove
3,3,2,2,3,0,0,0,0,10,10,0,2,32,6,4,2,168,112,56,17,0.6666666666666666,0.3333333333333333,0.017857142857142856,0.05952380952380952,0.19047619047619047,0.023809523809523808,0.011904761904761904,0.023809523809523808,0.10119047619047619,4,1.0,javascript,catapult-project/catapult,addUnderlyingListener
1,1,2,2,0,0,0,0,0,2,2,1,0,13,1,2,2,77,52,25,10,0.6753246753246753,0.3246753246753247,0.0,0.025974025974025976,0.16883116883116883,0.025974025974025976,0.025974025974025976,0.025974025974025976,0.12987012987012986,1,1.0,javascript,eventbrite/britecharts,_handleDataSizeToggle
1,1,1,1,0,0,0,0,1,4,4,0,0,27,1,0,1,122,83,39,12,0.680327868852459,0.319672131147541,0.0,0.03278688524590164,0.22131147540983606,0.0,0.00819672131147541,0.0,0.09836065573770492,1,1.0,javascript,grasshopper-cms/grasshopper-api-js,_linkIdentity
2,2,0,0,0,0,0,0,2,6,6,4,3,23,2,5,2,118,78,40,15,0.6610169491525424,0.3389830508474576,0.0,0.05084745762711865,0.19491525423728814,0.0423728813559322,0.0,0.0423728813559322,0.1271186440677966,1,1.0,javascript,andrewplummer/Sugar,
5,5,2,2,0,0,0,0,5,10,10,1,1,34,5,2,4,205,137,68,24,0.6682926829268293,0.33170731707317075,0.0,0.04878048780487805,0.16585365853658537,0.00975609756097561,0.00975609756097561,0.00975609756097561,0.11707317073170732,1,1.0,javascript,Siilwyn/mustache-prestatic,
1,1,0,0,0,0,0,0,0,2,2,1,0,12,1,2,0,48,31,17,8,0.6458333333333334,0.3541666666666667,0.0,0.041666666666666664,0.25,0.041666666666666664,0.0,0.041666666666666664,0.16666666666666666,1,1.0,javascript,ryanwilliams/cocos2d-javascript,Place
1,1,0,0,1,0,0,0,1,2,2,2,1,16,2,3,1,81,54,27,12,0.6666666666666666,0.3333333333333333,0.012345679012345678,0.024691358024691357,0.19753086419753085,0.037037037037037035,0.0,0.037037037037037035,0.14814814814814814,2,1.0,javascript,Tamersoul/magic-wand-js,
4,4,6,6,2,0,0,0,3,9,9,11,2,69,6,12,4,294,197,97,20,0.6700680272108843,0.3299319727891156,0.006802721088435374,0.030612244897959183,0.23469387755102042,0.04081632653061224,0.02040816326530612,0.04081632653061224,0.06802721088435375,3,1.0,javascript,stayradiated/onepasswordjs,
1,1,2,2,0,0,0,0,1,2,2,0,0,10,1,1,6,87,59,28,10,0.6781609195402298,0.3218390804597701,0.0,0.022988505747126436,0.11494252873563218,0.011494252873563218,0.022988505747126436,0.011494252873563218,0.11494252873563218,1,1.0,javascript,ramakrishnan/db-migrate-cassandra,
2,2,2,2,0,0,0,0,1,5,5,0,12,26,2,3,11,173,116,57,23,0.6705202312138728,0.32947976878612717,0.0,0.028901734104046242,0.15028901734104047,0.017341040462427744,0.011560693641618497,0.017341040462427744,0.1329479768786127,1,1.0,javascript,jfseb/mgnlq_er,dumpNice
1,2,1,0,0,0,0,0,1,0,0,1,0,7,1,3,0,40,23,17,7,0.575,0.425,0.0,0.0,0.175,0.075,0.025,0.075,0.175,1,2.0,go,aws/aws-sdk-go,SetCategory
1,3,5,1,3,1,0,0,3,14,14,2,3,58,6,12,5,297,186,111,20,0.6262626262626263,0.37373737373737376,0.013468013468013467,0.04713804713804714,0.19528619528619529,0.04040404040404041,0.016835016835016835,0.04040404040404041,0.06734006734006734,5,3.0,go,control-center/serviced,RestoreResourcePools
1,4,1,0,0,0,0,0,1,2,2,0,0,11,1,3,0,69,42,27,8,0.6086956521739131,0.391304347826087,0.0,0.028985507246376812,0.15942028985507245,0.043478260869565216,0.014492753623188406,0.043478260869565216,0.11594202898550725,1,4.0,go,aws/aws-sdk-go,ListWebACLs
1,4,2,0,1,0,0,0,2,2,2,1,0,22,2,6,0,115,71,44,11,0.6173913043478261,0.3826086956521739,0.008695652173913044,0.017391304347826087,0.19130434782608696,0.05217391304347826,0.017391304347826087,0.05217391304347826,0.09565217391304348,2,4.0,go,gtarcea/1DevDayTalk2014,Update
1,3,2,0,1,0,0,0,2,2,2,2,1,19,2,4,1,103,61,42,11,0.5922330097087378,0.4077669902912621,0.009708737864077669,0.019417475728155338,0.18446601941747573,0.038834951456310676,0.019417475728155338,0.038834951456310676,0.10679611650485436,2,3.0,go,inverse-inc/packetfence,Accept
1,2,0,0,0,0,0,0,1,1,1,0,1,5,1,1,2,62,40,22,15,0.6451612903225806,0.3548387096774194,0.0,0.016129032258064516,0.08064516129032258,0.016129032258064516,0.0,0.016129032258064516,0.24193548387096775,1,2.0,go,prometheus/node_exporter,NewTimeCollector
1,8,5,0,3,0,0,0,3,7,7,4,3,36,4,10,2,187,118,69,12,0.6310160427807486,0.3689839572192513,0.016042780748663103,0.0374331550802139,0.1925133689839572,0.053475935828877004,0.026737967914438502,0.053475935828877004,0.06417112299465241,4,8.0,go,NebulousLabs/merkletree,BuildReaderProof
1,1,17,0,11,0,0,1,5,20,20,7,13,85,12,42,17,502,293,209,13,0.5836653386454184,0.4163346613545817,0.021912350597609563,0.0398406374501992,0.1693227091633466,0.08366533864541832,0.03386454183266932,0.08366533864541832,0.025896414342629483,12,1.0,go,cybozu-go/well,Apply
1,3,0,0,0,0,0,0,0,1,1,0,0,8,1,0,1,50,30,20,11,0.6,0.4,0.0,0.02,0.16,0.0,0.0,0.0,0.22,1,3.0,go,netrack/openflow,HandleOnce
1,5,4,0,1,0,0,0,1,7,7,0,1,47,2,8,2,207,134,73,13,0.6473429951690821,0.3526570048309179,0.004830917874396135,0.033816425120772944,0.22705314009661837,0.03864734299516908,0.01932367149758454,0.03864734299516908,0.06280193236714976,2,5.0,go,muesli/beehive,Post
1,3,2,1,1,0,0,0,2,3,3,0,1,15,2,4,1,95,58,37,12,0.6105263157894737,0.3894736842105263,0.010526315789473684,0.031578947368421054,0.15789473684210525,0.042105263157894736,0.021052631578947368,0.042105263157894736,0.12631578947368421,2,3.0,go,libvirt/libvirt-go,GetUsageID
1,1,0,0,0,0,0,0,1,3,3,0,0,9,1,1,0,46,28,18,12,0.6086956521739131,0.391304347826087,0.0,0.06521739130434782,0.1956521739130435,0.021739130434782608,0.0,0.021739130434782608,0.2608695652173913,1,1.0,go,confluentinc/confluent-kafka-go,String
1,1,1,0,2,0,0,0,1,1,1,1,1,12,3,3,2,73,45,28,13,0.6164383561643836,0.3835616438356164,0.0273972602739726,0.0136986301369863,0.1643835616438356,0.0410958904109589,0.0136986301369863,0.0410958904109589,0.1780821917808219,3,1.0,go,gocql/gocql,Close
1,3,0,0,0,0,0,0,1,3,3,0,0,13,1,1,0,68,42,26,9,0.6176470588235294,0.38235294117647056,0.0,0.04411764705882353,0.19117647058823528,0.014705882352941176,0.0,0.014705882352941176,0.1323529411764706,1,3.0,go,contiv/netplugin,DeleteServiceLB
1,1,6,0,5,0,0,0,4,4,4,0,3,35,8,16,4,265,159,106,19,0.6,0.4,0.018867924528301886,0.01509433962264151,0.1320754716981132,0.06037735849056604,0.022641509433962263,0.06037735849056604,0.07169811320754717,6,1.0,go,envoyproxy/go-control-plane,Validate
1,4,4,0,1,0,0,0,1,1,1,3,1,19,2,8,2,137,80,57,12,0.583941605839416,0.41605839416058393,0.0072992700729927005,0.0072992700729927005,0.1386861313868613,0.058394160583941604,0.029197080291970802,0.058394160583941604,0.08759124087591241,2,4.0,go,aws/aws-sdk-go,UnpeerVpcRequest
1,4,0,0,0,0,0,0,1,0,0,0,0,7,1,1,0,52,31,21,11,0.5961538461538461,0.40384615384615385,0.0,0.0,0.1346153846153846,0.019230769230769232,0.0,0.019230769230769232,0.21153846153846154,1,4.0,go,hyperledger/fabric-sdk-go,NewPeerGroupResolver
1,4,0,0,0,0,0,0,1,0,0,0,0,6,1,1,0,64,41,23,9,0.640625,0.359375,0.0,0.0,0.09375,0.015625,0.0,0.015625,0.140625,1,4.0,go,topfreegames/pitaya,GetArgReply
1,2,1,0,0,0,0,0,1,0,0,1,0,7,1,3,0,40,23,17,7,0.575,0.425,0.0,0.0,0.175,0.075,0.025,0.075,0.175,1,2.0,go,aws/aws-sdk-go,SetOrganization
1,4,3,0,0,0,0,0,1,27,27,0,0,92,2,7,22,517,326,191,19,0.6305609284332688,0.3694390715667311,0.0,0.05222437137330754,0.17794970986460348,0.013539651837524178,0.005802707930367505,0.013539651837524178,0.0367504835589942,1,4.0,go,kubernetes/kubernetes,NewCmdAutoscale
1,5,1,0,1,0,0,0,2,2,2,0,1,20,2,4,0,97,63,34,9,0.6494845360824743,0.35051546391752575,0.010309278350515464,0.020618556701030927,0.20618556701030927,0.041237113402061855,0.010309278350515464,0.041237113402061855,0.09278350515463918,2,5.0,go,mailgun/scroll,registerFrontend
1,1,6,1,4,1,0,0,2,7,7,3,3,41,6,13,0,209,124,85,12,0.5933014354066986,0.40669856459330145,0.023923444976076555,0.03349282296650718,0.19617224880382775,0.06220095693779904,0.028708133971291867,0.06220095693779904,0.05741626794258373,6,1.0,go,hyperledger/fabric,GetPeers
1,4,3,1,2,0,0,0,4,4,4,1,2,24,4,8,0,164,100,64,22,0.6097560975609756,0.3902439024390244,0.012195121951219513,0.024390243902439025,0.14634146341463414,0.04878048780487805,0.018292682926829267,0.04878048780487805,0.13414634146341464,3,4.0,go,tideland/golib,List
1,2,1,0,1,0,0,0,0,1,1,1,0,13,2,2,0,66,40,26,15,0.6060606060606061,0.3939393939393939,0.015151515151515152,0.015151515151515152,0.19696969696969696,0.030303030303030304,0.015151515151515152,0.030303030303030304,0.22727272727272727,2,2.0,go,keimoon/gore,AddShardWithPassword
1,5,1,0,0,0,0,0,1,4,4,0,0,19,1,3,0,100,62,38,8,0.62,0.38,0.0,0.04,0.19,0.03,0.01,0.03,0.08,1,5.0,go,aws/aws-sdk-go,DescribeGameSessionQueuesWithContext
1,4,1,0,0,0,0,0,1,2,2,0,0,11,1,3,0,63,38,25,8,0.6031746031746031,0.3968253968253968,0.0,0.031746031746031744,0.1746031746031746,0.047619047619047616,0.015873015873015872,0.047619047619047616,0.12698412698412698,1,4.0,go,aws/aws-sdk-go,GetExport
1,5,10,1,2,1,0,0,3,6,6,1,2,73,4,22,2,413,248,165,15,0.6004842615012107,0.39951573849878935,0.007263922518159807,0.014527845036319613,0.17675544794188863,0.053268765133171914,0.024213075060532687,0.053268765133171914,0.03631961259079903,4,5.0,go,manifoldco/torus-cli,createMachine
1,2,1,0,0,0,0,0,1,0,0,1,0,7,1,3,0,40,23,17,7,0.575,0.425,0.0,0.0,0.175,0.075,0.025,0.075,0.175,1,2.0,go,aws/aws-sdk-go,SetResourceType
1,3,0,0,0,0,0,0,1,0,0,0,0,14,1,1,0,72,43,29,12,0.5972222222222222,0.4027777777777778,0.0,0.0,0.19444444444444445,0.013888888888888888,0.0,0.013888888888888888,0.16666666666666666,1,3.0,go,mailgun/mailgun-go,newError
1,1,0,0,0,0,0,0,1,2,2,0,0,11,1,1,0,55,33,22,8,0.6,0.4,0.0,0.03636363636363636,0.2,0.01818181818181818,0.0,0.01818181818181818,0.14545454545454545,1,1.0,go,pingcap/tidb,LastUpdateVersion
1,4,2,0,2,0,0,0,3,14,14,0,3,37,3,7,8,197,125,72,14,0.6345177664974619,0.36548223350253806,0.01015228426395939,0.07106598984771574,0.18781725888324874,0.03553299492385787,0.01015228426395939,0.03553299492385787,0.07106598984771574,3,4.0,go,ethereum/go-ethereum,tuplePointsTo
1,4,5,1,2,1,0,0,3,4,4,1,5,42,4,12,1,199,128,71,12,0.6432160804020101,0.35678391959798994,0.01507537688442211,0.020100502512562814,0.21105527638190955,0.06030150753768844,0.02512562814070352,0.06030150753768844,0.06030150753768844,4,4.0,go,google/badwolf,Generate
1,2,30,4,13,9,0,0,3,35,35,15,6,186,24,63,19,911,559,352,26,0.6136114160263447,0.38638858397365533,0.024149286498353458,0.038419319429198684,0.20417124039517015,0.06915477497255763,0.03293084522502744,0.06915477497255763,0.02854006586169045,23,2.0,go,kubernetes/kops,RunTasks
1,1,0,0,1,1,0,0,2,1,1,0,0,10,3,3,1,66,39,27,12,0.5909090909090909,0.4090909090909091,0.030303030303030304,0.015151515151515152,0.15151515151515152,0.045454545454545456,0.0,0.045454545454545456,0.18181818181818182,3,1.0,go,br0xen/termbox-util,GetSelectedIndex
1,2,1,0,0,0,0,0,1,1,1,1,0,9,2,3,0,67,38,29,18,0.5671641791044776,0.43283582089552236,0.0,0.014925373134328358,0.13432835820895522,0.04477611940298507,0.014925373134328358,0.04477611940298507,0.26865671641791045,1,2.0,go,helm/helm,UpdateValueOverrides
1,5,1,0,0,0,0,0,1,4,4,0,0,19,1,3,0,100,62,38,8,0.62,0.38,0.0,0.04,0.19,0.03,0.01,0.03,0.08,1,5.0,go,aws/aws-sdk-go,GetCurrentUserWithContext
1,4,16,4,7,2,0,0,5,36,36,8,9,147,14,28,10,743,461,282,27,0.620457604306864,0.3795423956931359,0.012113055181695828,0.04845222072678331,0.19784656796769853,0.03768506056527591,0.021534320323014805,0.03768506056527591,0.03633916554508748,10,4.0,go,moby/moby,restore
1,3,1,0,0,0,0,0,0,5,5,0,0,21,1,2,0,83,52,31,9,0.6265060240963856,0.37349397590361444,0.0,0.060240963855421686,0.25301204819277107,0.024096385542168676,0.012048192771084338,0.024096385542168676,0.10843373493975904,1,3.0,go,olebedev/go-duktape,Error
1,3,1,0,0,0,0,0,1,6,6,0,0,20,1,3,0,88,56,32,12,0.6363636363636364,0.36363636363636365,0.0,0.06818181818181818,0.22727272727272727,0.03409090909090909,0.011363636363636364,0.03409090909090909,0.13636363636363635,1,3.0,go,miekg/pkcs11,VerifyFinal
1,2,1,0,0,0,0,0,1,0,0,1,0,7,1,3,0,40,23,17,7,0.575,0.425,0.0,0.0,0.175,0.075,0.025,0.075,0.175,1,2.0,go,aws/aws-sdk-go,SetApiKey
1,2,1,0,0,0,0,0,0,2,2,1,0,16,1,2,0,74,45,29,8,0.6081081081081081,0.3918918918918919,0.0,0.02702702702702703,0.21621621621621623,0.02702702702702703,0.013513513513513514,0.02702702702702703,0.10810810810810811,1,2.0,go,openshift/origin,completeQuota
1,2,1,0,0,0,0,0,1,0,0,1,0,7,1,3,0,40,23,17,7,0.575,0.425,0.0,0.0,0.175,0.075,0.025,0.075,0.175,1,2.0,go,gambol99/go-marathon,Storage
1,3,1,0,1,1,0,0,2,1,1,0,2,13,3,5,3,102,65,37,12,0.6372549019607843,0.3627450980392157,0.0196078431372549,0.00980392156862745,0.12745098039215685,0.049019607843137254,0.00980392156862745,0.049019607843137254,0.11764705882352941,3,3.0,go,rqlite/rqlite,isAtomic
1,3,3,0,1,1,0,0,1,4,4,2,1,28,3,8,1,149,90,59,15,0.6040268456375839,0.3959731543624161,0.013422818791946308,0.026845637583892617,0.18791946308724833,0.053691275167785234,0.020134228187919462,0.053691275167785234,0.10067114093959731,3,3.0,go,mweagle/Sparta,MarshalJSON
1,2,4,0,1,1,0,0,2,11,11,0,0,45,4,9,4,225,137,88,17,0.6088888888888889,0.39111111111111113,0.008888888888888889,0.04888888888888889,0.2,0.04,0.017777777777777778,0.04,0.07555555555555556,3,2.0,go,goraft/raft,heartbeat
1,2,2,0,0,0,0,0,0,3,3,1,1,25,2,4,1,104,65,39,15,0.625,0.375,0.0,0.028846153846153848,0.2403846153846154,0.038461538461538464,0.019230769230769232,0.038461538461538464,0.14423076923076922,1,2.0,go,antongulenko/golib,EscapeExistingFlags
1,6,18,2,11,1,0,1,11,13,13,6,15,127,15,46,3,584,367,217,20,0.6284246575342466,0.3715753424657534,0.02054794520547945,0.02226027397260274,0.21746575342465754,0.07876712328767123,0.030821917808219176,0.07876712328767123,0.03424657534246575,13,6.0,go,lightningnetwork/lnd,validateCommitmentSanity
1,8,10,0,9,0,0,0,7,14,14,2,7,95,10,27,10,515,346,169,17,0.6718446601941748,0.32815533980582523,0.017475728155339806,0.027184466019417475,0.18446601941747573,0.05242718446601942,0.019417475728155338,0.05242718446601942,0.03300970873786408,10,8.0,go,docker/libnetwork,RequestPool
1,3,1,0,1,0,0,0,2,3,3,0,1,12,2,4,4,98,60,38,12,0.6122448979591837,0.3877551020408163,0.01020408163265306,0.030612244897959183,0.12244897959183673,0.04081632653061224,0.01020408163265306,0.04081632653061224,0.12244897959183673,2,3.0,go,digota/digota,NewLocker
1,5,0,0,1,0,0,0,1,4,4,0,1,18,3,1,1,112,70,42,17,0.625,0.375,0.008928571428571428,0.03571428571428571,0.16071428571428573,0.008928571428571428,0.0,0.008928571428571428,0.15178571428571427,2,5.0,go,influxdata/influxdb,FindAuthorizationByToken
1,4,2,1,1,0,0,0,2,7,7,0,3,28,2,4,7,221,139,82,16,0.6289592760180995,0.37104072398190047,0.004524886877828055,0.03167420814479638,0.12669683257918551,0.01809954751131222,0.00904977375565611,0.01809954751131222,0.07239819004524888,2,4.0,go,fabric8-services/fabric8-wit,List
1,2,1,0,0,0,0,0,1,0,0,1,0,7,1,3,0,43,25,18,7,0.5813953488372093,0.4186046511627907,0.0,0.0,0.16279069767441862,0.06976744186046512,0.023255813953488372,0.06976744186046512,0.16279069767441862,1,2.0,go,go-swagger/go-swagger,WithPayload
1,2,1,0,0,0,0,0,1,0,0,1,0,7,1,3,0,40,23,17,7,0.575,0.425,0.0,0.0,0.175,0.075,0.025,0.075,0.175,1,2.0,go,aws/aws-sdk-go,SetRetiringPrincipal
1,2,1,0,0,0,0,0,1,0,0,1,0,7,1,3,0,40,23,17,7,0.575,0.425,0.0,0.0,0.175,0.075,0.025,0.075,0.175,1,2.0,go,aws/aws-sdk-go,SetCacheNodeType
1,2,1,0,0,0,0,0,1,0,0,1,0,7,1,3,0,40,23,17,7,0.575,0.425,0.0,0.0,0.175,0.075,0.025,0.075,0.175,1,2.0,go,aws/aws-sdk-go,SetHidePassword
1,2,4,1,2,0,0,0,0,9,9,0,2,38,5,6,1,188,121,67,15,0.6436170212765957,0.35638297872340424,0.010638297872340425,0.047872340425531915,0.20212765957446807,0.031914893617021274,0.02127659574468085,0.031914893617021274,0.0797872340425532,3,2.0,go,mweagle/Sparta,writePrettyString
1,1,1,0,1,0,0,0,1,1,1,1,1,12,2,2,0,74,43,31,8,0.581081081081081,0.4189189189189189,0.013513513513513514,0.013513513513513514,0.16216216216216217,0.02702702702702703,0.013513513513513514,0.02702702702702703,0.10810810810810811,2,1.0,go,rs/xlog,Close
1,3,25,0,0,2,0,0,1,24,24,9,30,138,4,51,25,595,373,222,22,0.626890756302521,0.373109243697479,0.0033613445378151263,0.040336134453781515,0.2319327731092437,0.08571428571428572,0.04201680672268908,0.08571428571428572,0.03697478991596639,3,3.0,go,anthonynsimon/bild,UnsharpMask
1,4,4,2,4,2,0,0,3,8,8,1,7,41,7,10,7,243,152,91,16,0.6255144032921811,0.37448559670781895,0.024691358024691357,0.03292181069958848,0.16872427983539096,0.0411522633744856,0.01646090534979424,0.0411522633744856,0.06584362139917696,7,4.0,go,cosiner/gohper,Query
1,3,4,0,2,1,0,0,1,1,1,3,1,32,4,10,3,162,97,65,13,0.5987654320987654,0.4012345679012346,0.018518518518518517,0.006172839506172839,0.19753086419753085,0.06172839506172839,0.024691358024691357,0.06172839506172839,0.08024691358024691,4,3.0,go,exoscale/egoscale,ListRequest
1,2,4,0,0,0,0,0,1,6,6,1,1,59,1,9,3,240,148,92,15,0.6166666666666667,0.38333333333333336,0.0,0.025,0.24583333333333332,0.0375,0.016666666666666666,0.0375,0.0625,1,2.0,go,PuerkitoBio/gocrawl,launchWorker
1,4,0,0,1,2,0,0,2,2,2,0,1,19,4,4,3,110,68,42,15,0.6181818181818182,0.38181818181818183,0.02727272727272727,0.01818181818181818,0.17272727272727273,0.03636363636363636,0.0,0.03636363636363636,0.13636363636363635,4,4.0,go,libopenstorage/openstorage,HasTarget
1,2,2,0,2,0,0,0,4,3,3,0,2,20,4,8,0,118,71,47,16,0.6016949152542372,0.3983050847457627,0.01694915254237288,0.025423728813559324,0.1694915254237288,0.06779661016949153,0.01694915254237288,0.06779661016949153,0.13559322033898305,3,2.0,go,containerd/containerd,ensureDatabaseInitialized
1,2,4,0,1,1,0,0,0,9,9,2,1,34,3,9,3,163,100,63,14,0.6134969325153374,0.38650306748466257,0.012269938650306749,0.05521472392638037,0.2085889570552147,0.05521472392638037,0.024539877300613498,0.05521472392638037,0.08588957055214724,3,2.0,go,influxdata/influxdb,SetFileCount
1,5,1,0,2,0,0,0,3,3,3,0,2,20,3,5,3,116,73,43,12,0.6293103448275862,0.3706896551724138,0.017241379310344827,0.02586206896551724,0.1724137931034483,0.04310344827586207,0.008620689655172414,0.04310344827586207,0.10344827586206896,3,5.0,go,aws/aws-sdk-go,substitutePath
1,4,1,0,0,0,0,0,1,2,2,0,0,11,1,3,0,63,38,25,8,0.6031746031746031,0.3968253968253968,0.0,0.031746031746031744,0.1746031746031746,0.047619047619047616,0.015873015873015872,0.047619047619047616,0.12698412698412698,1,4.0,go,aws/aws-sdk-go,CreateRole
1,4,4,0,1,0,0,0,1,2,2,3,1,28,2,8,2,164,98,66,12,0.5975609756097561,0.4024390243902439,0.006097560975609756,0.012195121951219513,0.17073170731707318,0.04878048780487805,0.024390243902439025,0.04878048780487805,0.07317073170731707,2,4.0,go,aws/aws-sdk-go,DeleteDocumentationPartRequest
1,2,6,0,6,1,0,0,6,9,9,1,6,60,8,19,4,297,183,114,12,0.6161616161616161,0.3838383838383838,0.02356902356902357,0.030303030303030304,0.20202020202020202,0.06397306397306397,0.020202020202020204,0.06397306397306397,0.04040404040404041,8,2.0,go,hyperledger/fabric,HandleStateUpdates
1,1,2,1,0,1,0,0,1,0,0,1,2,13,2,4,1,68,42,26,14,0.6176470588235294,0.38235294117647056,0.014705882352941176,0.0,0.19117647058823528,0.058823529411764705,0.029411764705882353,0.058823529411764705,0.20588235294117646,2,1.0,go,mesos/mesos-go,Size
1,2,1,0,0,0,0,0,0,13,13,0,0,28,1,2,7,170,106,64,14,0.6235294117647059,0.3764705882352941,0.0,0.07647058823529412,0.16470588235294117,0.011764705882352941,0.0058823529411764705,0.011764705882352941,0.08235294117647059,1,2.0,go,kubernetes/kubernetes,Install
1,2,1,0,0,0,0,0,1,0,0,1,0,7,1,3,0,40,23,17,7,0.575,0.425,0.0,0.0,0.175,0.075,0.025,0.075,0.175,1,2.0,go,aws/aws-sdk-go,SetCslgAtom
1,5,2,0,2,0,0,0,3,4,4,0,1,24,3,7,2,159,99,60,12,0.6226415094339622,0.37735849056603776,0.012578616352201259,0.025157232704402517,0.1509433962264151,0.0440251572327044,0.012578616352201259,0.0440251572327044,0.07547169811320754,3,5.0,go,hyperhq/hyperd,PortMappingDel
1,3,0,0,0,0,0,0,1,1,1,0,0,8,1,1,0,45,30,15,8,0.6666666666666666,0.3333333333333333,0.0,0.022222222222222223,0.17777777777777778,0.022222222222222223,0.0,0.022222222222222223,0.17777777777777778,1,3.0,go,kubernetes/kops,CreateTags
1,7,2,0,2,0,0,0,4,6,6,0,2,33,4,8,5,239,150,89,23,0.6276150627615062,0.3723849372384937,0.008368200836820083,0.02510460251046025,0.13807531380753138,0.03347280334728033,0.008368200836820083,0.03347280334728033,0.09623430962343096,3,7.0,go,luci/luci-go,getCachedInfo
1,2,0,0,0,0,0,0,1,1,1,0,0,7,1,1,0,33,21,12,8,0.6363636363636364,0.36363636363636365,0.0,0.030303030303030304,0.21212121212121213,0.030303030303030304,0.0,0.030303030303030304,0.24242424242424243,1,2.0,go,kataras/go-fs,RenameDir
1,2,2,0,2,0,0,0,3,5,5,1,1,24,3,7,2,116,70,46,14,0.603448275862069,0.39655172413793105,0.017241379310344827,0.04310344827586207,0.20689655172413793,0.0603448275862069,0.017241379310344827,0.0603448275862069,0.1206896551724138,3,2.0,go,kubernetes/kubernetes,LabelSelectorParam
1,3,8,0,3,0,0,1,3,8,8,3,5,47,4,21,15,296,186,110,14,0.6283783783783784,0.3716216216216216,0.010135135135135136,0.02702702702702703,0.15878378378378377,0.07094594594594594,0.02702702702702703,0.07094594594594594,0.0472972972972973,4,3.0,go,cilium/cilium,NewClient
1,4,5,0,3,0,0,0,3,7,7,2,2,41,4,13,1,214,133,81,13,0.6214953271028038,0.37850467289719625,0.014018691588785047,0.03271028037383177,0.19158878504672897,0.06074766355140187,0.02336448598130841,0.06074766355140187,0.06074766355140187,4,4.0,go,cayleygraph/cayley,rulesFor
1,2,0,0,0,0,0,0,1,2,2,0,0,11,1,1,1,67,43,24,12,0.6417910447761194,0.3582089552238806,0.0,0.029850746268656716,0.16417910447761194,0.014925373134328358,0.0,0.014925373134328358,0.1791044776119403,1,2.0,go,shiyanhui/dht,genIndexKeyByTrans
1,2,0,0,0,0,0,0,1,1,1,0,0,8,1,1,1,39,27,12,8,0.6923076923076923,0.3076923076923077,0.0,0.02564102564102564,0.20512820512820512,0.02564102564102564,0.0,0.02564102564102564,0.20512820512820512,1,2.0,go,codemodus/parth,Sequent
1,2,0,0,0,0,0,0,1,2,2,0,0,10,1,1,0,65,39,26,13,0.6,0.4,0.0,0.03076923076923077,0.15384615384615385,0.015384615384615385,0.0,0.015384615384615385,0.2,1,2.0,go,balzaczyy/golucene,NewIndexWriterConfig
1,3,6,0,2,1,0,0,2,9,9,3,3,41,5,15,1,182,111,71,14,0.6098901098901099,0.3901098901098901,0.016483516483516484,0.04945054945054945,0.22527472527472528,0.08241758241758242,0.03296703296703297,0.08241758241758242,0.07692307692307693,4,3.0,go,rs/zerolog,AppendFloats32
1,0,4,0,8,0,0,0,6,8,8,0,7,47,9,14,6,273,173,100,15,0.6336996336996337,0.3663003663003663,0.029304029304029304,0.029304029304029304,0.17216117216117216,0.05128205128205128,0.014652014652014652,0.05128205128205128,0.054945054945054944,9,0.0,go,cilium/cilium,checkOrMountDefaultLocations
1,1,0,0,1,0,0,0,2,0,0,0,3,6,2,2,4,50,30,20,9,0.6,0.4,0.02,0.0,0.12,0.04,0.0,0.04,0.18,2,1.0,go,Microsoft/hcsshim,IsV10
1,2,5,0,2,0,0,0,1,12,12,4,3,43,3,11,6,221,139,82,14,0.6289592760180995,0.37104072398190047,0.00904977375565611,0.05429864253393665,0.19457013574660634,0.049773755656108594,0.02262443438914027,0.049773755656108594,0.06334841628959276,3,2.0,go,kubernetes/kubernetes,ValidateDiscoveryBootstrapToken
1,1,6,1,7,1,0,0,4,9,9,1,4,60,9,15,4,289,183,106,20,0.6332179930795848,0.36678200692041524,0.02768166089965398,0.031141868512110725,0.20761245674740483,0.05190311418685121,0.020761245674740483,0.05190311418685121,0.06920415224913495,9,1.0,go,hashicorp/packer,validate
1,1,2,0,0,0,0,0,1,1,1,1,0,7,1,5,0,60,35,25,10,0.5833333333333334,0.4166666666666667,0.0,0.016666666666666666,0.11666666666666667,0.08333333333333333,0.03333333333333333,0.08333333333333333,0.16666666666666666,1,1.0,go,xanzy/go-cloudstack,NewListDedicatedGuestVlanRangesParams
1,0,1,0,0,0,0,0,0,3,3,0,0,10,1,2,1,54,33,21,9,0.6111111111111112,0.3888888888888889,0.0,0.05555555555555555,0.18518518518518517,0.037037037037037035,0.018518518518518517,0.037037037037037035,0.16666666666666666,1,0.0,go,istio/glog,Warningln
1,3,0,0,0,0,0,0,1,1,1,0,0,9,1,1,0,50,32,18,9,0.64,0.36,0.0,0.02,0.18,0.02,0.0,0.02,0.18,1,3.0,go,kubernetes/kubernetes,Validate
1,1,33,2,4,2,0,3,0,43,43,22,6,235,8,68,17,1381,866,515,22,0.6270818247646633,0.3729181752353367,0.004344677769732078,0.031136857349746562,0.17016654598117306,0.049239681390296886,0.02389572773352643,0.049239681390296886,0.015930485155684286,7,1.0,go,lightningnetwork/lnd,readHandler
1,4,0,0,0,0,0,0,1,1,1,0,0,9,1,1,0,55,36,19,9,0.6545454545454545,0.34545454545454546,0.0,0.01818181818181818,0.16363636363636364,0.01818181818181818,0.0,0.01818181818181818,0.16363636363636364,1,4.0,go,go-gorp/gorp,UpdateColumns
1,3,0,0,0,0,0,0,1,1,1,0,0,8,1,1,0,46,30,16,8,0.6521739130434783,0.34782608695652173,0.0,0.021739130434782608,0.17391304347826086,0.021739130434782608,0.0,0.021739130434782608,0.17391304347826086,1,3.0,go,kubernetes/kubernetes,Convert_v1beta1_PodMetrics_To_metrics_PodMetrics
1,3,1,1,1,0,0,0,2,2,2,0,0,10,2,2,1,74,45,29,12,0.6081081081081081,0.3918918918918919,0.013513513513513514,0.02702702702702703,0.13513513513513514,0.02702702702702703,0.013513513513513514,0.02702702702702703,0.16216216216216217,2,3.0,go,markphelps/optional,Get
1,2,36,1,15,16,0,0,1,43,43,15,13,305,34,87,2,1223,784,439,25,0.6410466067048242,0.3589533932951758,0.025347506132461162,0.03515944399018806,0.24938675388389206,0.07113654946852004,0.029435813573180702,0.07113654946852004,0.02044153720359771,32,2.0,go,kubernetes/kubernetes,PodValidateLimitFunc
1,4,5,0,5,0,0,0,6,5,5,0,16,62,6,16,2,313,194,119,11,0.6198083067092651,0.3801916932907348,0.01597444089456869,0.01597444089456869,0.19808306709265175,0.051118210862619806,0.01597444089456869,0.051118210862619806,0.03514376996805112,6,4.0,go,keybase/client,readDownPointer
1,3,1,0,0,0,0,0,1,4,4,0,0,11,1,3,0,70,42,28,9,0.6,0.4,0.0,0.05714285714285714,0.15714285714285714,0.04285714285714286,0.014285714285714285,0.04285714285714286,0.12857142857142856,1,3.0,go,u-root/dhcp4,MarshalBinary
1,3,2,0,2,0,0,0,3,2,2,0,2,33,3,7,0,162,100,62,12,0.6172839506172839,0.38271604938271603,0.012345679012345678,0.012345679012345678,0.2037037037037037,0.043209876543209874,0.012345679012345678,0.043209876543209874,0.07407407407407407,3,3.0,go,docker/cli,stackFromV1beta1
1,3,2,0,3,0,0,0,4,8,8,0,4,26,4,8,4,168,105,63,13,0.625,0.375,0.017857142857142856,0.047619047619047616,0.15476190476190477,0.047619047619047616,0.011904761904761904,0.047619047619047616,0.07738095238095238,4,3.0,go,kubernetes/kubernetes,MetaNamespaceKeyFunc
1,2,1,0,0,0,0,0,1,0,0,1,0,7,1,3,0,40,23,17,7,0.575,0.425,0.0,0.0,0.175,0.075,0.025,0.075,0.175,1,2.0,go,aws/aws-sdk-go,SetCloudWatchLoggingOptions
1,3,3,0,2,0,0,0,3,2,2,0,2,17,3,9,0,115,70,45,9,0.6086956521739131,0.391304347826087,0.017391304347826087,0.017391304347826087,0.14782608695652175,0.0782608695652174,0.02608695652173913,0.0782608695652174,0.0782608695652174,3,3.0,go,deis/k8s-claimer,KubeConfig
1,2,10,1,4,2,0,0,2,8,8,8,20,61,7,20,13,287,179,108,11,0.6236933797909407,0.37630662020905925,0.020905923344947737,0.027874564459930314,0.21254355400696864,0.06968641114982578,0.03484320557491289,0.06968641114982578,0.03832752613240418,7,2.0,go,huandu/xstrings,Slice
1,4,2,0,2,0,0,0,2,1,1,0,2,15,3,6,0,105,62,43,12,0.5904761904761905,0.4095238095238095,0.01904761904761905,0.009523809523809525,0.14285714285714285,0.05714285714285714,0.01904761904761905,0.05714285714285714,0.11428571428571428,3,4.0,go,sevlyar/go-daemon,NewLogFile
1,4,1,0,1,0,0,0,2,2,2,0,1,37,2,4,13,227,144,83,12,0.6343612334801763,0.3656387665198238,0.004405286343612335,0.00881057268722467,0.16299559471365638,0.01762114537444934,0.004405286343612335,0.01762114537444934,0.05286343612334802,2,4.0,go,BurntSushi/xgbutil,WmStrutPartialGet
1,2,4,0,2,1,0,0,2,8,8,0,2,47,4,11,1,199,123,76,13,0.6180904522613065,0.38190954773869346,0.01507537688442211,0.04020100502512563,0.23618090452261306,0.05527638190954774,0.020100502512562814,0.05527638190954774,0.06532663316582915,4,2.0,go,danryan/hal,Receive
1,4,11,0,4,2,0,1,10,12,12,3,2,81,9,35,2,483,292,191,22,0.6045548654244306,0.39544513457556935,0.012422360248447204,0.024844720496894408,0.16770186335403728,0.07246376811594203,0.022774327122153208,0.07246376811594203,0.045548654244306416,7,4.0,go,goadesign/goa,UserTypes
1,1,2,0,1,0,0,0,2,2,2,1,1,15,2,6,3,79,48,31,9,0.6075949367088608,0.3924050632911392,0.012658227848101266,0.02531645569620253,0.189873417721519,0.0759493670886076,0.02531645569620253,0.0759493670886076,0.11392405063291139,2,1.0,go,chewxy/lingo,shift
1,2,1,0,0,0,0,0,1,0,0,1,0,7,1,3,0,40,23,17,7,0.575,0.425,0.0,0.0,0.175,0.075,0.025,0.075,0.175,1,2.0,go,aws/aws-sdk-go,SetSourceArn
1,2,1,0,0,0,0,0,1,0,0,1,0,7,1,3,0,40,23,17,7,0.575,0.425,0.0,0.0,0.175,0.075,0.025,0.075,0.175,1,2.0,go,aws/aws-sdk-go,SetEnd
1,2,3,0,1,0,0,0,2,5,5,0,1,22,2,8,2,118,73,45,12,0.6186440677966102,0.3813559322033898,0.00847457627118644,0.0423728813559322,0.1864406779661017,0.06779661016949153,0.025423728813559324,0.06779661016949153,0.1016949152542373,2,2.0,go,brocaar/loraserver,FlushGatewayCache
1,3,3,0,1,0,0,0,2,4,4,0,1,28,2,8,0,130,83,47,9,0.6384615384615384,0.36153846153846153,0.007692307692307693,0.03076923076923077,0.2153846153846154,0.06153846153846154,0.023076923076923078,0.06153846153846154,0.06923076923076923,2,3.0,go,kubernetes/kubernetes,Admit
1,6,3,0,3,0,0,0,4,7,7,0,3,46,4,10,0,241,148,93,14,0.6141078838174274,0.38589211618257263,0.012448132780082987,0.029045643153526972,0.1908713692946058,0.04149377593360996,0.012448132780082987,0.04149377593360996,0.058091286307053944,4,6.0,go,kubernetes/kubernetes,NewWebhook
1,4,0,0,0,0,0,0,1,1,1,0,0,14,1,1,0,73,44,29,13,0.6027397260273972,0.3972602739726027,0.0,0.0136986301369863,0.1917808219178082,0.0136986301369863,0.0,0.0136986301369863,0.1780821917808219,1,4.0,go,sendgridlabs/go-kinesis,NewAuthWithAssumedRole
1,4,0,0,0,0,0,0,0,1,1,0,0,6,1,0,1,49,30,19,8,0.6122448979591837,0.3877551020408163,0.0,0.02040816326530612,0.12244897959183673,0.0,0.0,0.0,0.16326530612244897,1,4.0,go,vitessio/vitess,SupplyCol
1,4,5,1,3,2,0,0,3,7,7,1,2,41,6,13,8,237,150,87,21,0.6329113924050633,0.3670886075949367,0.02109704641350211,0.029535864978902954,0.1729957805907173,0.05485232067510549,0.02109704641350211,0.05485232067510549,0.08860759493670886,6,4.0,go,securego/gosec,ignore
1,2,0,0,1,0,0,0,2,0,0,0,3,8,2,1,0,55,33,22,11,0.6,0.4,0.01818181818181818,0.0,0.14545454545454545,0.01818181818181818,0.0,0.01818181818181818,0.2,2,2.0,go,yarpc/yarpc-go,GetOldString
1,4,12,0,6,2,0,0,0,4,4,3,0,60,9,26,7,339,221,118,17,0.6519174041297935,0.3480825958702065,0.02359882005899705,0.011799410029498525,0.17699115044247787,0.07669616519174041,0.035398230088495575,0.07669616519174041,0.05014749262536873,9,4.0,go,influxdata/telegraf,processStat
1,11,21,1,6,2,0,0,7,60,60,3,3,308,14,50,131,3067,1829,1238,28,0.5963482230192371,0.40365177698076293,0.0026084121291164004,0.019563090968373,0.10042386697098142,0.016302575806977502,0.006847081838930551,0.016302575806977502,0.009129442451907402,9,11.0,go,qor/qor-example,ConfigureAdmin
1,2,1,0,0,0,0,0,1,0,0,1,0,7,1,3,0,40,23,17,7,0.575,0.425,0.0,0.0,0.175,0.075,0.025,0.075,0.175,1,2.0,go,aws/aws-sdk-go,SetRetrievalByteRange
1,3,2,0,1,0,0,0,2,1,1,2,1,12,2,4,0,89,52,37,14,0.5842696629213483,0.4157303370786517,0.011235955056179775,0.011235955056179775,0.1348314606741573,0.0449438202247191,0.02247191011235955,0.0449438202247191,0.15730337078651685,2,3.0,go,SkygearIO/go-skycli,MakeEmptyRecord
1,4,19,0,8,3,0,0,5,16,16,6,9,126,12,46,10,592,364,228,22,0.6148648648648649,0.38513513513513514,0.018581081081081082,0.02702702702702703,0.21283783783783783,0.0777027027027027,0.03209459459459459,0.0777027027027027,0.037162162162162164,12,4.0,go,coredns/coredns,External
1,1,1,0,1,0,0,0,2,2,2,0,1,9,2,4,0,61,35,26,9,0.5737704918032787,0.4262295081967213,0.01639344262295082,0.03278688524590164,0.14754098360655737,0.06557377049180328,0.01639344262295082,0.06557377049180328,0.14754098360655737,2,1.0,go,kubernetes/kubernetes,DeepCopy
1,1,14,2,6,3,0,1,1,5,5,8,6,77,10,29,14,460,294,166,24,0.6391304347826087,0.36086956521739133,0.01956521739130435,0.010869565217391304,0.1673913043478261,0.06304347826086956,0.030434782608695653,0.06304347826086956,0.05217391304347826,10,1.0,go,terraform-providers/terraform-provider-openstack,getInstanceAddresses
1,3,1,0,1,0,0,0,2,2,2,0,1,11,2,4,1,79,48,31,9,0.6075949367088608,0.3924050632911392,0.012658227848101266,0.02531645569620253,0.13924050632911392,0.05063291139240506,0.012658227848101266,0.05063291139240506,0.11392405063291139,2,3.0,go,rkt/rkt,TmpFile
1,2,2,0,1,0,0,0,1,3,3,1,0,21,2,4,1,98,60,38,9,0.6122448979591837,0.3877551020408163,0.01020408163265306,0.030612244897959183,0.21428571428571427,0.04081632653061224,0.02040816326530612,0.04081632653061224,0.09183673469387756,2,2.0,go,vulcand/vulcand,DeleteMiddleware
1,2,0,0,1,0,0,0,2,0,0,0,2,8,2,2,2,55,33,22,11,0.6,0.4,0.01818181818181818,0.0,0.14545454545454545,0.03636363636363636,0.0,0.03636363636363636,0.2,2,2.0,go,cloudflare/cloudflare-go,userBaseURL
1,4,0,0,0,0,0,0,1,2,2,0,0,10,1,1,0,73,44,29,8,0.6027397260273972,0.3972602739726027,0.0,0.0273972602739726,0.136986301369863,0.0136986301369863,0.0,0.0136986301369863,0.1095890410958904,1,4.0,go,hashicorp/nomad,GetClientCertificate
1,2,1,0,0,0,0,0,1,0,0,1,0,7,1,3,0,40,23,17,7,0.575,0.425,0.0,0.0,0.175,0.075,0.025,0.075,0.175,1,2.0,go,aws/aws-sdk-go,SetAnnotationValue
1,2,1,0,0,0,0,0,1,0,0,1,0,7,1,3,0,40,23,17,7,0.575,0.425,0.0,0.0,0.175,0.075,0.025,0.075,0.175,1,2.0,go,aws/aws-sdk-go,SetQueryExecutionId
1,0,0,0,0,0,0,0,1,2,2,0,0,11,1,1,0,64,36,28,13,0.5625,0.4375,0.0,0.03125,0.171875,0.015625,0.0,0.015625,0.203125,1,0.0,go,m3db/m3x,NewOptions
1,5,2,0,2,0,0,0,3,5,5,0,2,28,3,7,3,188,116,72,14,0.6170212765957447,0.3829787234042553,0.010638297872340425,0.026595744680851064,0.14893617021276595,0.03723404255319149,0.010638297872340425,0.03723404255319149,0.07446808510638298,3,5.0,go,luci/luci-go,Ensure
1,4,0,0,0,0,0,0,1,1,1,0,0,7,1,1,0,45,28,17,8,0.6222222222222222,0.37777777777777777,0.0,0.022222222222222223,0.15555555555555556,0.022222222222222223,0.0,0.022222222222222223,0.17777777777777778,1,4.0,go,casbin/casbin,AddPolicy
1,2,2,0,1,1,0,0,1,4,4,0,1,18,3,6,0,96,56,40,11,0.5833333333333334,0.4166666666666667,0.020833333333333332,0.041666666666666664,0.1875,0.0625,0.020833333333333332,0.0625,0.11458333333333333,3,2.0,go,pilosa/pilosa,row
1,2,0,0,2,0,0,0,2,2,2,0,4,16,3,2,4,98,61,37,16,0.6224489795918368,0.37755102040816324,0.02040816326530612,0.02040816326530612,0.16326530612244897,0.02040816326530612,0.0,0.02040816326530612,0.16326530612244897,3,2.0,go,pivotal-cf/brokerapi,ValidatedStatusCode
1,2,1,0,0,0,0,0,1,3,3,0,0,12,1,3,0,64,38,26,8,0.59375,0.40625,0.0,0.046875,0.1875,0.046875,0.015625,0.046875,0.125,1,2.0,go,sirupsen/logrus,WithContext
1,3,6,3,1,0,0,0,1,10,10,2,0,45,3,7,3,215,137,78,13,0.6372093023255814,0.3627906976744186,0.004651162790697674,0.046511627906976744,0.20930232558139536,0.03255813953488372,0.027906976744186046,0.03255813953488372,0.06046511627906977,2,3.0,go,qor/qor,Decode
1,4,3,1,1,1,0,0,2,3,3,1,1,20,4,7,1,129,81,48,15,0.627906976744186,0.37209302325581395,0.015503875968992248,0.023255813953488372,0.15503875968992248,0.05426356589147287,0.023255813953488372,0.05426356589147287,0.11627906976744186,3,4.0,go,chrislusf/gleam,FindCols
1,2,1,0,0,0,0,0,1,0,0,1,0,7,1,3,0,40,23,17,7,0.575,0.425,0.0,0.0,0.175,0.075,0.025,0.075,0.175,1,2.0,go,aws/aws-sdk-go,SetServerName
1,2,1,0,0,0,0,0,1,0,0,1,0,7,1,3,0,40,23,17,7,0.575,0.425,0.0,0.0,0.175,0.075,0.025,0.075,0.175,1,2.0,go,aws/aws-sdk-go,SetPlacementId
1,1,1,0,1,0,0,0,2,2,2,0,2,8,2,4,3,59,34,25,9,0.576271186440678,0.423728813559322,0.01694915254237288,0.03389830508474576,0.13559322033898305,0.06779661016949153,0.01694915254237288,0.06779661016949153,0.15254237288135594,2,1.0,go,libp2p/go-libp2p-kad-dht,GetClusterLevel
1,1,12,0,7,4,0,0,1,10,10,4,3,71,12,28,6,340,206,134,15,0.6058823529411764,0.3941176470588235,0.03235294117647059,0.029411764705882353,0.2088235294117647,0.08235294117647059,0.03529411764705882,0.08235294117647059,0.04411764705882353,12,1.0,go,hashicorp/nomad,setImplicitConstraints
1,2,0,0,0,0,0,0,1,0,0,0,0,6,1,1,0,37,23,14,8,0.6216216216216216,0.3783783783783784,0.0,0.0,0.16216216216216217,0.02702702702702703,0.0,0.02702702702702703,0.21621621621621623,1,2.0,go,go-playground/locales,WeekdayAbbreviated
1,1,0,0,1,0,0,0,2,3,3,0,1,10,2,2,1,56,34,22,10,0.6071428571428571,0.39285714285714285,0.017857142857142856,0.05357142857142857,0.17857142857142858,0.03571428571428571,0.0,0.03571428571428571,0.17857142857142858,2,1.0,go,morikuni/aec,Apply
1,5,0,0,0,0,0,0,1,2,2,0,0,12,1,1,0,70,46,24,10,0.6571428571428571,0.34285714285714286,0.0,0.02857142857142857,0.17142857142857143,0.014285714285714285,0.0,0.014285714285714285,0.14285714285714285,1,5.0,go,atlassian/smith,GetBundlesByObject
1,5,1,0,0,0,0,0,1,4,4,0,0,19,1,3,0,100,62,38,8,0.62,0.38,0.0,0.04,0.19,0.03,0.01,0.03,0.08,1,5.0,go,aws/aws-sdk-go,DeleteApplicationsWithContext
1,2,1,0,0,0,0,0,1,0,0,1,0,7,1,3,0,40,23,17,7,0.575,0.425,0.0,0.0,0.175,0.075,0.025,0.075,0.175,1,2.0,go,aws/aws-sdk-go,SetPlatform
1,2,0,0,0,0,0,0,1,1,1,0,0,8,1,1,0,45,27,18,8,0.6,0.4,0.0,0.022222222222222223,0.17777777777777778,0.022222222222222223,0.0,0.022222222222222223,0.17777777777777778,1,2.0,go,scylladb/gocqlx,TTL
1,2,3,0,0,0,0,0,1,5,5,1,0,41,1,7,3,258,154,104,16,0.5968992248062015,0.40310077519379844,0.0,0.01937984496124031,0.15891472868217055,0.027131782945736434,0.011627906976744186,0.027131782945736434,0.06201550387596899,1,2.0,go,ethereum/go-ethereum,SetHandshakeController
1,1,1,0,1,1,0,0,1,7,7,0,0,21,4,3,4,136,82,54,16,0.6029411764705882,0.39705882352941174,0.014705882352941176,0.051470588235294115,0.15441176470588236,0.022058823529411766,0.007352941176470588,0.022058823529411766,0.11764705882352941,3,1.0,go,nats-io/gnatsd,handleSignals
1,2,0,0,1,1,0,0,2,0,0,0,1,11,3,3,0,63,38,25,13,0.6031746031746031,0.3968253968253968,0.031746031746031744,0.0,0.1746031746031746,0.047619047619047616,0.0,0.047619047619047616,0.20634920634920634,3,2.0,go,nlopes/slack,GetGroupByID
1,1,0,0,0,0,0,0,1,3,3,0,2,8,1,1,1,53,32,21,13,0.6037735849056604,0.39622641509433965,0.0,0.05660377358490566,0.1509433962264151,0.018867924528301886,0.0,0.018867924528301886,0.24528301886792453,1,1.0,go,gosuri/uiprogress,CompletedPercent
1,2,1,0,1,1,0,0,2,1,1,0,1,14,3,5,0,80,47,33,12,0.5875,0.4125,0.025,0.0125,0.175,0.0625,0.0125,0.0625,0.15,3,2.0,go,br0xen/termbox-util,GetOptionFromText
1,5,1,0,0,0,0,0,1,4,4,0,0,19,1,3,0,100,62,38,8,0.62,0.38,0.0,0.04,0.19,0.03,0.01,0.03,0.08,1,5.0,go,aws/aws-sdk-go,RenderUiTemplateWithContext
1,4,4,2,1,0,0,0,2,9,9,0,1,36,3,6,2,187,116,71,17,0.6203208556149733,0.37967914438502676,0.0053475935828877,0.0481283422459893,0.1925133689839572,0.03208556149732621,0.0213903743315508,0.03208556149732621,0.09090909090909091,2,4.0,go,ceph/go-ceph,Stat
1,6,10,3,6,0,0,0,5,13,13,3,6,80,8,19,8,421,260,161,16,0.6175771971496437,0.3824228028503563,0.014251781472684086,0.030878859857482184,0.19002375296912113,0.04513064133016627,0.023752969121140142,0.04513064133016627,0.03800475059382423,7,6.0,go,hyperledger/fabric-sdk-go,NewIdentityManager
1,2,1,0,0,0,0,0,1,0,0,1,0,7,1,3,0,40,23,17,7,0.575,0.425,0.0,0.0,0.175,0.075,0.025,0.075,0.175,1,2.0,go,aws/aws-sdk-go,SetStatus
1,2,1,0,0,0,0,0,1,0,0,1,0,7,1,3,0,43,25,18,7,0.5813953488372093,0.4186046511627907,0.0,0.0,0.16279069767441862,0.06976744186046512,0.023255813953488372,0.06976744186046512,0.16279069767441862,1,2.0,go,aws/aws-sdk-go,SetFaceModelVersions
1,2,1,0,0,0,0,0,1,0,0,1,0,7,1,3,0,40,23,17,7,0.575,0.425,0.0,0.0,0.175,0.075,0.025,0.075,0.175,1,2.0,go,aws/aws-sdk-go,SetCommitSpecifier
1,2,1,0,1,0,0,0,2,2,2,0,1,11,2,4,0,67,39,28,9,0.582089552238806,0.417910447761194,0.014925373134328358,0.029850746268656716,0.16417910447761194,0.05970149253731343,0.014925373134328358,0.05970149253731343,0.13432835820895522,2,2.0,go,keybase/client,MakeAllIds
1,4,4,0,1,0,0,0,1,2,2,3,1,28,2,8,2,164,98,66,12,0.5975609756097561,0.4024390243902439,0.006097560975609756,0.012195121951219513,0.17073170731707318,0.04878048780487805,0.024390243902439025,0.04878048780487805,0.07317073170731707,2,4.0,go,aws/aws-sdk-go,DeleteTrafficPolicyInstanceRequest
1,2,4,1,1,0,0,1,1,3,3,3,1,30,2,7,1,177,113,64,15,0.6384180790960452,0.3615819209039548,0.005649717514124294,0.01694915254237288,0.1694915254237288,0.03954802259887006,0.022598870056497175,0.03954802259887006,0.0847457627118644,2,2.0,go,coscms/xorm,SQL
1,1,1,0,2,0,0,0,4,4,4,0,0,10,4,6,5,117,68,49,15,0.5811965811965812,0.4188034188034188,0.017094017094017096,0.03418803418803419,0.08547008547008547,0.05128205128205128,0.008547008547008548,0.05128205128205128,0.1282051282051282,3,1.0,go,kubernetes/kubernetes,cachedHasSynced
1,2,1,0,0,0,0,0,1,0,0,1,0,7,1,3,0,40,23,17,7,0.575,0.425,0.0,0.0,0.175,0.075,0.025,0.075,0.175,1,2.0,go,aws/aws-sdk-go,SetPmtPid
1,0,1,0,2,0,0,0,3,3,3,0,2,11,3,5,1,69,40,29,9,0.5797101449275363,0.42028985507246375,0.028985507246376812,0.043478260869565216,0.15942028985507245,0.07246376811594203,0.014492753623188406,0.07246376811594203,0.13043478260869565,3,0.0,go,kubernetes/minikube,LoadCachedImagesInConfigFile
1,2,0,0,0,0,0,0,1,3,3,0,0,11,1,1,0,62,37,25,9,0.5967741935483871,0.4032258064516129,0.0,0.04838709677419355,0.1774193548387097,0.016129032258064516,0.0,0.016129032258064516,0.14516129032258066,1,2.0,go,lightningnetwork/lnd,InitNextRevocation
1,2,1,0,0,0,0,0,1,0,0,1,0,7,1,3,0,43,25,18,7,0.5813953488372093,0.4186046511627907,0.0,0.0,0.16279069767441862,0.06976744186046512,0.023255813953488372,0.06976744186046512,0.16279069767441862,1,2.0,go,aws/aws-sdk-go,SetCheckerIpRanges
1,6,11,4,12,0,0,0,9,33,33,4,13,139,14,28,12,875,531,344,38,0.6068571428571429,0.3931428571428571,0.013714285714285714,0.037714285714285714,0.15885714285714286,0.032,0.012571428571428572,0.032,0.04342857142857143,13,6.0,go,juju/juju,SetSuspended
1,2,1,0,1,0,0,0,2,3,3,1,0,13,2,3,0,62,36,26,9,0.5806451612903226,0.41935483870967744,0.016129032258064516,0.04838709677419355,0.20967741935483872,0.04838709677419355,0.016129032258064516,0.04838709677419355,0.14516129032258066,2,2.0,go,montanaflynn/stats,sortedCopyDif
1,4,17,0,7,1,0,1,1,17,17,9,3,110,10,38,12,622,384,238,25,0.617363344051447,0.38263665594855306,0.012861736334405145,0.027331189710610933,0.17684887459807075,0.06109324758842444,0.027331189710610933,0.06109324758842444,0.04019292604501608,9,4.0,go,gorilla/handlers,CompressHandlerLevel
1,2,3,0,3,0,0,0,4,5,5,0,2,31,4,10,3,165,104,61,12,0.6303030303030303,0.3696969696969697,0.01818181818181818,0.030303030303030304,0.18787878787878787,0.06060606060606061,0.01818181818181818,0.06060606060606061,0.07272727272727272,4,2.0,go,juju/juju,Run
1,2,1,0,0,0,0,0,1,0,0,1,0,7,1,3,0,40,23,17,7,0.575,0.425,0.0,0.0,0.175,0.075,0.025,0.075,0.175,1,2.0,go,aws/aws-sdk-go,SetConsumerARN
1,2,1,0,0,0,0,0,1,0,0,1,0,7,1,3,0,40,23,17,7,0.575,0.425,0.0,0.0,0.175,0.075,0.025,0.075,0.175,1,2.0,go,aws/aws-sdk-go,SetParameterKey
1,4,4,0,1,0,0,0,1,2,2,3,1,28,2,8,2,164,98,66,12,0.5975609756097561,0.4024390243902439,0.006097560975609756,0.012195121951219513,0.17073170731707318,0.04878048780487805,0.024390243902439025,0.04878048780487805,0.07317073170731707,2,4.0,go,aws/aws-sdk-go,UpdateLicenseConfigurationRequest
1,2,1,0,0,0,0,0,1,0,0,1,0,7,1,3,0,43,25,18,7,0.5813953488372093,0.4186046511627907,0.0,0.0,0.16279069767441862,0.06976744186046512,0.023255813953488372,0.06976744186046512,0.16279069767441862,1,2.0,go,aws/aws-sdk-go,SetPolicyVersions
1,2,1,0,1,0,0,0,2,3,3,0,1,13,2,4,1,75,44,31,12,0.5866666666666667,0.41333333333333333,0.013333333333333334,0.04,0.17333333333333334,0.05333333333333334,0.013333333333333334,0.05333333333333334,0.16,2,2.0,go,git-lfs/git-lfs,RepositoryPermissions
1,2,1,0,1,0,0,0,2,3,3,0,1,18,2,4,1,93,58,35,13,0.6236559139784946,0.3763440860215054,0.010752688172043012,0.03225806451612903,0.1935483870967742,0.043010752688172046,0.010752688172043012,0.043010752688172046,0.13978494623655913,2,2.0,go,aporeto-inc/trireme-lib,Run
1,2,1,0,0,0,0,0,1,0,0,1,0,7,1,3,0,40,23,17,7,0.575,0.425,0.0,0.0,0.175,0.075,0.025,0.075,0.175,1,2.0,go,aws/aws-sdk-go,SetFields
1,1,1,0,1,0,0,0,2,2,2,0,1,9,2,4,0,61,35,26,9,0.5737704918032787,0.4262295081967213,0.01639344262295082,0.03278688524590164,0.14754098360655737,0.06557377049180328,0.01639344262295082,0.06557377049180328,0.14754098360655737,2,1.0,go,argoproj/argo-cd,DeepCopy
1,4,0,0,0,0,0,0,1,1,1,0,0,6,1,1,0,44,28,16,8,0.6363636363636364,0.36363636363636365,0.0,0.022727272727272728,0.13636363636363635,0.022727272727272728,0.0,0.022727272727272728,0.18181818181818182,1,4.0,go,klauspost/compress,NewWriterLevel
1,3,1,0,0,0,0,0,0,2,2,0,0,14,2,2,0,90,56,34,14,0.6222222222222222,0.37777777777777777,0.0,0.022222222222222223,0.15555555555555556,0.022222222222222223,0.011111111111111112,0.022222222222222223,0.15555555555555556,1,3.0,go,salsaflow/salsaflow,goSearchIssues
1,1,4,0,12,1,0,0,2,18,18,0,16,74,14,11,14,469,293,176,19,0.6247334754797441,0.3752665245202559,0.02771855010660981,0.03837953091684435,0.15778251599147122,0.023454157782515993,0.008528784648187633,0.023454157782515993,0.04051172707889126,14,1.0,go,aws/aws-sdk-go,Validate
1,2,1,0,0,0,0,0,1,0,0,1,0,7,1,3,0,40,23,17,7,0.575,0.425,0.0,0.0,0.175,0.075,0.025,0.075,0.175,1,2.0,go,aws/aws-sdk-go,SetTrafficDialPercentage
1,1,2,0,5,0,0,0,2,7,7,0,5,29,6,6,5,198,120,78,15,0.6060606060606061,0.3939393939393939,0.025252525252525252,0.03535353535353535,0.14646464646464646,0.030303030303030304,0.010101010101010102,0.030303030303030304,0.07575757575757576,6,1.0,go,aws/aws-sdk-go,Validate
1,3,2,0,0,0,0,0,1,3,3,0,0,17,1,5,1,94,61,33,10,0.648936170212766,0.35106382978723405,0.0,0.031914893617021274,0.18085106382978725,0.05319148936170213,0.02127659574468085,0.05319148936170213,0.10638297872340426,1,3.0,go,magefile/mage,Output
1,3,1,0,1,0,0,0,2,3,3,0,1,16,2,4,7,101,67,34,12,0.6633663366336634,0.33663366336633666,0.009900990099009901,0.0297029702970297,0.15841584158415842,0.039603960396039604,0.009900990099009901,0.039603960396039604,0.1188118811881188,2,3.0,go,kubernetes-retired/contrib,parseLiteralSource
1,4,4,0,1,0,0,0,1,2,2,3,1,28,2,8,2,164,98,66,12,0.5975609756097561,0.4024390243902439,0.006097560975609756,0.012195121951219513,0.17073170731707318,0.04878048780487805,0.024390243902439025,0.04878048780487805,0.07317073170731707,2,4.0,go,aws/aws-sdk-go,RemoveThingFromThingGroupRequest
1,3,0,0,0,0,0,0,1,0,0,0,0,6,1,1,0,37,23,14,7,0.6216216216216216,0.3783783783783784,0.0,0.0,0.16216216216216217,0.02702702702702703,0.0,0.02702702702702703,0.1891891891891892,1,3.0,go,go-playground/locales,OrdinalPluralRule
1,2,1,0,0,0,0,0,1,0,0,1,0,7,1,3,0,40,23,17,7,0.575,0.425,0.0,0.0,0.175,0.075,0.025,0.075,0.175,1,2.0,go,aws/aws-sdk-go,SetDirectoryId
1,4,1,0,0,0,0,0,1,2,2,0,0,11,1,3,0,63,38,25,8,0.6031746031746031,0.3968253968253968,0.0,0.031746031746031744,0.1746031746031746,0.047619047619047616,0.015873015873015872,0.047619047619047616,0.12698412698412698,1,4.0,go,aws/aws-sdk-go,PutRolePolicy
1,1,0,0,0,0,0,0,1,1,1,0,0,6,1,1,0,39,25,14,9,0.6410256410256411,0.358974358974359,0.0,0.02564102564102564,0.15384615384615385,0.02564102564102564,0.0,0.02564102564102564,0.23076923076923078,1,1.0,go,golang/oauth2,AppEngineTokenSource
1,1,1,0,1,0,0,0,2,6,6,0,1,15,2,4,0,86,51,35,10,0.5930232558139535,0.4069767441860465,0.011627906976744186,0.06976744186046512,0.1744186046511628,0.046511627906976744,0.011627906976744186,0.046511627906976744,0.11627906976744186,2,1.0,go,cilium/cilium,lookupAndDeleteServiceWeights
1,2,3,0,1,0,0,0,1,3,3,1,0,21,2,7,1,93,57,36,13,0.6129032258064516,0.3870967741935484,0.010752688172043012,0.03225806451612903,0.22580645161290322,0.07526881720430108,0.03225806451612903,0.07526881720430108,0.13978494623655913,2,2.0,go,Jumpscale/go-raml,GetProperty
1,4,4,0,1,0,0,0,2,4,4,1,1,28,2,10,6,149,97,52,10,0.6510067114093959,0.348993288590604,0.006711409395973154,0.026845637583892617,0.18791946308724833,0.06711409395973154,0.026845637583892617,0.06711409395973154,0.06711409395973154,2,4.0,go,denverdino/aliyungo,DeleteProject
1,5,2,0,3,0,0,0,4,6,6,0,2,28,4,8,6,169,106,63,13,0.6272189349112426,0.3727810650887574,0.01775147928994083,0.03550295857988166,0.16568047337278108,0.047337278106508875,0.011834319526627219,0.047337278106508875,0.07692307692307693,4,5.0,go,containers/storage,Get
1,2,1,0,0,0,0,0,1,0,0,1,0,7,1,3,0,40,23,17,7,0.575,0.425,0.0,0.0,0.175,0.075,0.025,0.075,0.175,1,2.0,go,aws/aws-sdk-go,SetUserName
1,5,8,1,5,1,0,1,4,12,12,3,3,69,7,20,5,356,226,130,15,0.6348314606741573,0.3651685393258427,0.016853932584269662,0.033707865168539325,0.19382022471910113,0.056179775280898875,0.02247191011235955,0.056179775280898875,0.042134831460674156,7,5.0,go,lestrrat-go/jsref,Resolve
1,4,1,0,0,0,0,0,1,2,2,0,0,11,1,3,0,63,38,25,8,0.6031746031746031,0.3968253968253968,0.0,0.031746031746031744,0.1746031746031746,0.047619047619047616,0.015873015873015872,0.047619047619047616,0.12698412698412698,1,4.0,go,aws/aws-sdk-go,GetObjectLegalHold
1,1,6,0,0,0,0,0,0,8,8,6,0,40,1,12,0,165,99,66,10,0.6,0.4,0.0,0.048484848484848485,0.24242424242424243,0.07272727272727272,0.03636363636363636,0.07272727272727272,0.06060606060606061,1,1.0,go,spf13/cobra,ResetFlags
1,6,4,0,2,0,0,0,3,4,4,0,2,31,3,11,2,167,109,58,9,0.6526946107784432,0.3473053892215569,0.011976047904191617,0.023952095808383235,0.18562874251497005,0.0658682634730539,0.023952095808383235,0.0658682634730539,0.05389221556886228,3,6.0,go,google/go-github,GetGrant
1,4,10,0,11,5,0,0,3,8,8,4,14,98,17,28,3,464,286,178,24,0.6163793103448276,0.38362068965517243,0.034482758620689655,0.017241379310344827,0.21120689655172414,0.0603448275862069,0.021551724137931036,0.0603448275862069,0.05172413793103448,17,4.0,go,go4org/go4,ItemByID
1,1,1,0,3,0,0,0,2,6,6,0,5,22,4,4,6,153,92,61,13,0.6013071895424836,0.39869281045751637,0.0196078431372549,0.0392156862745098,0.1437908496732026,0.026143790849673203,0.006535947712418301,0.026143790849673203,0.08496732026143791,4,1.0,go,aws/aws-sdk-go,Validate
1,1,0,0,0,0,0,0,1,2,2,0,0,11,1,1,0,52,35,17,10,0.6730769230769231,0.3269230769230769,0.0,0.038461538461538464,0.21153846153846154,0.019230769230769232,0.0,0.019230769230769232,0.19230769230769232,1,1.0,go,hyperledger/fabric,Modsub
1,1,0,0,0,0,0,0,1,1,1,0,0,5,1,1,0,49,30,19,10,0.6122448979591837,0.3877551020408163,0.0,0.02040816326530612,0.10204081632653061,0.02040816326530612,0.0,0.02040816326530612,0.20408163265306123,1,1.0,go,ikeikeikeike/go-sitemap-generator,Get
1,2,3,0,1,0,0,0,1,2,2,2,1,18,2,6,0,99,58,41,12,0.5858585858585859,0.41414141414141414,0.010101010101010102,0.020202020202020204,0.18181818181818182,0.06060606060606061,0.030303030303030304,0.06060606060606061,0.12121212121212122,2,2.0,go,containous/traefik,DeepCopyInto
1,4,25,0,17,3,0,0,11,14,14,17,43,148,21,61,27,751,472,279,15,0.6284953395472703,0.3715046604527297,0.02663115845539281,0.018641810918774968,0.1970705725699068,0.08122503328894808,0.033288948069241014,0.08122503328894808,0.019973368841544607,21,4.0,go,abursavich/nett,parseIPv6
1,4,4,1,6,0,0,0,3,11,11,0,6,61,7,9,5,324,204,120,14,0.6296296296296297,0.37037037037037035,0.018518518518518517,0.033950617283950615,0.1882716049382716,0.027777777777777776,0.012345679012345678,0.027777777777777776,0.043209876543209874,7,4.0,go,kyokomi/go-docomo,GetSearch
1,8,5,0,11,1,0,0,11,12,12,1,16,92,13,22,12,534,342,192,14,0.6404494382022472,0.3595505617977528,0.02247191011235955,0.02247191011235955,0.17228464419475656,0.04119850187265917,0.009363295880149813,0.04119850187265917,0.026217228464419477,13,8.0,go,hashicorp/vault,handleRoleTagLogin
1,6,2,0,1,0,0,0,2,5,5,0,1,25,2,6,2,140,90,50,12,0.6428571428571429,0.35714285714285715,0.007142857142857143,0.03571428571428571,0.17857142857142858,0.04285714285714286,0.014285714285714285,0.04285714285714286,0.08571428571428572,2,6.0,go,pilosa/pilosa,ShardNodes
1,2,9,0,7,1,0,0,6,17,17,2,9,72,10,24,12,384,242,142,18,0.6302083333333334,0.3697916666666667,0.020833333333333332,0.044270833333333336,0.1875,0.0625,0.0234375,0.0625,0.046875,9,2.0,go,gopasspw/gopass,Shred
1,1,1,0,2,0,0,0,2,3,3,0,2,13,3,4,3,101,59,42,13,0.5841584158415841,0.4158415841584158,0.019801980198019802,0.0297029702970297,0.12871287128712872,0.039603960396039604,0.009900990099009901,0.039603960396039604,0.12871287128712872,3,1.0,go,aws/aws-sdk-go,Validate
1,3,2,0,3,0,0,0,4,3,3,0,3,21,4,8,1,124,75,49,12,0.6048387096774194,0.3951612903225806,0.024193548387096774,0.024193548387096774,0.1693548387096774,0.06451612903225806,0.016129032258064516,0.06451612903225806,0.0967741935483871,4,3.0,go,lostisland/go-sawyer,DecodeFrom
1,1,3,0,6,0,0,0,2,7,7,0,6,33,7,8,5,227,139,88,15,0.6123348017621145,0.3876651982378855,0.02643171806167401,0.030837004405286344,0.14537444933920704,0.03524229074889868,0.013215859030837005,0.03524229074889868,0.06607929515418502,7,1.0,go,aws/aws-sdk-go,Validate
1,2,0,0,0,0,0,0,1,0,0,0,0,6,1,1,0,37,23,14,8,0.6216216216216216,0.3783783783783784,0.0,0.0,0.16216216216216217,0.02702702702702703,0.0,0.02702702702702703,0.21621621621621623,1,2.0,go,go-playground/locales,MonthWide
1,4,5,0,6,0,0,0,7,7,7,0,6,51,7,17,1,271,172,99,10,0.6346863468634686,0.36531365313653136,0.02214022140221402,0.025830258302583026,0.1881918819188192,0.06273062730627306,0.01845018450184502,0.06273062730627306,0.03690036900369004,7,4.0,go,beeker1121/goque,Dequeue
1,5,1,0,0,0,0,0,1,4,4,0,0,19,1,3,0,100,62,38,8,0.62,0.38,0.0,0.04,0.19,0.03,0.01,0.03,0.08,1,5.0,go,aws/aws-sdk-go,PutConfigurationSetSendingOptionsWithContext
1,1,1,0,0,0,0,0,1,2,2,1,0,10,1,3,0,61,35,26,8,0.5737704918032787,0.4262295081967213,0.0,0.03278688524590164,0.16393442622950818,0.04918032786885246,0.01639344262295082,0.04918032786885246,0.13114754098360656,1,1.0,go,docker/libnetwork,ReleaseAll
1,3,3,0,4,0,0,0,4,8,8,0,7,34,5,10,2,206,129,77,14,0.6262135922330098,0.3737864077669903,0.019417475728155338,0.038834951456310676,0.1650485436893204,0.04854368932038835,0.014563106796116505,0.04854368932038835,0.06796116504854369,5,3.0,go,juju/juju,getStdinPipe
1,1,0,0,1,0,0,0,2,0,0,0,3,7,2,2,1,54,32,22,10,0.5925925925925926,0.4074074074074074,0.018518518518518517,0.0,0.12962962962962962,0.037037037037037035,0.0,0.037037037037037035,0.18518518518518517,2,1.0,go,google/go-github,GetURL
1,1,1,0,1,0,0,0,2,2,2,0,1,9,2,4,0,59,34,25,9,0.576271186440678,0.423728813559322,0.01694915254237288,0.03389830508474576,0.15254237288135594,0.06779661016949153,0.01694915254237288,0.06779661016949153,0.15254237288135594,2,1.0,go,kidoman/embd,Wake
1,2,1,0,0,0,0,0,1,0,0,1,0,8,1,3,0,45,27,18,8,0.6,0.4,0.0,0.0,0.17777777777777778,0.06666666666666667,0.022222222222222223,0.06666666666666667,0.17777777777777778,1,2.0,go,AndrewBurian/powermux,Any
1,3,35,0,11,2,0,0,1,18,18,18,3,140,16,73,8,632,373,259,16,0.5901898734177216,0.4098101265822785,0.020569620253164556,0.028481012658227847,0.22151898734177214,0.11550632911392406,0.055379746835443035,0.11550632911392406,0.02531645569620253,14,3.0,go,kubernetes/kubernetes,ResourceConfigForPod
1,4,2,0,0,0,0,0,1,1,1,0,0,12,1,5,2,94,60,34,9,0.6382978723404256,0.3617021276595745,0.0,0.010638297872340425,0.1276595744680851,0.05319148936170213,0.02127659574468085,0.05319148936170213,0.09574468085106383,1,4.0,go,manifoldco/torus-cli,Get
1,3,1,0,1,0,0,0,2,4,4,0,1,19,2,4,0,89,56,33,10,0.6292134831460674,0.3707865168539326,0.011235955056179775,0.0449438202247191,0.21348314606741572,0.0449438202247191,0.011235955056179775,0.0449438202247191,0.11235955056179775,2,3.0,go,CapillarySoftware/goreport,dec_ref_int32
1,2,1,0,0,0,0,0,1,0,0,1,0,7,1,3,0,40,23,17,7,0.575,0.425,0.0,0.0,0.175,0.075,0.025,0.075,0.175,1,2.0,go,mafredri/cdp,SetClip
1,3,2,0,0,0,0,0,1,1,1,1,0,13,1,5,0,76,46,30,9,0.6052631578947368,0.39473684210526316,0.0,0.013157894736842105,0.17105263157894737,0.06578947368421052,0.02631578947368421,0.06578947368421052,0.11842105263157894,1,3.0,go,influxdata/influxdb,PutCellView
1,1,5,0,1,1,0,0,1,3,3,2,0,16,3,11,2,95,54,41,12,0.5684210526315789,0.43157894736842106,0.021052631578947368,0.031578947368421054,0.16842105263157894,0.11578947368421053,0.05263157894736842,0.11578947368421053,0.12631578947368421,3,1.0,go,Workiva/go-datastructures,Length
1,2,2,0,2,0,0,0,3,7,7,2,3,29,3,7,4,157,95,62,12,0.6050955414012739,0.39490445859872614,0.012738853503184714,0.044585987261146494,0.18471337579617833,0.044585987261146494,0.012738853503184714,0.044585987261146494,0.07643312101910828,3,2.0,go,kubernetes-retired/contrib,Unlock
1,2,0,0,0,0,0,0,1,3,3,0,0,20,1,1,1,94,65,29,14,0.6914893617021277,0.30851063829787234,0.0,0.031914893617021274,0.2127659574468085,0.010638297872340425,0.0,0.010638297872340425,0.14893617021276595,1,2.0,go,choria-io/go-choria,RegisterAgents
1,2,0,0,0,0,0,0,0,1,1,0,0,7,1,0,0,38,23,15,8,0.6052631578947368,0.39473684210526316,0.0,0.02631578947368421,0.18421052631578946,0.0,0.0,0.0,0.21052631578947367,1,2.0,go,hyperledger/fabric-sdk-go,Unregister
1,1,1,0,0,1,0,0,0,10,10,0,0,32,2,3,6,171,107,64,12,0.6257309941520468,0.3742690058479532,0.005847953216374269,0.05847953216374269,0.1871345029239766,0.017543859649122806,0.005847953216374269,0.017543859649122806,0.07017543859649122,2,1.0,go,vitessio/vitess,Close
1,2,3,0,3,0,0,0,1,12,12,0,3,45,4,6,12,305,185,120,17,0.6065573770491803,0.39344262295081966,0.009836065573770493,0.03934426229508197,0.14754098360655737,0.019672131147540985,0.009836065573770493,0.019672131147540985,0.05573770491803279,4,2.0,go,intelsdi-x/snap,SelectAndKill
1,1,0,0,0,0,0,0,1,2,2,0,0,10,1,1,0,52,31,21,8,0.5961538461538461,0.40384615384615385,0.0,0.038461538461538464,0.19230769230769232,0.019230769230769232,0.0,0.019230769230769232,0.15384615384615385,1,1.0,go,vitessio/vitess,TopoChecksum
1,1,3,0,3,1,0,0,1,6,6,3,0,24,6,7,8,158,102,56,17,0.6455696202531646,0.35443037974683544,0.02531645569620253,0.0379746835443038,0.1518987341772152,0.04430379746835443,0.0189873417721519,0.04430379746835443,0.10759493670886076,5,1.0,go,lytics/cloudstorage,CleanETag
1,2,0,0,0,0,0,0,1,1,1,0,0,10,1,1,0,53,34,19,8,0.6415094339622641,0.3584905660377358,0.0,0.018867924528301886,0.18867924528301888,0.018867924528301886,0.0,0.018867924528301886,0.1509433962264151,1,2.0,go,issue9/assert,False
1,3,0,0,0,0,0,0,1,2,2,0,0,15,1,1,0,77,45,32,12,0.5844155844155844,0.4155844155844156,0.0,0.025974025974025976,0.19480519480519481,0.012987012987012988,0.0,0.012987012987012988,0.15584415584415584,1,3.0,go,muesli/beehive,NewLogMessage
1,6,0,0,0,0,0,0,1,1,1,0,0,12,1,1,0,95,66,29,10,0.6947368421052632,0.30526315789473685,0.0,0.010526315789473684,0.12631578947368421,0.010526315789473684,0.0,0.010526315789473684,0.10526315789473684,1,6.0,go,tsuna/gohbase,NewPutStr
1,2,1,0,0,0,0,0,1,0,0,1,0,7,1,3,0,40,23,17,7,0.575,0.425,0.0,0.0,0.175,0.075,0.025,0.075,0.175,1,2.0,go,aws/aws-sdk-go,SetDelimiter
1,2,0,0,0,0,0,0,1,1,1,0,0,11,1,1,4,90,58,32,14,0.6444444444444445,0.35555555555555557,0.0,0.011111111111111112,0.12222222222222222,0.011111111111111112,0.0,0.011111111111111112,0.15555555555555556,1,2.0,go,benbjohnson/phantomjs,SetFrameContent
1,4,3,1,1,0,0,0,2,3,3,1,4,36,2,7,4,194,126,68,11,0.6494845360824743,0.35051546391752575,0.005154639175257732,0.015463917525773196,0.18556701030927836,0.03608247422680412,0.015463917525773196,0.03608247422680412,0.05670103092783505,2,4.0,go,xo/xo,PgLargeobjectMetadatumByOid
1,2,0,0,0,0,0,0,1,0,0,0,0,6,1,1,0,37,23,14,8,0.6216216216216216,0.3783783783783784,0.0,0.0,0.16216216216216217,0.02702702702702703,0.0,0.02702702702702703,0.21621621621621623,1,2.0,go,go-playground/locales,MonthWide
1,2,1,0,0,0,0,0,1,0,0,1,0,7,1,3,0,40,23,17,7,0.575,0.425,0.0,0.0,0.175,0.075,0.025,0.075,0.175,1,2.0,go,aws/aws-sdk-go,SetNextToken
1,4,2,0,2,0,0,0,3,7,7,0,1,34,3,7,2,167,110,57,13,0.6586826347305389,0.3413173652694611,0.011976047904191617,0.041916167664670656,0.20359281437125748,0.041916167664670656,0.011976047904191617,0.041916167664670656,0.07784431137724551,3,4.0,go,kubernetes/kubernetes,maxRequestConstraint
1,3,2,0,1,0,0,0,2,3,3,0,1,28,2,6,0,131,82,49,13,0.6259541984732825,0.37404580152671757,0.007633587786259542,0.022900763358778626,0.21374045801526717,0.04580152671755725,0.015267175572519083,0.04580152671755725,0.09923664122137404,2,3.0,go,tideland/golib,newResp
1,1,2,0,0,0,0,0,1,1,1,1,0,8,1,5,0,46,26,20,8,0.5652173913043478,0.43478260869565216,0.0,0.021739130434782608,0.17391304347826086,0.10869565217391304,0.043478260869565216,0.10869565217391304,0.17391304347826086,1,1.0,go,atdiar/sac,NewFromPool
1,3,9,0,4,0,0,0,4,8,8,2,4,51,5,22,4,279,174,105,10,0.6236559139784946,0.3763440860215054,0.014336917562724014,0.02867383512544803,0.1827956989247312,0.07885304659498207,0.03225806451612903,0.07885304659498207,0.035842293906810034,5,3.0,go,russellcardullo/go-pingdom,List
1,2,0,0,1,0,0,0,2,0,0,0,0,16,3,2,0,105,59,46,17,0.5619047619047619,0.4380952380952381,0.009523809523809525,0.0,0.1523809523809524,0.01904761904761905,0.0,0.01904761904761905,0.1619047619047619,2,2.0,go,revel/revel,ValidationResult
1,4,4,0,1,0,0,0,1,2,2,3,1,28,2,8,2,164,98,66,12,0.5975609756097561,0.4024390243902439,0.006097560975609756,0.012195121951219513,0.17073170731707318,0.04878048780487805,0.024390243902439025,0.04878048780487805,0.07317073170731707,2,4.0,go,aws/aws-sdk-go,DeleteApiRequest
1,3,5,0,5,1,0,0,4,15,15,0,4,58,7,11,4,281,174,107,14,0.6192170818505338,0.3807829181494662,0.021352313167259787,0.05338078291814947,0.20640569395017794,0.03914590747330961,0.017793594306049824,0.03914590747330961,0.0498220640569395,7,3.0,go,kubernetes/kubernetes,replenishQuota
1,1,2,0,3,0,0,0,2,2,2,0,6,21,4,6,6,124,77,47,16,0.6209677419354839,0.3790322580645161,0.024193548387096774,0.016129032258064516,0.1693548387096774,0.04838709677419355,0.016129032258064516,0.04838709677419355,0.12903225806451613,4,1.0,go,ligato/cn-infra,GetPort
1,2,1,0,0,0,0,0,1,0,0,1,0,7,1,3,0,40,23,17,7,0.575,0.425,0.0,0.0,0.175,0.075,0.025,0.075,0.175,1,2.0,go,aws/aws-sdk-go,SetRoleAlias
1,4,4,0,1,0,0,0,1,1,1,3,1,19,2,8,2,137,80,57,12,0.583941605839416,0.41605839416058393,0.0072992700729927005,0.0072992700729927005,0.1386861313868613,0.058394160583941604,0.029197080291970802,0.058394160583941604,0.08759124087591241,2,4.0,go,aws/aws-sdk-go,ListInstanceProfilesRequest
1,4,1,0,0,0,0,0,1,2,2,0,0,11,1,3,0,63,38,25,8,0.6031746031746031,0.3968253968253968,0.0,0.031746031746031744,0.1746031746031746,0.047619047619047616,0.015873015873015872,0.047619047619047616,0.12698412698412698,1,4.0,go,aws/aws-sdk-go,GetPhoneNumber
1,4,8,0,4,0,0,0,4,13,13,3,3,72,6,20,10,399,242,157,18,0.606516290726817,0.39348370927318294,0.010025062656641603,0.03258145363408521,0.18045112781954886,0.05012531328320802,0.020050125313283207,0.05012531328320802,0.045112781954887216,5,4.0,go,centrifugal/centrifugo,Unsubscribe
1,5,1,0,1,0,0,0,2,1,1,0,1,12,2,4,0,88,55,33,10,0.625,0.375,0.011363636363636364,0.011363636363636364,0.13636363636363635,0.045454545454545456,0.011363636363636364,0.045454545454545456,0.11363636363636363,2,5.0,go,luci/luci-go,CreateMachine
1,4,0,0,0,0,0,0,1,3,3,0,0,21,2,1,1,106,66,40,18,0.6226415094339622,0.37735849056603776,0.0,0.02830188679245283,0.19811320754716982,0.009433962264150943,0.0,0.009433962264150943,0.16981132075471697,1,4.0,go,dop251/goja,DefineDataProperty
1,2,1,0,1,0,0,0,1,3,3,1,1,11,2,3,1,66,40,26,12,0.6060606060606061,0.3939393939393939,0.015151515151515152,0.045454545454545456,0.16666666666666666,0.045454545454545456,0.015151515151515152,0.045454545454545456,0.18181818181818182,2,2.0,go,cilium/cilium,Error
1,2,1,0,0,0,0,0,1,0,0,1,0,7,1,3,0,40,23,17,7,0.575,0.425,0.0,0.0,0.175,0.075,0.025,0.075,0.175,1,2.0,go,aws/aws-sdk-go,SetAutoScalingRoleArn
1,0,4,0,3,0,0,0,1,8,8,1,2,36,4,9,3,183,110,73,14,0.6010928961748634,0.3989071038251366,0.01639344262295082,0.04371584699453552,0.19672131147540983,0.04918032786885246,0.02185792349726776,0.04918032786885246,0.07650273224043716,4,0.0,go,vitessio/vitess,interceptors
1,2,0,0,0,0,0,0,1,1,1,0,0,10,1,1,0,44,29,15,9,0.6590909090909091,0.3409090909090909,0.0,0.022727272727272728,0.22727272727272727,0.022727272727272728,0.0,0.022727272727272728,0.20454545454545456,1,2.0,go,scgolang/sc,Amclip
1,2,1,0,0,0,0,0,1,0,0,1,0,7,1,3,0,43,25,18,7,0.5813953488372093,0.4186046511627907,0.0,0.0,0.16279069767441862,0.06976744186046512,0.023255813953488372,0.06976744186046512,0.16279069767441862,1,2.0,go,aws/aws-sdk-go,SetWarnings
1,1,0,0,1,0,0,0,0,1,1,0,2,16,2,0,0,66,41,25,12,0.6212121212121212,0.3787878787878788,0.015151515151515152,0.015151515151515152,0.24242424242424243,0.0,0.0,0.0,0.18181818181818182,2,1.0,go,henrylee2cn/pholcus,TryFlushSuccess
1,5,1,0,0,0,0,0,1,4,4,0,0,19,1,3,0,100,62,38,8,0.62,0.38,0.0,0.04,0.19,0.03,0.01,0.03,0.08,1,5.0,go,aws/aws-sdk-go,GetFieldLevelEncryptionWithContext
1,1,2,0,1,2,0,0,1,6,6,1,0,26,4,7,1,132,85,47,17,0.6439393939393939,0.3560606060606061,0.022727272727272728,0.045454545454545456,0.19696969696969696,0.05303030303030303,0.015151515151515152,0.05303030303030303,0.12878787878787878,4,1.0,go,tendermint/tendermint,intersect
1,12,0,0,0,0,0,0,4,3,3,0,0,18,4,4,0,143,91,52,27,0.6363636363636364,0.36363636363636365,0.0,0.02097902097902098,0.1258741258741259,0.027972027972027972,0.0,0.027972027972027972,0.1888111888111888,1,12.0,go,mesosphere/mesos-dns,NewStateLoader
1,6,13,1,5,1,0,0,2,11,11,6,4,80,7,27,0,393,242,151,22,0.6157760814249363,0.3842239185750636,0.015267175572519083,0.027989821882951654,0.2035623409669211,0.06870229007633588,0.03307888040712468,0.06870229007633588,0.05597964376590331,7,6.0,go,juju/juju,CharmURL
1,5,0,0,1,0,0,0,2,1,1,0,1,9,2,2,4,71,45,26,10,0.6338028169014085,0.36619718309859156,0.014084507042253521,0.014084507042253521,0.1267605633802817,0.028169014084507043,0.0,0.028169014084507043,0.14084507042253522,2,5.0,go,control-center/serviced,AllowRetry
1,1,14,1,1,1,0,1,1,3,3,10,3,41,4,37,6,280,166,114,16,0.5928571428571429,0.40714285714285714,0.007142857142857143,0.010714285714285714,0.14642857142857144,0.13214285714285715,0.05,0.13214285714285715,0.05714285714285714,3,1.0,go,henrylee2cn/pholcus,FileNameReplace
1,1,5,0,2,1,0,1,3,13,13,1,2,60,5,16,8,338,206,132,17,0.6094674556213018,0.3905325443786982,0.008875739644970414,0.038461538461538464,0.17751479289940827,0.047337278106508875,0.014792899408284023,0.047337278106508875,0.05029585798816568,4,1.0,go,kubernetes/kubernetes,Serve
1,4,4,2,2,0,0,0,2,6,6,1,2,27,3,6,3,152,93,59,12,0.6118421052631579,0.3881578947368421,0.013157894736842105,0.039473684210526314,0.17763157894736842,0.039473684210526314,0.02631578947368421,0.039473684210526314,0.07894736842105263,3,4.0,go,libvirt/libvirt-go,GetMaxVcpus
1,5,1,0,1,0,0,0,2,3,3,0,1,18,2,4,0,99,63,36,11,0.6363636363636364,0.36363636363636365,0.010101010101010102,0.030303030303030304,0.18181818181818182,0.04040404040404041,0.010101010101010102,0.04040404040404041,0.1111111111111111,2,5.0,go,gravitational/teleport,CurrentClusterAccessPoint
1,3,2,0,0,0,0,0,1,1,1,0,0,10,1,5,2,68,41,27,9,0.6029411764705882,0.39705882352941174,0.0,0.014705882352941176,0.14705882352941177,0.07352941176470588,0.029411764705882353,0.07352941176470588,0.1323529411764706,1,3.0,go,luci/luci-go,ReadByte
1,2,1,0,0,0,0,0,1,0,0,1,0,7,1,3,0,40,23,17,7,0.575,0.425,0.0,0.0,0.175,0.075,0.025,0.075,0.175,1,2.0,go,aws/aws-sdk-go,SetId
1,4,3,1,2,0,0,0,3,3,3,0,2,21,3,7,1,129,80,49,10,0.6201550387596899,0.3798449612403101,0.015503875968992248,0.023255813953488372,0.16279069767441862,0.05426356589147287,0.023255813953488372,0.05426356589147287,0.07751937984496124,3,4.0,go,xanzy/go-cloudstack,ListAutoScalePolicies
1,4,6,2,2,2,0,0,3,10,10,2,2,44,5,13,3,263,170,93,13,0.6463878326996197,0.35361216730038025,0.015209125475285171,0.03802281368821293,0.16730038022813687,0.049429657794676805,0.022813688212927757,0.049429657794676805,0.049429657794676805,5,4.0,go,brocaar/loraserver,GetGatewaysForIDs
1,1,0,0,0,0,0,0,1,1,1,0,0,8,1,1,1,43,28,15,9,0.6511627906976745,0.3488372093023256,0.0,0.023255813953488372,0.18604651162790697,0.023255813953488372,0.0,0.023255813953488372,0.20930232558139536,1,1.0,go,mkideal/cli,ToString
1,1,0,0,1,0,0,0,2,0,0,0,3,7,2,2,1,54,32,22,10,0.5925925925925926,0.4074074074074074,0.018518518518518517,0.0,0.12962962962962962,0.037037037037037035,0.0,0.037037037037037035,0.18518518518518517,2,1.0,go,google/go-github,GetAssigneesURL
1,1,5,0,3,0,0,0,2,11,11,3,5,42,5,13,3,267,162,105,20,0.6067415730337079,0.39325842696629215,0.011235955056179775,0.04119850187265917,0.15730337078651685,0.04868913857677903,0.018726591760299626,0.04868913857677903,0.0749063670411985,4,1.0,go,mesos/mesos-go,Start
1,4,4,0,1,0,0,0,1,1,1,3,1,24,2,8,6,209,121,88,20,0.5789473684210527,0.42105263157894735,0.004784688995215311,0.004784688995215311,0.11483253588516747,0.03827751196172249,0.019138755980861243,0.03827751196172249,0.09569377990430622,2,4.0,go,aws/aws-sdk-go,ListMetricsRequest
1,1,1,0,1,0,0,0,2,2,2,0,0,12,2,4,1,67,40,27,9,0.5970149253731343,0.40298507462686567,0.014925373134328358,0.029850746268656716,0.1791044776119403,0.05970149253731343,0.014925373134328358,0.05970149253731343,0.13432835820895522,2,1.0,go,hyperledger/fabric-sdk-go,SecurityAlgorithm
1,3,0,0,0,0,0,0,1,1,1,0,0,8,1,1,0,46,30,16,8,0.6521739130434783,0.34782608695652173,0.0,0.021739130434782608,0.17391304347826086,0.021739130434782608,0.0,0.021739130434782608,0.17391304347826086,1,3.0,go,kubernetes/kubernetes,Convert_kubeadm_ExternalEtcd_To_v1beta2_ExternalEtcd
1,2,1,0,0,0,0,0,1,0,0,1,0,7,1,3,0,40,23,17,7,0.575,0.425,0.0,0.0,0.175,0.075,0.025,0.075,0.175,1,2.0,go,aws/aws-sdk-go,SetName
1,1,0,0,1,0,0,0,2,0,0,0,3,7,2,2,0,56,33,23,11,0.5892857142857143,0.4107142857142857,0.017857142857142856,0.0,0.125,0.03571428571428571,0.0,0.03571428571428571,0.19642857142857142,2,1.0,go,google/go-github,GetCreatedAt
1,1,4,1,5,0,0,0,3,6,6,3,5,28,7,9,6,184,113,71,15,0.6141304347826086,0.3858695652173913,0.02717391304347826,0.03260869565217391,0.15217391304347827,0.04891304347826087,0.021739130434782608,0.04891304347826087,0.08152173913043478,6,1.0,go,olivere/elastic,Validate
1,5,1,0,3,0,0,0,5,10,10,0,3,34,5,7,5,223,140,83,22,0.6278026905829597,0.3721973094170404,0.013452914798206279,0.04484304932735426,0.15246636771300448,0.03139013452914798,0.004484304932735426,0.03139013452914798,0.09865470852017937,4,5.0,go,moby/moby,NoTasksForService
1,1,2,0,0,0,0,0,1,1,1,1,0,8,1,5,0,46,26,20,8,0.5652173913043478,0.43478260869565216,0.0,0.021739130434782608,0.17391304347826086,0.10869565217391304,0.043478260869565216,0.10869565217391304,0.17391304347826086,1,1.0,go,dropbox/dropbox-sdk-go-unofficial,NewPaperChangeDeploymentPolicyDetails
1,4,9,1,4,1,0,0,1,11,11,6,8,52,7,18,10,290,178,112,17,0.6137931034482759,0.38620689655172413,0.017241379310344827,0.03793103448275862,0.1793103448275862,0.06206896551724138,0.03103448275862069,0.06206896551724138,0.05862068965517241,6,4.0,go,keybase/client,Write
1,3,0,0,0,0,0,0,1,6,6,0,0,11,1,1,0,71,43,28,14,0.6056338028169014,0.39436619718309857,0.0,0.08450704225352113,0.15492957746478872,0.014084507042253521,0.0,0.014084507042253521,0.19718309859154928,1,3.0,go,juju/juju,NewCredentialValidatorAPI
1,14,0,0,0,0,0,0,1,4,4,0,0,16,1,1,0,179,114,65,12,0.6368715083798883,0.36312849162011174,0.0,0.0223463687150838,0.0893854748603352,0.00558659217877095,0.0,0.00558659217877095,0.0670391061452514,1,14.0,go,google/go-genproto,XXX_OneofFuncs
1,2,8,0,0,0,0,1,1,0,0,8,0,13,1,17,8,199,122,77,10,0.6130653266331658,0.3869346733668342,0.0,0.0,0.06532663316582915,0.08542713567839195,0.04020100502512563,0.08542713567839195,0.05025125628140704,1,2.0,go,pkg/sftp,requestMethod
1,2,1,0,0,0,0,0,1,0,0,1,0,7,1,3,0,36,21,15,7,0.5833333333333334,0.4166666666666667,0.0,0.0,0.19444444444444445,0.08333333333333333,0.027777777777777776,0.08333333333333333,0.19444444444444445,1,2.0,go,quorumsco/elastic,BoostFactor
1,5,0,0,2,0,0,0,2,14,14,0,1,38,6,1,3,247,151,96,32,0.611336032388664,0.38866396761133604,0.008097165991902834,0.05668016194331984,0.15384615384615385,0.004048582995951417,0.0,0.004048582995951417,0.12955465587044535,3,5.0,go,keybase/client,HandleFavoritesChanged
1,2,1,0,0,0,0,0,1,0,0,1,0,7,1,3,0,40,23,17,7,0.575,0.425,0.0,0.0,0.175,0.075,0.025,0.075,0.175,1,2.0,go,aws/aws-sdk-go,SetEngine
1,4,3,0,0,0,0,0,1,1,1,0,0,17,1,7,3,109,72,37,9,0.6605504587155964,0.3394495412844037,0.0,0.009174311926605505,0.1559633027522936,0.06422018348623854,0.027522935779816515,0.06422018348623854,0.08256880733944955,1,4.0,go,juju/juju,PrepareContainerInterfaceInfo
1,4,8,0,4,0,0,0,4,9,9,4,4,37,5,20,10,226,138,88,11,0.6106194690265486,0.3893805309734513,0.017699115044247787,0.03982300884955752,0.16371681415929204,0.08849557522123894,0.035398230088495575,0.08849557522123894,0.048672566371681415,5,4.0,go,uber-go/dosa,parseTTLTag
1,2,1,0,0,0,0,0,1,0,0,1,0,7,1,3,0,43,25,18,7,0.5813953488372093,0.4186046511627907,0.0,0.0,0.16279069767441862,0.06976744186046512,0.023255813953488372,0.06976744186046512,0.16279069767441862,1,2.0,go,aws/aws-sdk-go,SetCreatedTime
1,3,0,0,0,0,0,0,1,1,1,0,0,15,1,1,2,82,56,26,11,0.6829268292682927,0.3170731707317073,0.0,0.012195121951219513,0.18292682926829268,0.012195121951219513,0.0,0.012195121951219513,0.13414634146341464,1,3.0,go,vitessio/vitess,GenerateDeleteSubquery
1,4,3,0,1,0,0,0,2,1,1,0,1,22,2,8,0,105,64,41,10,0.6095238095238096,0.3904761904761905,0.009523809523809525,0.009523809523809525,0.20952380952380953,0.0761904761904762,0.02857142857142857,0.0761904761904762,0.09523809523809523,2,4.0,go,go-kit/kit,DeleteAddress
1,2,5,0,0,0,0,0,2,0,0,3,0,24,2,12,0,126,72,54,13,0.5714285714285714,0.42857142857142855,0.0,0.0,0.19047619047619047,0.09523809523809523,0.03968253968253968,0.09523809523809523,0.10317460317460317,1,2.0,go,koding/websocketproxy,NewProxy
1,2,5,0,2,1,0,1,1,3,3,5,4,24,4,13,8,161,96,65,16,0.5962732919254659,0.40372670807453415,0.018633540372670808,0.018633540372670808,0.14906832298136646,0.08074534161490683,0.031055900621118012,0.08074534161490683,0.09937888198757763,4,2.0,go,obieq/goar,processSorts
1,4,3,3,1,0,0,0,2,3,3,2,1,23,2,6,1,123,78,45,12,0.6341463414634146,0.36585365853658536,0.008130081300813009,0.024390243902439025,0.18699186991869918,0.04878048780487805,0.024390243902439025,0.04878048780487805,0.0975609756097561,2,4.0,go,grafana-tools/sdk,DeleteDatasourceByName
1,1,6,1,3,0,0,0,1,3,3,4,3,27,4,11,1,138,81,57,12,0.5869565217391305,0.41304347826086957,0.021739130434782608,0.021739130434782608,0.1956521739130435,0.07971014492753623,0.043478260869565216,0.07971014492753623,0.08695652173913043,4,1.0,go,perkeep/perkeep,closePack
1,1,4,0,1,1,0,1,1,1,1,2,1,23,3,12,0,103,61,42,15,0.5922330097087378,0.4077669902912621,0.019417475728155338,0.009708737864077669,0.22330097087378642,0.11650485436893204,0.038834951456310676,0.11650485436893204,0.14563106796116504,3,1.0,go,hashicorp/terraform,ChangeType
1,3,1,0,0,0,0,0,1,60,60,0,0,168,1,3,3,630,405,225,12,0.6428571428571429,0.35714285714285715,0.0,0.09523809523809523,0.26666666666666666,0.004761904761904762,0.0015873015873015873,0.004761904761904762,0.01904761904761905,1,3.0,go,nak3/kubernetes-manifest-scanner,NewKubectlCommand
1,1,1,0,1,0,0,0,2,2,2,0,1,10,2,4,0,65,38,27,10,0.5846153846153846,0.4153846153846154,0.015384615384615385,0.03076923076923077,0.15384615384615385,0.06153846153846154,0.015384615384615385,0.06153846153846154,0.15384615384615385,2,1.0,go,flynn/flynn,Start
1,2,1,0,0,0,0,0,0,2,2,1,0,12,1,2,0,61,36,25,8,0.5901639344262295,0.4098360655737705,0.0,0.03278688524590164,0.19672131147540983,0.03278688524590164,0.01639344262295082,0.03278688524590164,0.13114754098360656,1,2.0,go,hashicorp/nomad,setNode
1,1,1,0,0,1,0,0,1,2,2,0,0,12,2,4,0,64,38,26,10,0.59375,0.40625,0.015625,0.03125,0.1875,0.0625,0.015625,0.0625,0.15625,2,1.0,go,bradleyjkemp/cupaloy,WithOptions
1,3,1,0,0,0,0,0,1,1,1,1,0,11,1,2,2,70,46,24,10,0.6571428571428571,0.34285714285714286,0.0,0.014285714285714285,0.15714285714285714,0.02857142857142857,0.014285714285714285,0.02857142857142857,0.14285714285714285,1,3.0,go,softlayer/softlayer-go,GetGlobalIpRecord
1,4,0,0,1,0,0,0,2,5,5,0,1,18,2,2,2,105,66,39,14,0.6285714285714286,0.37142857142857144,0.009523809523809525,0.047619047619047616,0.17142857142857143,0.01904761904761905,0.0,0.01904761904761905,0.13333333333333333,2,4.0,go,vitessio/vitess,Resolve
1,2,3,0,1,1,0,0,1,2,2,2,0,19,3,8,0,95,56,39,14,0.5894736842105263,0.4105263157894737,0.021052631578947368,0.021052631578947368,0.2,0.08421052631578947,0.031578947368421054,0.08421052631578947,0.14736842105263157,3,2.0,go,src-d/go-git,RemoveSection
1,2,1,0,0,0,0,0,1,0,0,1,0,7,1,3,0,40,23,17,7,0.575,0.425,0.0,0.0,0.175,0.075,0.025,0.075,0.175,1,2.0,go,aws/aws-sdk-go,SetPlatformStatus
1,1,0,0,0,0,0,0,1,1,1,0,0,8,1,1,0,45,27,18,8,0.6,0.4,0.0,0.022222222222222223,0.17777777777777778,0.022222222222222223,0.0,0.022222222222222223,0.17777777777777778,1,1.0,go,coscms/xorm,Distinct
1,2,1,0,0,0,0,0,1,0,0,1,0,7,1,3,0,40,23,17,7,0.575,0.425,0.0,0.0,0.175,0.075,0.025,0.075,0.175,1,2.0,go,aws/aws-sdk-go,SetWorkflowId
1,2,3,1,1,0,0,0,1,2,2,2,1,33,3,5,2,141,89,52,11,0.6312056737588653,0.36879432624113473,0.0070921985815602835,0.014184397163120567,0.23404255319148937,0.03546099290780142,0.02127659574468085,0.03546099290780142,0.07801418439716312,2,2.0,go,go-openapi/errors,NewParseError
1,4,0,0,0,0,0,0,2,2,2,0,0,14,2,2,0,78,50,28,15,0.6410256410256411,0.358974358974359,0.0,0.02564102564102564,0.1794871794871795,0.02564102564102564,0.0,0.02564102564102564,0.19230769230769232,1,4.0,go,influxdata/influxdb,DeleteTelegrafConfig
1,2,1,0,0,0,0,0,1,0,0,1,0,7,1,3,0,40,23,17,7,0.575,0.425,0.0,0.0,0.175,0.075,0.025,0.075,0.175,1,2.0,go,aws/aws-sdk-go,SetRefreshTokenValidity
1,2,3,0,0,0,0,0,1,1,1,2,0,12,1,7,0,61,35,26,8,0.5737704918032787,0.4262295081967213,0.0,0.01639344262295082,0.19672131147540983,0.11475409836065574,0.04918032786885246,0.11475409836065574,0.13114754098360656,1,2.0,go,dropbox/dropbox-sdk-go-unofficial,NewAddPaperDocUserMemberResult
1,2,0,0,0,0,0,0,1,2,2,0,0,9,1,1,0,56,36,20,10,0.6428571428571429,0.35714285714285715,0.0,0.03571428571428571,0.16071428571428573,0.017857142857142856,0.0,0.017857142857142856,0.17857142857142858,1,2.0,go,tyler-sommer/stick,filterTrim
1,1,1,0,1,0,0,0,2,1,1,0,0,9,2,4,1,64,41,23,12,0.640625,0.359375,0.015625,0.015625,0.140625,0.0625,0.015625,0.0625,0.1875,2,1.0,go,juju/juju,Validate
1,2,3,0,3,1,0,0,0,5,5,2,3,32,5,7,0,157,94,63,15,0.5987261146496815,0.4012738853503185,0.025477707006369428,0.03184713375796178,0.20382165605095542,0.044585987261146494,0.01910828025477707,0.044585987261146494,0.09554140127388536,5,2.0,go,cilium/cilium,SetDefaultOpts
1,2,6,0,2,0,0,0,3,3,3,2,2,23,3,15,0,146,84,62,12,0.5753424657534246,0.4246575342465753,0.0136986301369863,0.02054794520547945,0.15753424657534246,0.10273972602739725,0.0410958904109589,0.10273972602739725,0.0821917808219178,3,2.0,go,crewjam/go-cloudformation,UnmarshalJSON
1,1,5,0,5,0,0,0,2,8,8,4,0,38,6,12,0,171,104,67,11,0.6081871345029239,0.391812865497076,0.029239766081871343,0.04678362573099415,0.2222222222222222,0.07017543859649122,0.029239766081871343,0.07017543859649122,0.06432748538011696,6,1.0,go,cloudfoundry/gorouter,HeadersToLog
1,6,5,2,6,0,0,0,6,4,4,0,5,39,7,12,3,234,154,80,15,0.6581196581196581,0.3418803418803419,0.02564102564102564,0.017094017094017096,0.16666666666666666,0.05128205128205128,0.021367521367521368,0.05128205128205128,0.0641025641025641,7,6.0,go,google/skylark,getattr
1,6,3,0,1,0,0,0,1,3,3,1,1,26,2,7,2,130,87,43,12,0.6692307692307692,0.33076923076923076,0.007692307692307693,0.023076923076923078,0.2,0.05384615384615385,0.023076923076923078,0.05384615384615385,0.09230769230769231,2,6.0,go,mattbaird/elastigo,GetSource
1,4,0,0,0,2,0,0,0,1,1,0,2,18,3,2,0,84,55,29,14,0.6547619047619048,0.34523809523809523,0.023809523809523808,0.011904761904761904,0.21428571428571427,0.023809523809523808,0.0,0.023809523809523808,0.16666666666666666,3,4.0,go,skip2/go-qrcode,set2dPattern
1,3,0,0,0,0,0,0,1,1,1,0,0,8,1,1,0,49,32,17,8,0.6530612244897959,0.3469387755102041,0.0,0.02040816326530612,0.16326530612244897,0.02040816326530612,0.0,0.02040816326530612,0.16326530612244897,1,3.0,go,kubernetes/kubernetes,Convert_v1_NodeProxyOptions_To_core_NodeProxyOptions
1,2,6,0,3,0,0,0,3,5,5,2,2,32,4,15,0,162,95,67,11,0.5864197530864198,0.41358024691358025,0.018518518518518517,0.030864197530864196,0.19753086419753085,0.09259259259259259,0.037037037037037035,0.09259259259259259,0.06790123456790123,4,2.0,go,tobischo/gokeepasslib,SetContent
1,2,5,0,3,0,0,1,6,7,7,2,3,39,4,19,5,217,131,86,12,0.6036866359447005,0.39631336405529954,0.013824884792626729,0.03225806451612903,0.17972350230414746,0.08755760368663594,0.02304147465437788,0.08755760368663594,0.055299539170506916,4,2.0,go,hyperboloide/pipe,AddStep
1,2,0,0,0,0,0,0,1,1,1,0,0,6,1,1,1,43,27,16,9,0.627906976744186,0.37209302325581395,0.0,0.023255813953488372,0.13953488372093023,0.023255813953488372,0.0,0.023255813953488372,0.20930232558139536,1,2.0,go,andygrunwald/megos,GetURLForStateSummaryFilePid
1,0,2,1,1,1,0,0,2,0,0,1,1,10,3,6,3,63,37,26,12,0.5873015873015873,0.4126984126984127,0.031746031746031744,0.0,0.15873015873015872,0.09523809523809523,0.031746031746031744,0.09523809523809523,0.19047619047619047,3,0.0,go,influx6/haiku-deprecated,allEmpty
1,2,4,0,2,0,0,0,3,1,1,3,2,24,3,11,0,102,60,42,10,0.5882352941176471,0.4117647058823529,0.0196078431372549,0.00980392156862745,0.23529411764705882,0.10784313725490197,0.0392156862745098,0.10784313725490197,0.09803921568627451,3,2.0,go,m3db/m3x,Add
1,1,2,0,1,0,0,0,1,3,3,1,2,26,2,5,2,118,76,42,10,0.6440677966101694,0.3559322033898305,0.00847457627118644,0.025423728813559324,0.22033898305084745,0.0423728813559322,0.01694915254237288,0.0423728813559322,0.0847457627118644,2,1.0,go,aws/aws-sdk-go,New
1,2,6,2,2,0,0,0,3,3,3,2,2,24,3,11,0,130,77,53,10,0.5923076923076923,0.4076923076923077,0.015384615384615385,0.023076923076923078,0.18461538461538463,0.08461538461538462,0.046153846153846156,0.08461538461538462,0.07692307692307693,3,2.0,go,kubernetes/kops,UnmarshalJSON
1,2,1,0,0,0,0,0,1,0,0,1,0,7,1,3,0,40,23,17,7,0.575,0.425,0.0,0.0,0.175,0.075,0.025,0.075,0.175,1,2.0,go,aws/aws-sdk-go,SetIfMatch
1,20,18,1,8,0,0,0,8,27,27,8,5,134,13,42,8,782,489,293,23,0.6253196930946292,0.37468030690537085,0.010230179028132993,0.034526854219948847,0.17135549872122763,0.05370843989769821,0.023017902813299233,0.05370843989769821,0.029411764705882353,9,20.0,go,juju/juju,publicControllerLogin
1,5,14,1,10,1,0,0,2,16,16,11,39,93,17,28,20,527,326,201,24,0.618595825426945,0.38140417457305503,0.020872865275142316,0.030360531309297913,0.17647058823529413,0.05313092979127135,0.026565464895635674,0.05313092979127135,0.04554079696394687,12,5.0,go,webx-top/com,RandomSpec0
1,2,1,0,0,0,0,0,1,0,0,1,0,7,1,3,0,40,23,17,7,0.575,0.425,0.0,0.0,0.175,0.075,0.025,0.075,0.175,1,2.0,go,aws/aws-sdk-go,SetPageSize
1,1,1,0,1,0,0,0,2,1,1,0,0,9,2,4,0,60,36,24,9,0.6,0.4,0.016666666666666666,0.016666666666666666,0.15,0.06666666666666667,0.016666666666666666,0.06666666666666667,0.15,2,1.0,go,abbot/go-http-auth,FromContext
1,1,0,0,0,0,0,0,1,3,3,0,0,11,1,1,0,62,37,25,9,0.5967741935483871,0.4032258064516129,0.0,0.04838709677419355,0.1774193548387097,0.016129032258064516,0.0,0.016129032258064516,0.14516129032258066,1,1.0,go,casbin/casbin,GetAllRoles
1,1,1,0,0,0,0,0,1,4,4,0,0,14,1,3,7,91,61,30,9,0.6703296703296703,0.32967032967032966,0.0,0.04395604395604396,0.15384615384615385,0.03296703296703297,0.01098901098901099,0.03296703296703297,0.0989010989010989,1,1.0,go,kubernetes/kops,applyChannel
1,4,0,0,0,0,0,0,1,1,1,0,0,9,1,1,0,45,29,16,8,0.6444444444444445,0.35555555555555557,0.0,0.022222222222222223,0.2,0.022222222222222223,0.0,0.022222222222222223,0.17777777777777778,1,4.0,go,containerd/continuity,Readlink
1,5,7,1,7,1,0,0,7,10,10,2,5,65,9,20,7,326,202,124,16,0.6196319018404908,0.3803680981595092,0.024539877300613498,0.03067484662576687,0.19938650306748465,0.06134969325153374,0.02147239263803681,0.06134969325153374,0.049079754601226995,9,5.0,go,keybase/client,ChangeAccountName
1,2,1,0,0,0,0,0,1,0,0,1,0,7,1,3,0,40,23,17,7,0.575,0.425,0.0,0.0,0.175,0.075,0.025,0.075,0.175,1,2.0,go,aws/aws-sdk-go,SetMinIInterval
1,2,1,0,0,0,0,0,1,0,0,1,0,7,1,3,0,40,23,17,7,0.575,0.425,0.0,0.0,0.175,0.075,0.025,0.075,0.175,1,2.0,go,aws/aws-sdk-go,SetPublishedSchemaArn
1,4,0,0,0,0,0,0,1,1,1,0,0,5,1,1,0,47,29,18,8,0.6170212765957447,0.3829787234042553,0.0,0.02127659574468085,0.10638297872340426,0.02127659574468085,0.0,0.02127659574468085,0.1702127659574468,1,4.0,go,bxcodec/faker,Email
1,5,2,0,0,0,0,0,2,7,7,0,0,44,2,6,0,201,129,72,22,0.6417910447761194,0.3582089552238806,0.0,0.03482587064676617,0.21890547263681592,0.029850746268656716,0.009950248756218905,0.029850746268656716,0.10945273631840796,1,5.0,go,vitessio/vitess,StreamExecuteKeyRanges
1,2,1,0,0,0,0,0,1,0,0,1,0,7,1,3,0,40,23,17,7,0.575,0.425,0.0,0.0,0.175,0.075,0.025,0.075,0.175,1,2.0,go,aws/aws-sdk-go,SetMaxRecords
1,5,1,0,0,0,0,0,1,4,4,0,0,19,1,3,0,100,62,38,8,0.62,0.38,0.0,0.04,0.19,0.03,0.01,0.03,0.08,1,5.0,go,aws/aws-sdk-go,CreateRepositoryWithContext
1,2,2,0,0,0,0,0,1,2,2,0,0,20,1,5,2,109,68,41,10,0.6238532110091743,0.3761467889908257,0.0,0.01834862385321101,0.1834862385321101,0.045871559633027525,0.01834862385321101,0.045871559633027525,0.09174311926605505,1,2.0,go,nanopack/mist,handleWho
1,7,2,0,0,0,0,0,1,1,1,1,0,21,1,4,2,134,87,47,10,0.6492537313432836,0.35074626865671643,0.0,0.007462686567164179,0.15671641791044777,0.029850746268656716,0.014925373134328358,0.029850746268656716,0.07462686567164178,1,7.0,go,softlayer/softlayer-go,GetSummaryData
1,5,4,0,2,0,0,1,4,6,6,0,2,32,3,13,1,181,113,68,13,0.6243093922651933,0.3756906077348066,0.011049723756906077,0.03314917127071823,0.17679558011049723,0.0718232044198895,0.022099447513812154,0.0718232044198895,0.0718232044198895,3,5.0,go,thecodeteam/gorackhd,ReadResponse
1,3,3,0,2,0,0,0,3,7,7,0,2,31,3,9,7,163,107,56,14,0.656441717791411,0.34355828220858897,0.012269938650306749,0.04294478527607362,0.1901840490797546,0.05521472392638037,0.018404907975460124,0.05521472392638037,0.08588957055214724,3,3.0,go,keybase/client,GetExecPathFromPID
1,2,1,0,0,0,0,0,1,2,2,1,0,14,1,3,0,82,50,32,13,0.6097560975609756,0.3902439024390244,0.0,0.024390243902439025,0.17073170731707318,0.036585365853658534,0.012195121951219513,0.036585365853658534,0.15853658536585366,1,2.0,go,contiv/netplugin,addMaster
1,4,4,0,1,0,0,0,1,1,1,3,1,19,2,8,2,137,80,57,12,0.583941605839416,0.41605839416058393,0.0072992700729927005,0.0072992700729927005,0.1386861313868613,0.058394160583941604,0.029197080291970802,0.058394160583941604,0.08759124087591241,2,4.0,go,aws/aws-sdk-go,DeleteVoiceChannelRequest
1,4,5,0,6,0,0,0,6,8,8,1,7,46,7,16,6,247,153,94,11,0.6194331983805668,0.3805668016194332,0.024291497975708502,0.032388663967611336,0.1862348178137652,0.06477732793522267,0.020242914979757085,0.06477732793522267,0.044534412955465584,7,4.0,go,markbates/goth,GetAuthURL
1,4,4,0,1,0,0,0,1,1,1,3,1,19,2,8,2,137,80,57,12,0.583941605839416,0.41605839416058393,0.0072992700729927005,0.0072992700729927005,0.1386861313868613,0.058394160583941604,0.029197080291970802,0.058394160583941604,0.08759124087591241,2,4.0,go,aws/aws-sdk-go,GetFunctionDefinitionRequest
1,6,2,0,0,0,0,0,2,2,2,2,0,20,2,6,0,103,65,38,15,0.6310679611650486,0.36893203883495146,0.0,0.019417475728155338,0.1941747572815534,0.05825242718446602,0.019417475728155338,0.05825242718446602,0.14563106796116504,1,6.0,go,juju/juju,ControllerInstances
1,1,3,0,1,0,0,0,2,4,4,0,9,30,2,8,8,147,95,52,11,0.6462585034013606,0.35374149659863946,0.006802721088435374,0.027210884353741496,0.20408163265306123,0.05442176870748299,0.02040816326530612,0.05442176870748299,0.07482993197278912,2,1.0,go,twpayne/go-geom,Distance
1,2,1,0,0,0,0,0,1,0,0,1,0,7,1,3,0,38,22,16,7,0.5789473684210527,0.42105263157894735,0.0,0.0,0.18421052631578946,0.07894736842105263,0.02631578947368421,0.07894736842105263,0.18421052631578946,1,2.0,go,olivere/elastic,VersionType
1,4,1,0,0,0,0,0,1,2,2,0,0,14,1,3,0,72,45,27,7,0.625,0.375,0.0,0.027777777777777776,0.19444444444444445,0.041666666666666664,0.013888888888888888,0.041666666666666664,0.09722222222222222,1,4.0,go,nats-io/nats-streaming-server,FirstAndLastSequence
1,6,2,0,1,1,0,0,1,4,4,0,0,21,4,5,0,137,83,54,18,0.6058394160583942,0.39416058394160586,0.014598540145985401,0.029197080291970802,0.15328467153284672,0.0364963503649635,0.014598540145985401,0.0364963503649635,0.13138686131386862,3,6.0,go,pebbe/zmq4,AddChannelTime
1,1,24,1,2,2,0,0,1,16,16,20,22,110,6,47,12,427,262,165,16,0.6135831381733021,0.3864168618266979,0.00936768149882904,0.03747072599531616,0.2576112412177986,0.11007025761124122,0.05620608899297424,0.11007025761124122,0.03747072599531616,5,1.0,go,cespare/xxhash,Sum64
1,2,0,0,0,0,0,0,1,2,2,0,0,7,1,1,0,45,27,18,10,0.6,0.4,0.0,0.044444444444444446,0.15555555555555556,0.022222222222222223,0.0,0.022222222222222223,0.2222222222222222,1,2.0,go,hprose/hprose-golang,IDList
1,1,19,0,8,0,0,0,1,37,37,17,43,103,17,39,44,596,369,227,36,0.6191275167785235,0.3808724832214765,0.013422818791946308,0.06208053691275168,0.17281879194630873,0.06543624161073826,0.031879194630872486,0.06543624161073826,0.06040268456375839,9,1.0,go,uluyol/hdrhist,encodeZigZag
1,4,4,0,1,0,0,0,1,2,2,3,1,28,2,8,2,164,98,66,12,0.5975609756097561,0.4024390243902439,0.006097560975609756,0.012195121951219513,0.17073170731707318,0.04878048780487805,0.024390243902439025,0.04878048780487805,0.07317073170731707,2,4.0,go,aws/aws-sdk-go,UntagProjectRequest
1,5,1,0,0,0,0,0,1,4,4,0,0,19,1,3,0,100,62,38,8,0.62,0.38,0.0,0.04,0.19,0.03,0.01,0.03,0.08,1,5.0,go,aws/aws-sdk-go,ListCompatibleImagesWithContext
1,6,1,0,1,0,0,0,2,2,2,0,1,25,2,4,0,139,93,46,11,0.6690647482014388,0.33093525179856115,0.007194244604316547,0.014388489208633094,0.17985611510791366,0.02877697841726619,0.007194244604316547,0.02877697841726619,0.07913669064748201,2,6.0,go,kubernetes/kops,Patch
1,4,4,0,1,0,0,0,1,2,2,3,1,28,2,8,2,164,98,66,12,0.5975609756097561,0.4024390243902439,0.006097560975609756,0.012195121951219513,0.17073170731707318,0.04878048780487805,0.024390243902439025,0.04878048780487805,0.07317073170731707,2,4.0,go,aws/aws-sdk-go,SetTagsForResourceRequest
1,2,1,0,0,0,0,0,1,0,0,1,0,7,1,3,0,40,23,17,7,0.575,0.425,0.0,0.0,0.175,0.075,0.025,0.075,0.175,1,2.0,go,aws/aws-sdk-go,SetFeedbackURL
1,5,5,1,1,0,0,0,1,4,4,2,0,23,3,9,2,135,84,51,12,0.6222222222222222,0.37777777777777777,0.007407407407407408,0.02962962962962963,0.17037037037037037,0.06666666666666667,0.037037037037037035,0.06666666666666667,0.08888888888888889,2,5.0,go,control-center/serviced,MigrateServices
1,2,1,0,0,0,0,0,1,0,0,1,0,7,1,3,0,40,23,17,7,0.575,0.425,0.0,0.0,0.175,0.075,0.025,0.075,0.175,1,2.0,go,aws/aws-sdk-go,SetSize
1,4,4,1,2,0,0,0,4,3,3,1,2,20,4,10,0,141,83,58,16,0.5886524822695035,0.41134751773049644,0.014184397163120567,0.02127659574468085,0.14184397163120568,0.07092198581560284,0.028368794326241134,0.07092198581560284,0.11347517730496454,3,4.0,go,lightningnetwork/lnd,GetLookoutTip
1,2,6,0,7,1,0,0,4,26,26,0,6,95,10,17,19,490,313,177,16,0.6387755102040816,0.36122448979591837,0.0163265306122449,0.053061224489795916,0.19387755102040816,0.03469387755102041,0.012244897959183673,0.03469387755102041,0.0326530612244898,9,2.0,go,control-center/serviced,Release
1,6,25,0,18,0,0,0,12,46,46,10,20,243,20,62,15,1150,744,406,18,0.6469565217391304,0.35304347826086957,0.01565217391304348,0.04,0.21130434782608695,0.05391304347826087,0.021739130434782608,0.05391304347826087,0.01565217391304348,19,6.0,go,kubernetes/kubernetes,RunPodSandbox
1,4,1,0,1,0,0,0,2,2,2,0,0,17,3,4,1,99,63,36,14,0.6363636363636364,0.36363636363636365,0.010101010101010102,0.020202020202020204,0.1717171717171717,0.04040404040404041,0.010101010101010102,0.04040404040404041,0.1414141414141414,2,4.0,go,googleapis/gnostic,getShelf
1,5,1,0,0,0,0,0,1,4,4,0,0,19,1,3,0,100,62,38,8,0.62,0.38,0.0,0.04,0.19,0.03,0.01,0.03,0.08,1,5.0,go,aws/aws-sdk-go,GetObjectTorrentWithContext
1,3,6,0,1,0,0,0,2,4,4,4,3,29,2,14,2,122,75,47,9,0.6147540983606558,0.38524590163934425,0.00819672131147541,0.03278688524590164,0.23770491803278687,0.11475409836065574,0.04918032786885246,0.11475409836065574,0.07377049180327869,2,3.0,go,kubernetes/minikube,PackTversion
1,5,2,0,0,0,0,0,1,1,1,1,0,17,1,5,0,97,60,37,9,0.6185567010309279,0.38144329896907214,0.0,0.010309278350515464,0.17525773195876287,0.05154639175257732,0.020618556701030927,0.05154639175257732,0.09278350515463918,1,5.0,go,luci/luci-go,Get
1,4,3,0,2,0,0,0,3,2,2,0,2,26,3,9,4,170,106,64,12,0.6235294117647059,0.3764705882352941,0.011764705882352941,0.011764705882352941,0.15294117647058825,0.052941176470588235,0.01764705882352941,0.052941176470588235,0.07058823529411765,3,4.0,go,oz/osdb,GetIMDBMovieDetails
1,5,0,0,1,0,0,0,2,4,4,0,1,15,2,2,1,89,55,34,13,0.6179775280898876,0.38202247191011235,0.011235955056179775,0.0449438202247191,0.16853932584269662,0.02247191011235955,0.0,0.02247191011235955,0.14606741573033707,2,5.0,go,gohugoio/hugo,pageToPermalinkSlugElseTitle
1,3,1,0,0,0,0,0,1,7,7,1,0,30,1,3,1,137,82,55,9,0.5985401459854015,0.40145985401459855,0.0,0.051094890510948905,0.21897810218978103,0.021897810218978103,0.0072992700729927005,0.021897810218978103,0.06569343065693431,1,3.0,go,containerd/console,Shutdown
1,2,1,0,0,0,0,0,1,0,0,1,0,7,1,3,0,43,25,18,7,0.5813953488372093,0.4186046511627907,0.0,0.0,0.16279069767441862,0.06976744186046512,0.023255813953488372,0.06976744186046512,0.16279069767441862,1,2.0,go,aws/aws-sdk-go,SetPartitionSerialList
1,2,1,0,0,0,0,0,1,0,0,1,0,7,1,3,0,43,25,18,7,0.5813953488372093,0.4186046511627907,0.0,0.0,0.16279069767441862,0.06976744186046512,0.023255813953488372,0.06976744186046512,0.16279069767441862,1,2.0,go,aws/aws-sdk-go,SetOnPremisesInstanceTagFilters
1,2,5,0,1,1,0,0,1,3,3,4,1,32,3,11,0,162,97,65,17,0.5987654320987654,0.4012345679012346,0.012345679012345678,0.018518518518518517,0.19753086419753085,0.06790123456790123,0.030864197530864196,0.06790123456790123,0.10493827160493827,3,2.0,go,kubernetes/kubernetes,DeepCopyInto
1,2,0,0,0,0,0,0,1,1,1,0,0,7,1,1,0,39,24,15,8,0.6153846153846154,0.38461538461538464,0.0,0.02564102564102564,0.1794871794871795,0.02564102564102564,0.0,0.02564102564102564,0.20512820512820512,1,2.0,go,docker/libnetwork,DeleteTree
1,1,0,0,0,0,0,0,1,0,0,0,0,12,1,1,1,94,56,38,16,0.5957446808510638,0.40425531914893614,0.0,0.0,0.1276595744680851,0.010638297872340425,0.0,0.010638297872340425,0.1702127659574468,1,1.0,go,hashicorp/vault,pathFetchListCerts
1,2,6,0,2,0,0,0,3,3,3,2,2,23,3,15,0,146,84,62,12,0.5753424657534246,0.4246575342465753,0.0136986301369863,0.02054794520547945,0.15753424657534246,0.10273972602739725,0.0410958904109589,0.10273972602739725,0.0821917808219178,3,2.0,go,crewjam/go-cloudformation,UnmarshalJSON
1,3,4,0,0,0,0,0,1,1,1,3,0,15,1,9,2,102,62,40,10,0.6078431372549019,0.39215686274509803,0.0,0.00980392156862745,0.14705882352941177,0.08823529411764706,0.0392156862745098,0.08823529411764706,0.09803921568627451,1,3.0,go,xanzy/go-cloudstack,NewDeleteTagsParams
1,9,5,0,2,0,0,0,4,10,10,0,2,48,4,14,4,291,185,106,19,0.6357388316151202,0.3642611683848797,0.006872852233676976,0.03436426116838488,0.16494845360824742,0.048109965635738834,0.01718213058419244,0.048109965635738834,0.06529209621993128,3,9.0,go,cilium/cilium,OpenMapWithName
1,3,6,0,1,1,0,0,1,9,9,3,1,62,3,14,3,294,182,112,18,0.6190476190476191,0.38095238095238093,0.006802721088435374,0.030612244897959183,0.2108843537414966,0.047619047619047616,0.02040816326530612,0.047619047619047616,0.061224489795918366,3,3.0,go,luci/luci-go,Validate
1,3,1,0,0,0,0,0,1,1,1,1,0,11,1,2,2,67,44,23,10,0.6567164179104478,0.34328358208955223,0.0,0.014925373134328358,0.16417910447761194,0.029850746268656716,0.014925373134328358,0.029850746268656716,0.14925373134328357,1,3.0,go,softlayer/softlayer-go,GetEuSupportedFlag
1,3,2,1,0,0,0,0,1,2,2,1,0,14,1,4,1,67,42,25,8,0.6268656716417911,0.373134328358209,0.0,0.029850746268656716,0.208955223880597,0.05970149253731343,0.029850746268656716,0.05970149253731343,0.11940298507462686,1,3.0,go,xo/xo,PgNotify
1,4,0,0,0,0,0,0,1,1,1,0,0,6,1,1,0,52,31,21,8,0.5961538461538461,0.40384615384615385,0.0,0.019230769230769232,0.11538461538461539,0.019230769230769232,0.0,0.019230769230769232,0.15384615384615385,1,4.0,go,cjgdev/goryman,SendMaybeRecv
1,2,1,0,0,0,0,0,1,0,0,1,0,7,1,3,0,40,23,17,7,0.575,0.425,0.0,0.0,0.175,0.075,0.025,0.075,0.175,1,2.0,go,aws/aws-sdk-go,SetGranteeType
1,2,12,1,6,1,0,1,6,24,24,4,6,121,8,31,6,531,337,194,15,0.6346516007532956,0.3653483992467043,0.013182674199623353,0.04519774011299435,0.2278719397363465,0.0583804143126177,0.022598870056497175,0.0583804143126177,0.02824858757062147,8,2.0,go,vitessio/vitess,init
1,3,1,0,2,0,0,1,2,14,14,0,2,46,3,4,3,233,144,89,17,0.6180257510729614,0.38197424892703863,0.008583690987124463,0.060085836909871244,0.19742489270386265,0.017167381974248927,0.004291845493562232,0.017167381974248927,0.07296137339055794,3,3.0,go,ory/fosite,WriteRevocationResponse
1,2,1,0,0,0,0,0,1,0,0,1,0,7,1,3,0,40,23,17,7,0.575,0.425,0.0,0.0,0.175,0.075,0.025,0.075,0.175,1,2.0,go,aws/aws-sdk-go,SetEnableECSManagedTags
1,3,3,0,3,0,0,0,4,6,6,0,3,31,4,10,4,176,113,63,10,0.6420454545454546,0.35795454545454547,0.017045454545454544,0.03409090909090909,0.17613636363636365,0.056818181818181816,0.017045454545454544,0.056818181818181816,0.056818181818181816,4,3.0,go,gravitational/teleport,RoundtripWithConn
1,6,6,0,8,0,0,0,8,11,11,0,7,73,9,20,12,417,262,155,15,0.6282973621103117,0.37170263788968827,0.019184652278177457,0.026378896882494004,0.1750599520383693,0.047961630695443645,0.014388489208633094,0.047961630695443645,0.03597122302158273,9,6.0,go,hashicorp/vault,responseWrappingUnwrap
1,4,6,1,8,1,0,0,6,7,7,3,9,56,10,16,6,290,181,109,17,0.6241379310344828,0.3758620689655172,0.03103448275862069,0.02413793103448276,0.19310344827586207,0.05517241379310345,0.020689655172413793,0.05517241379310345,0.05862068965517241,10,4.0,go,tendermint/tendermint,Read
1,6,7,3,3,0,0,0,3,3,3,1,3,33,4,11,2,202,130,72,11,0.6435643564356436,0.3564356435643564,0.01485148514851485,0.01485148514851485,0.16336633663366337,0.054455445544554455,0.034653465346534656,0.054455445544554455,0.054455445544554455,4,6.0,go,mattn/go-oci8,ociHandleAlloc
1,1,1,0,1,0,0,0,1,1,1,0,1,9,2,3,0,65,36,29,14,0.5538461538461539,0.4461538461538462,0.015384615384615385,0.015384615384615385,0.13846153846153847,0.046153846153846156,0.015384615384615385,0.046153846153846156,0.2153846153846154,2,1.0,go,revel/revel,NewRequest
1,2,1,0,0,0,0,0,1,0,0,1,0,7,1,3,0,40,23,17,7,0.575,0.425,0.0,0.0,0.175,0.075,0.025,0.075,0.175,1,2.0,go,olivere/elastic,IgnoreUnavailable
1,6,9,2,3,0,0,0,1,8,8,4,1,35,6,15,5,250,152,98,15,0.608,0.392,0.012,0.032,0.14,0.06,0.036,0.06,0.06,4,6.0,go,containous/traefik,AllTasks
1,1,1,0,0,0,0,0,1,1,1,0,0,7,1,3,0,48,29,19,8,0.6041666666666666,0.3958333333333333,0.0,0.020833333333333332,0.14583333333333334,0.0625,0.020833333333333332,0.0625,0.16666666666666666,1,1.0,go,Workiva/go-datastructures,entry
1,5,8,0,3,0,0,0,3,7,7,3,3,46,5,19,6,252,155,97,12,0.6150793650793651,0.38492063492063494,0.011904761904761904,0.027777777777777776,0.18253968253968253,0.07539682539682539,0.031746031746031744,0.07539682539682539,0.047619047619047616,4,5.0,go,topfreegames/pitaya,NewStatsdReporter
1,5,0,0,0,0,0,0,1,2,2,0,1,23,1,1,5,185,111,74,18,0.6,0.4,0.0,0.010810810810810811,0.12432432432432433,0.005405405405405406,0.0,0.005405405405405406,0.0972972972972973,1,5.0,go,evalphobia/logrus_sentry,NewWithClientSentryHook
1,2,1,0,0,0,0,0,1,2,2,0,0,10,1,3,0,53,31,22,9,0.5849056603773585,0.41509433962264153,0.0,0.03773584905660377,0.18867924528301888,0.05660377358490566,0.018867924528301886,0.05660377358490566,0.16981132075471697,1,2.0,go,cilium/cilium,DeleteKey
1,2,6,0,3,1,0,0,4,7,7,2,5,40,5,17,6,222,132,90,12,0.5945945945945946,0.40540540540540543,0.018018018018018018,0.03153153153153153,0.18018018018018017,0.07657657657657657,0.02702702702702703,0.07657657657657657,0.05405405405405406,5,2.0,go,glycerine/zygomys,GenerateNewScope
1,3,2,0,0,1,0,1,0,4,4,2,0,23,2,6,2,127,83,44,17,0.6535433070866141,0.3464566929133858,0.007874015748031496,0.031496062992125984,0.18110236220472442,0.047244094488188976,0.015748031496062992,0.047244094488188976,0.13385826771653545,2,3.0,go,pilosa/pilosa,AppendWithPrefix
1,1,10,5,1,1,0,0,1,11,11,8,13,63,3,23,18,340,216,124,13,0.6352941176470588,0.36470588235294116,0.0058823529411764705,0.03235294117647059,0.18529411764705883,0.06764705882352941,0.029411764705882353,0.06764705882352941,0.03823529411764706,3,1.0,go,scgolang/sc,Inputs
1,2,1,0,0,0,0,0,1,0,0,1,0,7,1,3,0,40,23,17,7,0.575,0.425,0.0,0.0,0.175,0.075,0.025,0.075,0.175,1,2.0,go,aws/aws-sdk-go,SetResourceMetadata
1,2,1,0,0,0,0,0,1,0,0,1,0,7,1,3,0,43,25,18,7,0.5813953488372093,0.4186046511627907,0.0,0.0,0.16279069767441862,0.06976744186046512,0.023255813953488372,0.06976744186046512,0.16279069767441862,1,2.0,go,aws/aws-sdk-go,SetExpiresAt
1,2,1,0,0,0,0,0,1,0,0,1,0,7,1,3,0,40,23,17,7,0.575,0.425,0.0,0.0,0.175,0.075,0.025,0.075,0.175,1,2.0,go,aws/aws-sdk-go,SetNextToken
1,2,1,0,1,0,0,0,0,2,2,0,1,12,2,2,0,58,34,24,12,0.5862068965517241,0.41379310344827586,0.017241379310344827,0.034482758620689655,0.20689655172413793,0.034482758620689655,0.017241379310344827,0.034482758620689655,0.20689655172413793,2,2.0,go,trivago/gollum,AddWildcardProducersToRouter
1,4,3,0,2,0,0,1,4,4,4,1,2,33,3,12,4,171,107,64,12,0.6257309941520468,0.3742690058479532,0.011695906432748537,0.023391812865497075,0.19298245614035087,0.07017543859649122,0.017543859649122806,0.07017543859649122,0.07017543859649122,3,4.0,go,ipfs/go-cid,Sum
1,2,6,1,1,1,0,0,1,3,3,4,2,27,3,10,1,175,101,74,19,0.5771428571428572,0.4228571428571429,0.011428571428571429,0.017142857142857144,0.15428571428571428,0.05714285714285714,0.03428571428571429,0.05714285714285714,0.10857142857142857,3,2.0,go,juju/juju,loop
1,5,3,0,4,0,0,0,5,14,14,0,7,75,5,11,19,487,314,173,16,0.6447638603696099,0.35523613963039014,0.008213552361396304,0.028747433264887063,0.1540041067761807,0.022587268993839837,0.006160164271047228,0.022587268993839837,0.03285420944558522,5,5.0,go,fabric8-services/fabric8-auth,UserProfilePayload
1,6,2,0,5,0,0,0,4,18,18,0,4,80,6,8,4,372,238,134,14,0.6397849462365591,0.3602150537634409,0.013440860215053764,0.04838709677419355,0.21505376344086022,0.021505376344086023,0.005376344086021506,0.021505376344086023,0.03763440860215054,6,6.0,go,coredns/coredns,ServeDNS
1,1,8,0,4,0,0,0,3,16,16,2,6,67,5,19,20,369,238,131,11,0.6449864498644986,0.35501355013550134,0.01084010840108401,0.04336043360433604,0.18157181571815717,0.051490514905149054,0.02168021680216802,0.051490514905149054,0.02981029810298103,5,1.0,go,deis/deis,Run
1,5,9,0,1,0,0,0,1,7,7,7,5,47,5,19,10,264,155,109,22,0.5871212121212122,0.4128787878787879,0.003787878787878788,0.026515151515151516,0.17803030303030304,0.07196969696969698,0.03409090909090909,0.07196969696969698,0.08333333333333333,2,5.0,go,rpaloschi/dxf-go,NewLayer
1,2,1,0,0,0,0,0,1,0,0,1,0,7,1,3,0,43,25,18,7,0.5813953488372093,0.4186046511627907,0.0,0.0,0.16279069767441862,0.06976744186046512,0.023255813953488372,0.06976744186046512,0.16279069767441862,1,2.0,go,aws/aws-sdk-go,SetRoomSkillParameters
1,5,4,1,3,0,0,0,4,3,3,0,3,31,4,10,2,180,118,62,9,0.6555555555555556,0.34444444444444444,0.016666666666666666,0.016666666666666666,0.17222222222222222,0.05555555555555555,0.022222222222222223,0.05555555555555555,0.05,4,5.0,go,sarahhodne/go-librato,List
1,1,0,0,0,0,0,0,0,3,3,0,0,12,1,0,1,62,38,24,8,0.6129032258064516,0.3870967741935484,0.0,0.04838709677419355,0.1935483870967742,0.0,0.0,0.0,0.12903225806451613,1,1.0,go,cloudfoundry/cli,DisplayNewline
1,3,15,0,2,1,0,0,3,14,14,8,6,78,4,33,9,366,229,137,14,0.6256830601092896,0.3743169398907104,0.00819672131147541,0.03825136612021858,0.21311475409836064,0.09016393442622951,0.040983606557377046,0.09016393442622951,0.03825136612021858,4,3.0,go,balzaczyy/golucene,NewForUtilFrom
1,4,4,0,2,0,0,0,3,4,4,1,3,28,3,8,4,148,96,52,11,0.6486486486486487,0.35135135135135137,0.013513513513513514,0.02702702702702703,0.1891891891891892,0.05405405405405406,0.02702702702702703,0.05405405405405406,0.07432432432432433,3,4.0,go,terra-farm/go-xen-api-client,GetAllRecords
1,5,2,0,0,0,0,0,0,2,2,1,0,32,1,4,0,132,81,51,12,0.6136363636363636,0.38636363636363635,0.0,0.015151515151515152,0.24242424242424243,0.030303030303030304,0.015151515151515152,0.030303030303030304,0.09090909090909091,1,5.0,go,opencontainers/runtime-tools,AddLinuxResourcesDevice
1,2,1,0,0,0,0,0,1,0,0,1,0,7,1,3,0,40,23,17,7,0.575,0.425,0.0,0.0,0.175,0.075,0.025,0.075,0.175,1,2.0,go,aws/aws-sdk-go,SetName
1,2,6,0,13,2,0,1,24,54,54,0,22,168,16,47,17,920,559,361,17,0.6076086956521739,0.3923913043478261,0.016304347826086956,0.058695652173913045,0.1826086956521739,0.051086956521739134,0.006521739130434782,0.051086956521739134,0.01847826086956522,16,2.0,go,golang/protobuf,equalAny
1,1,2,0,0,1,0,0,1,1,1,1,0,11,2,6,0,69,44,25,10,0.6376811594202898,0.36231884057971014,0.014492753623188406,0.014492753623188406,0.15942028985507245,0.08695652173913043,0.028985507246376812,0.08695652173913043,0.14492753623188406,2,1.0,go,influxdata/telegraf,copyTags
1,3,3,0,1,1,0,0,2,1,1,1,0,16,3,9,0,131,82,49,16,0.6259541984732825,0.37404580152671757,0.015267175572519083,0.007633587786259542,0.12213740458015267,0.06870229007633588,0.022900763358778626,0.06870229007633588,0.12213740458015267,3,3.0,go,Jeffail/gabs,ChildrenMap
1,6,37,4,27,4,0,0,19,51,51,9,30,275,35,89,42,1613,1041,572,47,0.6453812771233726,0.3546187228766274,0.019218846869187848,0.03161810291382517,0.17048977061376316,0.05517668939863608,0.022938623682579044,0.05517668939863608,0.029138251704897707,32,6.0,go,fabric8-services/fabric8-wit,WriteNames
1,4,3,0,2,1,0,0,3,4,4,3,7,26,4,7,3,142,87,55,15,0.6126760563380281,0.3873239436619718,0.02112676056338028,0.028169014084507043,0.18309859154929578,0.04929577464788732,0.02112676056338028,0.04929577464788732,0.1056338028169014,4,4.0,go,mikkyang/id3-go,ByteInt
1,4,1,0,0,0,0,0,1,2,2,0,0,11,1,3,0,63,38,25,8,0.6031746031746031,0.3968253968253968,0.0,0.031746031746031744,0.1746031746031746,0.047619047619047616,0.015873015873015872,0.047619047619047616,0.12698412698412698,1,4.0,go,aws/aws-sdk-go,GetSearchSuggestions
1,2,1,0,0,0,0,0,1,0,0,1,0,7,1,3,0,40,23,17,7,0.575,0.425,0.0,0.0,0.175,0.075,0.025,0.075,0.175,1,2.0,go,aws/aws-sdk-go,SetContentHandling
1,2,5,0,2,0,0,0,3,8,8,1,2,41,3,13,4,210,128,82,14,0.6095238095238096,0.3904761904761905,0.009523809523809525,0.0380952380952381,0.19523809523809524,0.06190476190476191,0.023809523809523808,0.06190476190476191,0.06666666666666667,3,2.0,go,matiaskorhonen/ftp2s3,Bytes
1,1,6,1,3,1,0,0,1,1,1,3,2,43,5,12,1,205,126,79,13,0.6146341463414634,0.3853658536585366,0.01951219512195122,0.004878048780487805,0.2097560975609756,0.05853658536585366,0.02926829268292683,0.05853658536585366,0.06341463414634146,5,1.0,go,yarpc/yarpc-go,New
1,3,4,0,0,1,0,0,1,2,2,1,0,25,2,10,2,133,85,48,11,0.6390977443609023,0.3609022556390977,0.007518796992481203,0.015037593984962405,0.18796992481203006,0.07518796992481203,0.03007518796992481,0.07518796992481203,0.08270676691729323,2,3.0,go,urandom/readeef,Read
1,3,4,1,5,1,0,0,4,5,5,1,4,35,7,11,3,228,144,84,18,0.631578947368421,0.3684210526315789,0.02631578947368421,0.021929824561403508,0.15350877192982457,0.04824561403508772,0.017543859649122806,0.04824561403508772,0.07894736842105263,7,3.0,go,hashicorp/terraform,Open
1,3,3,0,0,0,0,0,1,4,4,1,0,20,1,7,1,113,71,42,14,0.6283185840707964,0.37168141592920356,0.0,0.035398230088495575,0.17699115044247787,0.061946902654867256,0.02654867256637168,0.061946902654867256,0.12389380530973451,1,3.0,go,kubernetes/kubernetes,Validate
1,4,2,0,2,0,0,0,3,3,3,0,2,21,3,7,2,110,69,41,9,0.6272727272727273,0.37272727272727274,0.01818181818181818,0.02727272727272727,0.19090909090909092,0.06363636363636363,0.01818181818181818,0.06363636363636363,0.08181818181818182,3,4.0,go,sajari/word2vec,Cos
1,1,0,0,0,0,0,0,1,0,0,0,0,9,1,1,0,47,27,20,11,0.574468085106383,0.425531914893617,0.0,0.0,0.19148936170212766,0.02127659574468085,0.0,0.02127659574468085,0.23404255319148937,1,1.0,go,andybons/hipchat,NewClient
1,2,3,0,3,1,0,0,1,7,7,0,2,31,5,7,2,173,110,63,16,0.6358381502890174,0.36416184971098264,0.023121387283236993,0.04046242774566474,0.1791907514450867,0.04046242774566474,0.017341040462427744,0.04046242774566474,0.09248554913294797,5,2.0,go,control-center/serviced,PostProcess
1,3,5,0,3,0,0,0,3,7,7,3,3,47,4,13,2,202,128,74,17,0.6336633663366337,0.36633663366336633,0.01485148514851485,0.034653465346534656,0.23267326732673269,0.06435643564356436,0.024752475247524754,0.06435643564356436,0.08415841584158416,4,3.0,go,kubernetes/gengo,Do
1,1,2,0,1,0,0,0,3,1,1,1,1,13,3,7,0,82,48,34,14,0.5853658536585366,0.4146341463414634,0.012195121951219513,0.012195121951219513,0.15853658536585366,0.08536585365853659,0.024390243902439025,0.08536585365853659,0.17073170731707318,2,1.0,go,hyperledger/fabric-sdk-go,WithIdentityConfig
1,2,1,0,0,0,0,0,1,0,0,1,0,7,1,3,0,43,25,18,7,0.5813953488372093,0.4186046511627907,0.0,0.0,0.16279069767441862,0.06976744186046512,0.023255813953488372,0.06976744186046512,0.16279069767441862,1,2.0,go,aws/aws-sdk-go,SetShardLevelMetrics
1,1,9,1,1,2,0,0,1,11,11,4,3,49,5,18,2,222,134,88,14,0.6036036036036037,0.3963963963963964,0.013513513513513514,0.04954954954954955,0.22072072072072071,0.08108108108108109,0.04054054054054054,0.08108108108108109,0.06306306306306306,4,1.0,go,icrowley/fake,CreditCardNum
1,3,1,0,1,0,0,1,4,4,4,0,1,22,2,9,2,124,76,48,12,0.6129032258064516,0.3870967741935484,0.008064516129032258,0.03225806451612903,0.1774193548387097,0.07258064516129033,0.008064516129032258,0.07258064516129033,0.0967741935483871,2,3.0,go,vitessio/vitess,ToFloat64
1,2,3,0,1,0,0,0,2,0,0,3,1,16,2,8,0,82,48,34,9,0.5853658536585366,0.4146341463414634,0.012195121951219513,0.0,0.1951219512195122,0.0975609756097561,0.036585365853658534,0.0975609756097561,0.10975609756097561,2,2.0,go,kubernetes/kubernetes,ApplyTo
1,2,0,0,0,0,0,0,1,0,0,0,0,5,1,1,1,60,34,26,12,0.5666666666666667,0.43333333333333335,0.0,0.0,0.08333333333333333,0.016666666666666666,0.0,0.016666666666666666,0.2,1,2.0,go,gopherjs/vecty,CompositionStart
1,2,2,1,1,1,0,0,1,3,3,0,1,16,3,2,0,93,57,36,13,0.6129032258064516,0.3870967741935484,0.021505376344086023,0.03225806451612903,0.17204301075268819,0.021505376344086023,0.021505376344086023,0.021505376344086023,0.13978494623655913,3,2.0,go,kubernetes/kubernetes,IgnoreReceives
1,4,1,0,1,0,0,0,2,3,3,0,0,14,2,4,1,104,67,37,12,0.6442307692307693,0.3557692307692308,0.009615384615384616,0.028846153846153848,0.1346153846153846,0.038461538461538464,0.009615384615384616,0.038461538461538464,0.11538461538461539,2,4.0,go,kubernetes/kubernetes,GetAttrs
1,3,0,0,0,0,0,0,1,2,2,0,0,11,1,1,1,61,41,20,11,0.6721311475409836,0.32786885245901637,0.0,0.03278688524590164,0.18032786885245902,0.01639344262295082,0.0,0.01639344262295082,0.18032786885245902,1,3.0,go,flynn/flynn,SignalJob
1,0,10,0,2,0,0,0,0,13,13,3,2,61,5,20,14,383,235,148,19,0.6135770234986945,0.38642297650130547,0.005221932114882507,0.033942558746736295,0.15926892950391644,0.05221932114882506,0.02610966057441253,0.05221932114882506,0.04960835509138381,3,0.0,go,bhoriuchi/go-bunyan,main
1,4,3,1,0,0,0,0,1,1,1,0,0,16,1,5,1,95,58,37,10,0.6105263157894737,0.3894736842105263,0.0,0.010526315789473684,0.16842105263157894,0.05263157894736842,0.031578947368421054,0.05263157894736842,0.10526315789473684,1,4.0,go,juju/juju,CharmRelations
1,3,1,0,0,0,0,0,1,3,3,0,0,14,1,3,0,75,45,30,9,0.6,0.4,0.0,0.04,0.18666666666666668,0.04,0.013333333333333334,0.04,0.12,1,3.0,go,nats-io/nats-streaming-server,FirstMsg
1,3,3,1,1,0,0,0,2,2,2,0,1,15,2,6,1,114,71,43,10,0.6228070175438597,0.37719298245614036,0.008771929824561403,0.017543859649122806,0.13157894736842105,0.05263157894736842,0.02631578947368421,0.05263157894736842,0.08771929824561403,2,3.0,go,prasmussen/gandi-api,Balance
1,1,3,1,2,0,0,0,2,3,3,1,2,20,3,6,6,129,82,47,12,0.6356589147286822,0.3643410852713178,0.015503875968992248,0.023255813953488372,0.15503875968992248,0.046511627906976744,0.023255813953488372,0.046511627906976744,0.09302325581395349,3,1.0,go,yarpc/yarpc-go,String
1,5,2,0,2,0,0,0,5,8,8,0,2,32,5,9,0,244,158,86,19,0.6475409836065574,0.3524590163934426,0.00819672131147541,0.03278688524590164,0.13114754098360656,0.036885245901639344,0.00819672131147541,0.036885245901639344,0.0778688524590164,3,5.0,go,openshift/origin,RegisterConversions
1,1,2,1,1,1,0,0,1,5,5,0,1,19,4,4,2,109,66,43,13,0.6055045871559633,0.3944954128440367,0.01834862385321101,0.045871559633027525,0.1743119266055046,0.03669724770642202,0.01834862385321101,0.03669724770642202,0.11926605504587157,3,1.0,go,kubernetes/kops,SanitizeString
1,1,0,0,0,0,0,0,1,3,3,0,0,13,1,1,0,97,60,37,15,0.6185567010309279,0.38144329896907214,0.0,0.030927835051546393,0.13402061855670103,0.010309278350515464,0.0,0.010309278350515464,0.15463917525773196,1,1.0,go,marcusolsson/tui-go,NewGrid
1,4,4,1,2,1,0,0,3,4,4,1,2,32,4,10,1,192,121,71,14,0.6302083333333334,0.3697916666666667,0.015625,0.020833333333333332,0.16666666666666666,0.052083333333333336,0.020833333333333332,0.052083333333333336,0.07291666666666667,4,4.0,go,hyperledger/fabric,NewConsortiumConfig
1,6,1,0,2,1,0,0,2,4,4,0,5,34,4,5,3,171,114,57,18,0.6666666666666666,0.3333333333333333,0.017543859649122806,0.023391812865497075,0.19883040935672514,0.029239766081871343,0.005847953216374269,0.029239766081871343,0.10526315789473684,4,6.0,go,kubernetes/kubernetes,TransformFromStorage
1,1,0,0,1,0,0,0,2,0,0,0,3,7,2,2,1,52,31,21,9,0.5961538461538461,0.40384615384615385,0.019230769230769232,0.0,0.1346153846153846,0.038461538461538464,0.0,0.038461538461538464,0.17307692307692307,2,1.0,go,google/go-github,GetTwoFactorRequirementEnabled
1,4,1,0,0,0,0,0,1,2,2,0,0,11,1,3,0,63,38,25,8,0.6031746031746031,0.3968253968253968,0.0,0.031746031746031744,0.1746031746031746,0.047619047619047616,0.015873015873015872,0.047619047619047616,0.12698412698412698,1,4.0,go,aws/aws-sdk-go,DeleteEvaluation
1,0,8,1,2,1,0,0,1,9,9,2,1,56,4,16,1,264,164,100,13,0.6212121212121212,0.3787878787878788,0.011363636363636364,0.03409090909090909,0.21212121212121213,0.06060606060606061,0.030303030303030304,0.06060606060606061,0.04924242424242424,4,0.0,go,micro/go-config,NewSource
1,9,6,0,1,0,0,0,2,10,10,3,2,58,2,14,3,256,166,90,12,0.6484375,0.3515625,0.00390625,0.0390625,0.2265625,0.0546875,0.0234375,0.0546875,0.046875,2,9.0,go,apcera/gssapi,AcquireCred
1,1,6,1,4,1,0,0,4,14,14,1,3,55,7,10,4,268,165,103,17,0.6156716417910447,0.3843283582089552,0.018656716417910446,0.05223880597014925,0.20522388059701493,0.03731343283582089,0.022388059701492536,0.03731343283582089,0.06343283582089553,6,1.0,go,zach-klippenstein/goadb,publishDevices
1,2,1,0,0,0,0,0,1,0,0,1,0,7,1,3,0,43,25,18,7,0.5813953488372093,0.4186046511627907,0.0,0.0,0.16279069767441862,0.06976744186046512,0.023255813953488372,0.06976744186046512,0.16279069767441862,1,2.0,go,aws/aws-sdk-go,SetInitiators
1,2,1,0,0,0,0,0,1,0,0,1,0,7,1,3,0,43,25,18,7,0.5813953488372093,0.4186046511627907,0.0,0.0,0.16279069767441862,0.06976744186046512,0.023255813953488372,0.06976744186046512,0.16279069767441862,1,2.0,go,open-policy-agent/opa,WithManager
1,4,1,0,1,1,0,0,2,7,7,0,0,29,3,5,2,164,102,62,16,0.6219512195121951,0.3780487804878049,0.012195121951219513,0.042682926829268296,0.17682926829268292,0.03048780487804878,0.006097560975609756,0.03048780487804878,0.0975609756097561,3,4.0,go,juju/juju,ControllerByAPIEndpoints
1,6,2,0,2,0,0,0,1,55,55,0,0,191,8,5,31,923,597,326,21,0.6468039003250271,0.3531960996749729,0.0021668472372697724,0.059588299024918745,0.20693391115926327,0.005417118093174431,0.0021668472372697724,0.005417118093174431,0.02275189599133261,3,6.0,go,decred/dcrdata,NewInsightApiRouter
1,1,5,0,0,0,0,0,2,6,6,5,0,24,2,11,1,138,83,55,15,0.6014492753623188,0.39855072463768115,0.0,0.043478260869565216,0.17391304347826086,0.07971014492753623,0.036231884057971016,0.07971014492753623,0.10869565217391304,1,1.0,go,abcum/fibre,Server
1,3,3,0,3,0,0,0,4,7,7,1,3,33,4,10,2,177,112,65,11,0.632768361581921,0.3672316384180791,0.01694915254237288,0.03954802259887006,0.1864406779661017,0.05649717514124294,0.01694915254237288,0.05649717514124294,0.062146892655367235,4,3.0,go,gravitational/teleport,AsAuthMethod
1,2,1,0,0,0,0,0,1,0,0,1,0,7,1,3,0,40,23,17,7,0.575,0.425,0.0,0.0,0.175,0.075,0.025,0.075,0.175,1,2.0,go,aws/aws-sdk-go,SetDuration
1,5,0,0,0,0,0,0,0,1,1,0,0,7,1,0,1,50,32,18,8,0.64,0.36,0.0,0.02,0.14,0.0,0.0,0.0,0.16,1,5.0,go,vitessio/vitess,PushFilter
1,3,7,2,7,0,0,0,4,3,3,4,7,43,8,14,3,247,152,95,16,0.6153846153846154,0.38461538461538464,0.02834008097165992,0.012145748987854251,0.17408906882591094,0.05668016194331984,0.02834008097165992,0.05668016194331984,0.06477732793522267,8,3.0,go,docker/libnetwork,parseInterface
1,2,1,0,0,0,0,0,1,0,0,1,0,7,1,3,0,40,23,17,7,0.575,0.425,0.0,0.0,0.175,0.075,0.025,0.075,0.175,1,2.0,go,aws/aws-sdk-go,SetVersion
1,4,5,0,4,1,0,0,4,6,6,1,7,44,6,15,9,252,158,94,18,0.626984126984127,0.373015873015873,0.01984126984126984,0.023809523809523808,0.1746031746031746,0.05952380952380952,0.01984126984126984,0.05952380952380952,0.07142857142857142,6,4.0,go,kubernetes/kubernetes,GetStorageAccesskey
1,2,0,0,0,0,0,0,1,1,1,0,2,15,1,1,2,85,52,33,14,0.611764705882353,0.38823529411764707,0.0,0.011764705882352941,0.17647058823529413,0.011764705882352941,0.0,0.011764705882352941,0.16470588235294117,1,2.0,go,tylertreat/bench,GetRequester
1,6,1,0,0,0,0,0,1,4,4,0,0,17,2,3,0,108,65,43,13,0.6018518518518519,0.39814814814814814,0.0,0.037037037037037035,0.1574074074074074,0.027777777777777776,0.009259259259259259,0.027777777777777776,0.12037037037037036,1,6.0,go,remind101/pkg,Match
1,2,4,0,0,1,0,0,1,2,2,2,4,26,2,9,5,127,83,44,11,0.6535433070866141,0.3464566929133858,0.007874015748031496,0.015748031496062992,0.2047244094488189,0.07086614173228346,0.031496062992125984,0.07086614173228346,0.08661417322834646,2,2.0,go,tendermint/tendermint,PriorityEvidence
1,2,1,0,0,0,0,0,1,0,0,1,0,7,1,3,0,40,23,17,7,0.575,0.425,0.0,0.0,0.175,0.075,0.025,0.075,0.175,1,2.0,go,aws/aws-sdk-go,SetStatus
1,6,9,2,5,0,0,0,5,8,8,2,3,78,7,19,4,399,254,145,16,0.6365914786967418,0.3634085213032581,0.012531328320802004,0.020050125313283207,0.19548872180451127,0.047619047619047616,0.022556390977443608,0.047619047619047616,0.040100250626566414,6,6.0,go,hashicorp/nomad,Dispense
1,2,1,0,0,0,0,0,1,7,7,0,0,23,1,3,2,110,70,40,11,0.6363636363636364,0.36363636363636365,0.0,0.06363636363636363,0.20909090909090908,0.02727272727272727,0.00909090909090909,0.02727272727272727,0.1,1,2.0,go,hyperledger/fabric,PeerCert
1,2,3,0,2,0,0,0,2,12,12,1,4,46,4,8,6,260,165,95,18,0.6346153846153846,0.36538461538461536,0.007692307692307693,0.046153846153846156,0.17692307692307693,0.03076923076923077,0.011538461538461539,0.03076923076923077,0.06923076923076923,3,2.0,go,keybase/client,CheckForRekeys
1,2,0,0,0,0,0,0,1,0,0,0,0,6,1,1,0,37,23,14,8,0.6216216216216216,0.3783783783783784,0.0,0.0,0.16216216216216217,0.02702702702702703,0.0,0.02702702702702703,0.21621621621621623,1,2.0,go,go-playground/locales,WeekdayNarrow
1,8,8,0,2,0,0,0,3,3,3,5,2,41,3,19,11,236,152,84,11,0.6440677966101694,0.3559322033898305,0.00847457627118644,0.012711864406779662,0.17372881355932204,0.08050847457627118,0.03389830508474576,0.08050847457627118,0.046610169491525424,3,8.0,go,alexsacr/linode,LinodeDiskCreate
1,2,4,0,1,0,0,0,2,4,4,2,1,20,2,8,3,101,61,40,13,0.6039603960396039,0.39603960396039606,0.009900990099009901,0.039603960396039604,0.19801980198019803,0.07920792079207921,0.039603960396039604,0.07920792079207921,0.12871287128712872,2,2.0,go,NaySoftware/go-fcm,extractTopicName
1,2,1,0,0,0,0,0,1,0,0,1,0,7,1,3,0,41,24,17,7,0.5853658536585366,0.4146341463414634,0.0,0.0,0.17073170731707318,0.07317073170731707,0.024390243902439025,0.07317073170731707,0.17073170731707318,1,2.0,go,coreos/fleet,Context
1,5,4,0,1,0,0,0,2,7,7,0,1,38,2,10,4,195,123,72,11,0.6307692307692307,0.36923076923076925,0.005128205128205128,0.035897435897435895,0.19487179487179487,0.05128205128205128,0.020512820512820513,0.05128205128205128,0.05641025641025641,2,5.0,go,decker502/dnspod-go,Create
1,2,1,0,0,0,0,0,1,0,0,1,0,7,1,3,0,45,27,18,7,0.6,0.4,0.0,0.0,0.15555555555555556,0.06666666666666667,0.022222222222222223,0.06666666666666667,0.15555555555555556,1,2.0,go,aws/aws-sdk-go,SetChallengeParameters
1,2,0,0,0,0,0,0,1,1,1,0,0,7,1,1,0,39,23,16,7,0.5897435897435898,0.41025641025641024,0.0,0.02564102564102564,0.1794871794871795,0.02564102564102564,0.0,0.02564102564102564,0.1794871794871795,1,2.0,go,cilium/cilium,WithBasePath
1,5,2,0,2,0,0,0,3,2,2,0,2,21,3,7,0,118,75,43,10,0.635593220338983,0.3644067796610169,0.01694915254237288,0.01694915254237288,0.17796610169491525,0.059322033898305086,0.01694915254237288,0.059322033898305086,0.0847457627118644,3,5.0,go,influxdata/influxdb,FindAuthorizationByToken
1,3,1,0,0,0,0,0,1,4,4,0,0,16,1,3,1,75,48,27,10,0.64,0.36,0.0,0.05333333333333334,0.21333333333333335,0.04,0.013333333333333334,0.04,0.13333333333333333,1,3.0,go,bmatsuo/lmdb-go,Drop
1,14,7,0,0,0,0,0,3,7,7,7,3,60,4,17,5,328,207,121,14,0.6310975609756098,0.36890243902439024,0.0,0.021341463414634148,0.18292682926829268,0.051829268292682924,0.021341463414634148,0.051829268292682924,0.042682926829268296,1,14.0,go,hprose/hprose-golang,InitBaseService
1,1,17,4,11,0,0,0,5,10,10,12,13,100,13,31,18,551,337,214,17,0.6116152450090744,0.38838475499092556,0.019963702359346643,0.018148820326678767,0.18148820326678766,0.056261343012704176,0.030852994555353903,0.056261343012704176,0.030852994555353903,12,1.0,go,influxdata/telegraf,Connect
1,1,0,0,1,0,0,0,2,1,1,0,1,7,2,2,1,53,31,22,10,0.5849056603773585,0.41509433962264153,0.018867924528301886,0.018867924528301886,0.1320754716981132,0.03773584905660377,0.0,0.03773584905660377,0.18867924528301888,2,1.0,go,gopasspw/gopass,URL
1,2,3,1,1,1,0,0,2,10,10,1,2,37,4,4,0,199,117,82,19,0.5879396984924623,0.4120603015075377,0.010050251256281407,0.05025125628140704,0.18592964824120603,0.020100502512562814,0.01507537688442211,0.020100502512562814,0.09547738693467336,3,2.0,go,keybase/client,startTicker
1,5,5,0,0,1,0,0,1,3,3,1,0,33,2,12,3,189,121,68,11,0.6402116402116402,0.35978835978835977,0.005291005291005291,0.015873015873015872,0.1746031746031746,0.06349206349206349,0.026455026455026454,0.06349206349206349,0.0582010582010582,2,5.0,go,hashicorp/terraform,ValidateProvisionerConfig
1,2,13,0,5,0,0,0,1,2,2,7,11,62,6,26,4,235,139,96,11,0.5914893617021276,0.4085106382978723,0.02127659574468085,0.00851063829787234,0.26382978723404255,0.11063829787234042,0.05531914893617021,0.11063829787234042,0.04680851063829787,6,2.0,go,kubernetes-retired/contrib,moveCursorToPos
1,5,1,0,0,0,0,0,1,4,4,0,0,19,1,3,0,100,62,38,8,0.62,0.38,0.0,0.04,0.19,0.03,0.01,0.03,0.08,1,5.0,go,aws/aws-sdk-go,DescribeDBLogFilesWithContext
