function_count,parameter_count,variable_count,declaration_count,if_count,for_count,while_count,switch_count,return_count,call_count,argument_count,assignment_count,binary_expression_count,identifier_count,block_count,expression_count,literal_count,ast_nodes,leaf_nodes,internal_nodes,max_depth,leaf_ratio,internal_ratio,branch_density,call_density,identifier_density,expression_density,variable_density,statement_density,nesting_factor,cyclomatic_estimate,avg_parameters,language,repository,function,SSI
1,2,2,1,1,0,0,0,0,4,4,0,1,15,2,2,2,77,53,24,10,0.6883116883116883,0.3116883116883117,0.0129870129870129,0.0519480519480519,0.1948051948051948,0.0259740259740259,0.0259740259740259,0.0259740259740259,0.1298701298701298,2,2.0,java,molgenis/molgenis,L1Cache.put,-1.4077707731680709
1,0,7,4,1,1,0,0,1,1,1,0,4,19,2,1,3,97,64,33,9,0.6597938144329897,0.3402061855670103,0.0206185567010309,0.0103092783505154,0.1958762886597938,0.0103092783505154,0.0721649484536082,0.0103092783505154,0.0927835051546391,3,0.0,java,belaban/JGroups,RequestTable.size,-0.685909864621677
1,3,8,4,0,0,0,0,0,17,19,0,0,42,1,3,16,283,206,77,13,0.7279151943462897,0.2720848056537102,0.0,0.0600706713780918,0.1484098939929328,0.0106007067137809,0.0282685512367491,0.0106007067137809,0.0459363957597173,1,3.0,java,googleads/googleads-java-lib,DownloadCriteriaReportWithAwql.runExample,0.8101289704970405
1,4,0,0,0,0,0,0,1,2,2,0,0,12,1,0,0,68,47,21,8,0.6911764705882353,0.3088235294117647,0.0,0.0294117647058823,0.1764705882352941,0.0,0.0,0.0,0.1176470588235294,1,4.0,java,Azure/azure-sdk-for-java,NetworkInterfacesInner.updateTagsAsync,-2.0417410131888984
2,6,4,2,6,0,0,0,3,12,20,0,6,47,10,1,12,427,293,134,16,0.6861826697892272,0.3138173302107728,0.0140515222482435,0.0281030444964871,0.1100702576112412,0.0023419203747072,0.009367681498829,0.0023419203747072,0.0374707259953161,7,3.0,java,Azure/azure-sdk-for-java,BlobContainersInner.extendImmutabilityPolicyWithServiceResponseAsync,2.7818867164283207
1,0,2,1,0,0,0,0,2,7,7,2,2,15,5,2,2,121,76,45,14,0.628099173553719,0.371900826446281,0.0,0.0578512396694214,0.1239669421487603,0.0165289256198347,0.0165289256198347,0.0165289256198347,0.1157024793388429,1,0.0,java,teatrove/teatrove,CompiledTemplate.getTemplateClass,-1.0319558848221118
1,2,16,8,5,0,1,0,1,45,48,1,10,127,16,11,12,683,472,211,16,0.6910688140556369,0.3089311859443631,0.0087847730600292,0.0658857979502196,0.1859443631039531,0.0161054172767203,0.0234260614934114,0.0161054172767203,0.0234260614934114,7,2.0,java,alkacon/opencms-core,CmsSearchReplaceThread.searchResources,6.739229797149537
1,1,0,0,0,0,0,0,1,1,1,0,3,11,1,0,3,60,40,20,10,0.6666666666666666,0.3333333333333333,0.0,0.0166666666666666,0.1833333333333333,0.0,0.0,0.0,0.1666666666666666,1,1.0,java,Devskiller/jfairy,PlNationalIdentificationNumberProvider.calculateSexCode,-2.323694754974305
1,5,20,10,1,0,0,0,1,19,27,5,3,84,3,20,5,391,269,122,12,0.6879795396419437,0.3120204603580562,0.0025575447570332,0.0485933503836317,0.2148337595907928,0.0511508951406649,0.0511508951406649,0.0511508951406649,0.0306905370843989,2,5.0,java,cdk/cdk,AtomTetrahedralLigandPlacer3D.calculate3DCoordinates3,3.3490041933539336
1,1,4,2,2,0,2,1,3,3,3,2,3,24,4,2,6,157,104,53,12,0.6624203821656051,0.3375796178343949,0.0254777070063694,0.019108280254777,0.1528662420382165,0.0127388535031847,0.0254777070063694,0.0127388535031847,0.0764331210191082,5,1.0,java,google/j2objc,RedundentExprEliminator.isParam,0.806523816592966
1,1,2,1,0,0,0,0,0,1,1,3,0,10,1,3,3,57,37,20,7,0.6491228070175439,0.3508771929824561,0.0,0.0175438596491228,0.175438596491228,0.0526315789473684,0.0350877192982456,0.0526315789473684,0.1228070175438596,1,1.0,java,b3dgs/lionengine,MouseHeadless.mouseReleased,-2.029828515410216
1,0,20,10,7,3,0,0,2,17,18,2,12,69,13,6,14,453,300,153,20,0.6622516556291391,0.3377483443708609,0.0220750551876379,0.0375275938189845,0.152317880794702,0.0132450331125827,0.0441501103752759,0.0132450331125827,0.0441501103752759,11,0.0,java,deeplearning4j/deeplearning4j,BaseSparseNDArrayCOO.getIncludedIndices,5.222032793057131
1,0,2,1,0,0,0,0,1,3,4,0,0,9,1,1,0,66,43,23,9,0.6515151515151515,0.3484848484848485,0.0,0.0454545454545454,0.1363636363636363,0.0151515151515151,0.0303030303030303,0.0151515151515151,0.1363636363636363,1,0.0,java,alkacon/opencms-core,CmsPublishSelectPanel.getResourcesToRemove,-2.0315146892121416
1,0,2,1,0,0,0,0,1,5,5,0,0,15,1,1,0,65,45,20,9,0.6923076923076923,0.3076923076923077,0.0,0.0769230769230769,0.2307692307692307,0.0153846153846153,0.0307692307692307,0.0153846153846153,0.1384615384615384,1,0.0,java,lessthanoptimal/ejml,SimpleBase.transpose,-1.811850443204852
1,2,4,2,2,0,0,0,2,5,6,1,0,20,5,3,3,127,87,40,10,0.6850393700787402,0.3149606299212598,0.0157480314960629,0.0393700787401574,0.1574803149606299,0.0236220472440944,0.0314960629921259,0.0236220472440944,0.0787401574803149,3,2.0,java,HeidelTime/heideltime,StringUtils.join,-0.3371013576980619
1,1,0,0,0,0,0,0,1,3,3,0,0,15,3,2,0,72,48,24,10,0.6666666666666666,0.3333333333333333,0.0,0.0416666666666666,0.2083333333333333,0.0277777777777777,0.0,0.0277777777777777,0.1388888888888889,1,1.0,java,OpenLiberty/open-liberty,HttpMessageContextImpl.redirect,-1.9902212992457673
1,2,0,0,0,0,0,0,1,1,1,0,0,7,1,0,0,37,25,12,6,0.6756756756756757,0.3243243243243243,0.0,0.027027027027027,0.1891891891891892,0.0,0.0,0.0,0.1621621621621621,1,2.0,java,jOOQ/jOOR,Reflect.on,-2.5833525321168027
1,1,4,2,7,1,0,0,0,17,19,0,7,51,5,5,8,312,218,94,15,0.6987179487179487,0.3012820512820512,0.0256410256410256,0.0544871794871794,0.1634615384615384,0.016025641025641,0.0128205128205128,0.016025641025641,0.048076923076923,9,1.0,java,OpenLiberty/open-liberty,JsApiHdrsImpl.setReverseRoutingPath,2.2870925572016927
1,1,4,2,2,0,0,0,2,5,6,0,3,21,3,1,4,148,98,50,12,0.6621621621621622,0.3378378378378378,0.0135135135135135,0.0337837837837837,0.1418918918918918,0.0067567567567567,0.027027027027027,0.0067567567567567,0.081081081081081,3,1.0,java,Dempsy/dempsy,MessageProcessor.invokeOutput,-0.44011301669789565
1,0,32,16,40,0,0,4,11,71,72,20,31,254,59,52,78,1680,1142,538,28,0.6797619047619048,0.3202380952380952,0.0238095238095238,0.0422619047619047,0.1511904761904761,0.0309523809523809,0.019047619047619,0.0309523809523809,0.0166666666666666,41,0.0,java,eclipse/xtext-extras,InternalXbaseParser.ruleXImportDeclaration,24.415478958599238
1,1,2,1,1,0,0,0,1,23,24,0,0,45,2,9,3,246,164,82,15,0.6666666666666666,0.3333333333333333,0.0040650406504065,0.0934959349593495,0.1829268292682926,0.0365853658536585,0.008130081300813,0.0365853658536585,0.0609756097560975,2,1.0,java,alkacon/opencms-core,CmsRebuildSearchIndexDialog.createDialogHtml,0.6589881456938075
1,1,18,9,4,0,1,0,2,19,25,1,6,65,10,3,6,407,280,127,18,0.687960687960688,0.312039312039312,0.0122850122850122,0.0466830466830466,0.1597051597051597,0.0073710073710073,0.0442260442260442,0.0073710073710073,0.0442260442260442,6,1.0,java,fabric8io/docker-maven-plugin,ImageArchiveUtil.readManifest,3.904472862858233
1,2,0,0,0,0,0,0,0,2,2,0,0,8,1,1,0,38,26,12,7,0.6842105263157895,0.3157894736842105,0.0,0.0526315789473684,0.2105263157894736,0.0263157894736842,0.0,0.0263157894736842,0.1842105263157894,1,2.0,java,OpenLiberty/open-liberty,ServiceProviderFinderFactory.setServiceProviderFinder,-2.5606312281035457
1,3,2,1,0,0,0,1,3,4,4,1,2,27,1,3,5,137,97,40,12,0.708029197080292,0.291970802919708,0.0,0.0291970802919708,0.1970802919708029,0.0218978102189781,0.0145985401459854,0.0218978102189781,0.0875912408759124,1,3.0,java,h2oai/h2o-3,RequestServer.maybeLogRequest,-0.6454446804498484
1,0,6,3,1,0,0,0,1,5,6,1,2,23,4,1,6,164,111,53,14,0.676829268292683,0.3231707317073171,0.0060975609756097,0.0304878048780487,0.1402439024390244,0.0060975609756097,0.0365853658536585,0.0060975609756097,0.0853658536585365,2,0.0,java,aws/aws-sdk-java,ObjectMetadata.getContentRange,-0.36433229077312257
1,0,2,1,2,0,0,0,1,9,9,0,2,22,1,2,2,115,79,36,9,0.6869565217391305,0.3130434782608696,0.017391304347826,0.0782608695652174,0.1913043478260869,0.017391304347826,0.017391304347826,0.017391304347826,0.0782608695652174,3,0.0,java,OpenLiberty/open-liberty,RemoteMessageRequest.getRemoteEngineUuid,-0.748100130053257
1,1,4,2,1,0,0,0,1,4,4,0,1,15,2,2,3,90,60,30,8,0.6666666666666666,0.3333333333333333,0.0111111111111111,0.0444444444444444,0.1666666666666666,0.0222222222222222,0.0444444444444444,0.0222222222222222,0.0888888888888888,2,1.0,java,threerings/narya,ObjectOutputStream.writeObject,-1.1491331358173367
1,4,10,5,3,0,0,0,4,10,10,0,10,39,4,2,14,253,172,81,15,0.6798418972332015,0.3201581027667984,0.0118577075098814,0.0395256916996047,0.1541501976284585,0.0079051383399209,0.0395256916996047,0.0079051383399209,0.0592885375494071,4,4.0,java,dropbox/dropbox-sdk-java,DropboxBrowse.slurpUtf8Part,1.6092786207919845
1,5,18,9,11,3,0,0,2,26,28,4,22,125,16,11,26,753,532,221,18,0.7065073041168659,0.2934926958831341,0.0185922974767596,0.0345285524568393,0.1660026560424966,0.0146082337317397,0.0239043824701195,0.0146082337317397,0.0239043824701195,15,5.0,java,OpenLiberty/open-liberty,MethodAttribUtils.getXMLAsynchronousMethods,8.218655478326578
1,1,0,0,2,0,0,0,0,1,1,1,2,9,3,2,1,57,37,20,10,0.6491228070175439,0.3508771929824561,0.0350877192982456,0.0175438596491228,0.1578947368421052,0.0350877192982456,0.0,0.0350877192982456,0.175438596491228,3,1.0,java,Samsung/GearVRf,OrientedLayout.setOrientation,-1.7483953723463015
1,0,0,0,2,0,0,0,0,2,4,1,2,7,3,2,4,87,58,29,9,0.6666666666666666,0.3333333333333333,0.0229885057471264,0.0229885057471264,0.0804597701149425,0.0229885057471264,0.0,0.0229885057471264,0.1034482758620689,3,0.0,java,asterisk-java/asterisk-java,AgiServerThread.startup,-1.4332557234329175
1,4,4,2,2,0,0,0,1,3,8,0,7,24,3,1,8,201,139,62,10,0.6915422885572139,0.308457711442786,0.0099502487562189,0.0149253731343283,0.1194029850746268,0.0049751243781094,0.0199004975124378,0.0049751243781094,0.0497512437810945,3,4.0,java,amzn/ion-java,SharedSymbolTable.newSharedSymbolTable,-0.046893348765851904
1,2,2,1,1,1,0,0,2,0,0,0,2,12,3,0,2,79,51,28,9,0.6455696202531646,0.3544303797468354,0.0253164556962025,0.0,0.1518987341772152,0.0,0.0253164556962025,0.0,0.1139240506329113,3,2.0,java,elki-project/elki,NearestNeighborAffinityMatrixBuilder.containsIndex,-1.2613053994168963
1,1,2,1,1,0,0,0,2,7,7,0,1,15,2,0,1,90,58,32,10,0.6444444444444445,0.3555555555555555,0.0111111111111111,0.0777777777777777,0.1666666666666666,0.0,0.0222222222222222,0.0,0.1111111111111111,2,1.0,java,eclipse/xtext-extras,StandardTypeReferenceOwner.newReferenceTo,-1.2252779861907417
1,2,0,0,0,0,0,0,1,4,4,0,0,11,1,0,0,64,40,24,11,0.625,0.375,0.0,0.0625,0.171875,0.0,0.0,0.0,0.171875,1,2.0,java,jMotif/SAX,EuclideanDistance.distance,-2.246303755058037
1,2,18,9,6,1,0,0,2,12,14,5,14,74,9,9,17,413,284,129,17,0.6876513317191283,0.3123486682808716,0.0169491525423728,0.0290556900726392,0.1791767554479419,0.0217917675544794,0.0435835351089588,0.0217917675544794,0.0411622276029055,8,2.0,java,headius/invokebinder,Signature.collect,4.287783187187828
1,2,2,1,0,0,0,0,0,6,6,0,1,16,1,2,8,112,78,34,13,0.6964285714285714,0.3035714285714285,0.0,0.0535714285714285,0.1428571428571428,0.0178571428571428,0.0178571428571428,0.0178571428571428,0.1160714285714285,1,2.0,java,facebookarchive/hadoop-20,FairSchedulerServlet.showAdminFormPreemption,-1.2746696846599561
1,1,0,0,0,0,0,0,2,3,3,0,0,12,3,2,3,78,51,27,10,0.6538461538461539,0.3461538461538461,0.0,0.0384615384615384,0.1538461538461538,0.0256410256410256,0.0,0.0256410256410256,0.1282051282051282,1,1.0,java,Red5/red5-io,FLVWriter.writeStream,-1.8738697512952178
1,3,0,0,0,0,0,0,0,6,6,0,0,18,1,3,2,77,54,23,8,0.7012987012987013,0.2987012987012987,0.0,0.0779220779220779,0.2337662337662337,0.0389610389610389,0.0,0.0389610389610389,0.1038961038961039,1,3.0,java,pravega/pravega,TransactionMetrics.createTransaction,-1.6870955648341215
1,1,2,1,2,0,0,0,2,2,2,1,3,14,4,1,4,90,62,28,9,0.6888888888888889,0.3111111111111111,0.0222222222222222,0.0222222222222222,0.1555555555555555,0.0111111111111111,0.0222222222222222,0.0111111111111111,0.1,3,1.0,java,stagemonitor/stagemonitor,ConfigurationRegistry.getString,-0.941782821012039
1,4,0,0,1,0,0,0,1,5,5,1,0,23,2,3,0,110,76,34,11,0.6909090909090909,0.3090909090909091,0.009090909090909,0.0454545454545454,0.209090909090909,0.0272727272727272,0.0,0.0272727272727272,0.1,2,4.0,java,blinkfox/zealot,ZealotKhala.doIsNull,-1.122895841956971
1,0,1,1,1,0,0,0,1,2,3,0,1,11,3,2,1,91,61,30,13,0.6703296703296703,0.3296703296703296,0.0109890109890109,0.0219780219780219,0.1208791208791208,0.0219780219780219,0.0109890109890109,0.0219780219780219,0.1428571428571428,2,0.0,java,aws/aws-sdk-java,DescribeTrustedAdvisorChecksResult.withChecks,-1.5405459219204534
1,0,16,8,0,0,0,0,0,16,16,0,9,40,1,4,7,219,140,79,12,0.639269406392694,0.3607305936073059,0.0,0.0730593607305936,0.182648401826484,0.0182648401826484,0.0730593607305936,0.0182648401826484,0.0547945205479452,1,0.0,java,HanSolo/Medusa,Gauge.calcAutoScale,0.9084588105149963
1,3,18,9,0,2,0,0,1,3,5,1,15,41,3,1,8,229,151,78,12,0.6593886462882096,0.3406113537117904,0.0087336244541484,0.0131004366812227,0.1790393013100436,0.0043668122270742,0.0786026200873362,0.0043668122270742,0.0524017467248908,3,3.0,java,lessthanoptimal/BoofCV,CalibrationDetectorCircleHexagonalGrid.createLayout,1.4419155766106224
1,0,0,0,0,0,0,0,0,3,3,3,0,12,1,3,2,56,37,19,8,0.6607142857142857,0.3392857142857143,0.0,0.0535714285714285,0.2142857142857142,0.0535714285714285,0.0,0.0535714285714285,0.1428571428571428,1,0.0,java,zaproxy/zaproxy,AlertParam.parse,-2.1888978104260755
1,1,12,6,14,1,0,0,0,32,32,3,8,107,23,14,17,642,451,191,21,0.7024922118380063,0.2975077881619937,0.0233644859813084,0.0498442367601246,0.1666666666666666,0.0218068535825545,0.0186915887850467,0.0218068535825545,0.0327102803738317,16,1.0,java,google/j2objc,DOM3TreeWalker.initProperties,7.380610741874614
1,1,0,0,0,0,0,0,1,1,1,0,0,7,1,0,0,47,31,16,7,0.6595744680851063,0.3404255319148936,0.0,0.0212765957446808,0.1489361702127659,0.0,0.0,0.0,0.1489361702127659,1,1.0,java,jOOQ/jOOL,Sneaky.binaryOperator,-2.5527889346323844
2,4,9,5,4,0,0,0,2,13,17,3,6,57,8,6,10,415,282,133,13,0.6795180722891566,0.3204819277108434,0.0096385542168674,0.0313253012048192,0.1373493975903614,0.0144578313253012,0.0216867469879518,0.0144578313253012,0.0313253012048192,5,2.0,java,OpenTSDB/opentsdb,Tree.storeTree,2.6833414524505796
1,0,0,0,1,0,0,0,1,3,3,1,1,12,2,1,2,67,45,22,13,0.6716417910447762,0.3283582089552239,0.0149253731343283,0.044776119402985,0.1791044776119403,0.0149253731343283,0.0,0.0149253731343283,0.1940298507462686,2,0.0,java,opensourceBIM/BIMserver,Ifc2x3tc1PackageImpl.getIfcElectricHeaterTypeEnum,-1.8514712442265806
1,2,0,0,1,0,0,0,2,5,5,0,1,19,2,0,0,80,55,25,9,0.6875,0.3125,0.0125,0.0625,0.2375,0.0,0.0,0.0,0.1125,2,2.0,java,recommenders/rival,DataModel.getUserItemPreference,-1.4411335322260077
1,1,4,2,3,0,0,0,4,6,6,0,4,22,3,0,5,148,100,48,13,0.6756756756756757,0.3243243243243243,0.0202702702702702,0.0405405405405405,0.1486486486486486,0.0,0.027027027027027,0.0,0.0878378378378378,4,1.0,java,eclipse/xtext-extras,JvmTypeConstraintImplCustom.isLikelyAValidConstraintBound,-0.0038450524395946665
1,1,10,5,0,1,0,0,1,5,6,3,1,32,2,4,1,143,96,47,10,0.6713286713286714,0.3286713286713286,0.0069930069930069,0.0349650349650349,0.2237762237762237,0.0279720279720279,0.0699300699300699,0.0279720279720279,0.0699300699300699,2,1.0,java,kaichunlin/android-transition,ViewTransitionBuilder.transitViewGroup,-0.029943759382530178
1,0,0,0,1,0,0,0,1,3,3,1,1,12,2,1,2,67,45,22,13,0.6716417910447762,0.3283582089552239,0.0149253731343283,0.044776119402985,0.1791044776119403,0.0149253731343283,0.0,0.0149253731343283,0.1940298507462686,2,0.0,java,opensourceBIM/BIMserver,Ifc2x3tc1PackageImpl.getIfcAxis2Placement2D,-1.8514712442265806
1,2,0,0,0,0,0,0,1,0,1,0,0,5,1,0,0,60,39,21,7,0.65,0.35,0.0,0.0,0.0833333333333333,0.0,0.0,0.0,0.1166666666666666,1,2.0,java,VoltDB/voltdb,Constraints.constrainedSet,-2.4294875570959893
1,0,26,13,4,0,0,0,0,37,53,2,4,109,8,20,4,597,415,182,12,0.695142378559464,0.304857621440536,0.0067001675041876,0.0619765494137353,0.1825795644891122,0.033500837520938,0.0435510887772194,0.033500837520938,0.0201005025125628,5,0.0,java,camunda/camunda-bpm-platform,ProcessEngineConfigurationImpl.initJobExecutor,5.8038041214017575
1,1,0,0,0,0,0,1,2,4,4,0,0,14,1,3,0,81,51,30,10,0.6296296296296297,0.3703703703703703,0.0,0.0493827160493827,0.1728395061728395,0.037037037037037,0.0,0.037037037037037,0.1234567901234567,1,1.0,java,yan74/afplib,MGORGImpl.eUnset,-1.725957376594132
1,0,0,0,1,0,0,0,1,0,1,1,1,6,2,1,1,60,40,20,10,0.6666666666666666,0.3333333333333333,0.0166666666666666,0.0,0.1,0.0166666666666666,0.0,0.0166666666666666,0.1666666666666666,2,0.0,java,eclipse/xtext-extras,JvmStringAnnotationValueImpl.getValues,-2.101468842504022
1,1,2,1,0,0,0,0,0,1,1,1,0,8,2,2,0,45,29,16,7,0.6444444444444445,0.3555555555555555,0.0,0.0222222222222222,0.1777777777777777,0.0444444444444444,0.0444444444444444,0.0444444444444444,0.1555555555555555,1,1.0,java,knightliao/disconf,ReloadablePropertiesBase.setProperties,-2.27004500597711
2,2,4,2,1,0,0,0,3,10,13,0,1,29,5,0,3,272,180,92,20,0.6617647058823529,0.3382352941176471,0.0036764705882352,0.0367647058823529,0.1066176470588235,0.0,0.0147058823529411,0.0,0.0735294117647058,2,1.0,java,Azure/azure-sdk-for-java,WebSiteManagementClientImpl.listPremierAddOnOffersNextSinglePageAsync,0.5720380897905474
1,1,0,0,0,0,0,0,0,11,11,0,0,33,1,10,0,126,86,40,9,0.6825396825396826,0.3174603174603174,0.0,0.0873015873015873,0.2619047619047619,0.0793650793650793,0.0,0.0793650793650793,0.0714285714285714,1,1.0,java,apache/incubator-druid,FixedBucketsHistogram.writeByteBufferCommonFields,-1.0402011865940917
1,1,0,0,0,0,0,0,1,1,1,0,0,6,1,0,0,52,33,19,7,0.6346153846153846,0.3653846153846153,0.0,0.0192307692307692,0.1153846153846153,0.0,0.0,0.0,0.1346153846153846,1,1.0,java,op4j/op4j,Op.on,-2.5491371845489814
1,3,12,6,0,0,0,0,1,10,10,0,7,46,1,2,4,208,141,67,10,0.6778846153846154,0.3221153846153846,0.0,0.048076923076923,0.2211538461538461,0.0096153846153846,0.0576923076923076,0.0096153846153846,0.048076923076923,1,3.0,java,katjahahn/PortEx,PELoader.reloadCOFFFileHeader,0.4163699056531195
1,1,4,2,2,0,0,0,0,1,1,6,4,28,4,8,5,150,100,50,11,0.6666666666666666,0.3333333333333333,0.0133333333333333,0.0066666666666666,0.1866666666666666,0.0533333333333333,0.0266666666666666,0.0533333333333333,0.0733333333333333,3,1.0,java,google/j2objc,NodeVector.push,-0.27218188333462523
4,5,14,7,3,0,0,0,3,25,28,1,4,87,8,7,4,479,330,149,17,0.6889352818371608,0.3110647181628392,0.0062630480167014,0.0521920668058455,0.1816283924843423,0.0146137787056367,0.0292275574112734,0.0146137787056367,0.0354906054279749,4,1.25,java,jenkinsci/jenkins,ItemListener.fireLocationChange,4.0178975224803235
1,0,4,2,2,0,0,0,1,7,9,0,1,17,3,2,3,123,82,41,9,0.6666666666666666,0.3333333333333333,0.016260162601626,0.056910569105691,0.1382113821138211,0.016260162601626,0.032520325203252,0.016260162601626,0.073170731707317,3,0.0,java,tvesalainen/util,SimpleWorkflow.join,-0.5960501624859568
1,2,0,0,0,0,0,0,0,4,4,0,0,12,1,4,1,74,50,24,8,0.6756756756756757,0.3243243243243243,0.0,0.054054054054054,0.1621621621621621,0.054054054054054,0.0,0.054054054054054,0.1081081081081081,1,2.0,java,jnr/jnr-x86asm,TrampolineWriter.writeTrampoline,-1.9477851830780581
1,1,6,3,8,0,0,0,0,7,7,16,28,63,10,16,11,491,327,164,16,0.6659877800407332,0.3340122199592668,0.0162932790224032,0.0142566191446028,0.1283095723014256,0.0325865580448065,0.0122199592668024,0.0325865580448065,0.0325865580448065,9,1.0,java,stephanrauh/AngularFaces,NGBeanAttributeInfo.readJSR303Annotations,4.042621881378349
1,1,0,0,2,0,0,0,1,5,5,0,2,15,3,3,2,85,57,28,8,0.6705882352941176,0.3294117647058823,0.0235294117647058,0.0588235294117647,0.1764705882352941,0.0352941176470588,0.0,0.0352941176470588,0.0941176470588235,3,1.0,java,rapidoid/rapidoid,Form.add,-1.1718408116670989
1,4,12,6,5,0,0,0,2,13,15,3,5,60,8,6,5,324,224,100,14,0.691358024691358,0.3086419753086419,0.015432098765432,0.0401234567901234,0.1851851851851851,0.0185185185185185,0.037037037037037,0.0185185185185185,0.0432098765432098,6,4.0,java,google/closure-compiler,PolymerPassStaticUtils.extractProperties,2.6579078268162863
1,3,18,9,5,1,0,0,2,2,2,5,17,57,9,6,13,355,235,120,14,0.6619718309859155,0.3380281690140845,0.0169014084507042,0.0056338028169014,0.1605633802816901,0.0169014084507042,0.0507042253521126,0.0169014084507042,0.0394366197183098,7,3.0,java,TheHortonMachine/hortonmachine,UCSReader.readUCS2,3.2109812251425254
1,2,4,2,2,0,0,0,4,9,9,0,4,36,6,1,5,187,131,56,12,0.7005347593582888,0.2994652406417112,0.0106951871657754,0.0481283422459893,0.1925133689839572,0.0053475935828877,0.0213903743315508,0.0053475935828877,0.0641711229946524,3,2.0,java,alkacon/opencms-core,CmsElementView.hasPermission,0.40652386902286647
2,1,4,2,0,0,0,0,0,9,11,0,0,23,2,5,1,129,87,42,13,0.6744186046511628,0.3255813953488372,0.0,0.0697674418604651,0.1782945736434108,0.0387596899224806,0.0310077519379844,0.0387596899224806,0.1007751937984496,1,0.5,java,facebookarchive/hadoop-20,ServerView.createContextMenu,-0.744346061184252
1,3,6,3,0,0,0,0,1,1,1,0,4,25,1,1,1,116,75,41,9,0.646551724137931,0.3534482758620689,0.0,0.0086206896551724,0.2155172413793103,0.0086206896551724,0.0517241379310344,0.0086206896551724,0.0775862068965517,1,3.0,java,MariaDB/mariadb-connector-j,Utils.copyRange,-1.1764635140873125
1,2,0,0,1,0,0,0,0,7,9,0,2,23,4,3,3,138,95,43,12,0.6884057971014492,0.3115942028985507,0.0072463768115942,0.0507246376811594,0.1666666666666666,0.0217391304347826,0.0,0.0217391304347826,0.0869565217391304,2,2.0,java,aws/aws-sdk-java,PutBackupVaultNotificationsRequestMarshaller.marshall,-0.8699796411193591
1,0,2,1,0,0,0,0,1,7,8,0,0,19,2,1,0,114,80,34,13,0.7017543859649122,0.2982456140350877,0.0,0.0614035087719298,0.1666666666666666,0.0087719298245614,0.0175438596491228,0.0087719298245614,0.1140350877192982,1,0.0,java,alkacon/opencms-core,CmsMessageBundleEditorModel.getKeyItemMap,-1.2699178758394956
1,1,8,4,1,1,0,0,1,7,8,0,3,30,4,3,3,160,108,52,12,0.675,0.325,0.0125,0.04375,0.1875,0.01875,0.05,0.01875,0.075,3,1.0,java,strator-dev/greenpepper,NameUtils.humanize,0.19261832016837782
1,2,2,1,1,0,0,0,2,7,7,0,0,16,3,0,2,96,66,30,11,0.6875,0.3125,0.0104166666666666,0.0729166666666666,0.1666666666666666,0.0,0.0208333333333333,0.0,0.1145833333333333,2,2.0,java,alkacon/opencms-core,CmsContainerpageService.isModelPage,-1.0107620524226257
1,1,10,5,0,0,0,0,0,19,21,0,0,47,3,7,3,232,159,73,12,0.6853448275862069,0.3146551724137931,0.0,0.0818965517241379,0.2025862068965517,0.0301724137931034,0.043103448275862,0.0301724137931034,0.0517241379310344,1,1.0,java,jbake-org/jbake,BakeWatcher.start,0.7771166649104267
1,1,0,0,0,0,0,0,0,3,3,0,1,10,1,3,1,53,36,17,7,0.6792452830188679,0.320754716981132,0.0,0.0566037735849056,0.1886792452830188,0.0566037735849056,0.0,0.0566037735849056,0.1320754716981132,1,1.0,java,google/closure-compiler,JSModule.addDependency,-2.2326129933720495
2,11,37,19,2,2,0,0,1,19,30,1,6,136,11,2,7,733,511,222,20,0.6971350613915416,0.3028649386084583,0.0054570259208731,0.0259208731241473,0.1855388813096862,0.0027285129604365,0.0504774897680764,0.0027285129604365,0.0272851296043656,5,5.5,java,finmath/finmath-lib,ModelFactory.getHybridAssetLIBORModel,6.993475455318113
1,1,1,1,0,0,0,0,1,1,1,0,0,6,1,0,1,35,24,11,6,0.6857142857142857,0.3142857142857143,0.0,0.0285714285714285,0.1714285714285714,0.0,0.0285714285714285,0.0,0.1714285714285714,1,1.0,java,codeprimate-software/cp-elements,ElementsExceptionsFactory.newServiceInvocationException,-2.4643706409031005
1,3,0,0,0,0,0,0,1,2,2,0,0,10,1,0,0,46,32,14,7,0.6956521739130435,0.3043478260869565,0.0,0.0434782608695652,0.217391304347826,0.0,0.0,0.0,0.1521739130434782,1,3.0,java,avianey/facebook-api-android-maven,Request.executeGraphPathRequestAsync,-2.3065021488119934
1,0,2,1,2,0,0,0,0,3,5,0,1,11,6,1,1,108,72,36,13,0.6666666666666666,0.3333333333333333,0.0185185185185185,0.0277777777777777,0.1018518518518518,0.0092592592592592,0.0185185185185185,0.0092592592592592,0.1203703703703703,3,0.0,java,Bandwidth/java-bandwidth,BandwidthClient.validateCredentials,-1.028800835311263
1,1,6,3,1,0,1,0,1,17,19,3,0,40,5,5,6,241,165,76,15,0.6846473029045643,0.3153526970954357,0.0082987551867219,0.0705394190871369,0.1659751037344398,0.0207468879668049,0.0248962655601659,0.0207468879668049,0.0622406639004149,3,1.0,java,Impetus/Kundera,ThriftClientFactory.getConnection,1.2999083972352226
1,2,0,0,4,0,0,0,5,15,17,0,3,49,6,1,3,241,169,72,16,0.7012448132780082,0.2987551867219917,0.0165975103734439,0.0622406639004149,0.2033195020746888,0.0041493775933609,0.0,0.0041493775933609,0.0663900414937759,5,2.0,java,lucee/Lucee,Operator.compare,1.1693999457776043
1,2,8,4,4,0,0,0,1,15,15,0,2,49,6,8,9,258,180,78,13,0.6976744186046512,0.3023255813953488,0.0155038759689922,0.0581395348837209,0.189922480620155,0.0310077519379844,0.0310077519379844,0.0310077519379844,0.0503875968992248,5,2.0,java,ModeShape/modeshape,OracleDdlParser.parseCreateProcedureStatement,1.630434190647692
1,2,2,1,1,0,0,0,1,5,6,0,0,19,3,2,0,113,76,37,10,0.672566371681416,0.3274336283185841,0.0088495575221238,0.0442477876106194,0.168141592920354,0.0176991150442477,0.0176991150442477,0.0176991150442477,0.0884955752212389,2,2.0,java,apache/incubator-shardingsphere,ExtractorUtils.getAllDescendantNodes,-1.0862658082589525
1,3,0,0,0,0,0,0,1,2,2,0,0,9,1,0,0,48,31,17,8,0.6458333333333334,0.3541666666666667,0.0,0.0416666666666666,0.1875,0.0,0.0,0.0,0.1666666666666666,1,3.0,java,derari/cthul,Boxing.boxLongs,-2.4318952008683814
1,1,0,0,0,0,0,0,1,3,3,0,0,9,1,1,2,51,37,14,8,0.7254901960784313,0.2745098039215686,0.0,0.0588235294117647,0.1764705882352941,0.0196078431372549,0.0,0.0196078431372549,0.1568627450980392,1,1.0,java,spring-projects/spring-shell,TableBuilder.addInnerBorder,-2.1828367939107554
1,2,0,0,1,0,0,0,0,5,7,0,2,18,4,2,3,120,82,38,12,0.6833333333333333,0.3166666666666666,0.0083333333333333,0.0416666666666666,0.15,0.0166666666666666,0.0,0.0166666666666666,0.1,2,2.0,java,aws/aws-sdk-java,WarningMarshaller.marshall,-1.126880335228837
1,6,10,5,5,0,0,0,0,19,28,2,0,77,15,6,0,530,367,163,13,0.6924528301886792,0.3075471698113207,0.0094339622641509,0.0358490566037735,0.1452830188679245,0.0113207547169811,0.0188679245283018,0.0113207547169811,0.0245283018867924,6,6.0,java,gsi-upm/Shanks,ComplexScenario.addScenario,3.673278270886564
1,0,0,0,1,0,1,4,0,18,18,1,2,31,3,14,13,370,233,137,20,0.6297297297297297,0.3702702702702702,0.0054054054054054,0.0486486486486486,0.0837837837837837,0.0378378378378378,0.0,0.0378378378378378,0.054054054054054,3,0.0,java,j-a-w-r/jawr-main-repo,JSMin.jsmin,2.1530537008941
1,1,0,0,1,0,0,0,1,2,3,0,1,6,1,0,2,53,35,18,8,0.660377358490566,0.3396226415094339,0.0188679245283018,0.0377358490566037,0.1132075471698113,0.0,0.0,0.0,0.1509433962264151,2,1.0,java,schallee/alib4j,PkgRes.getPackageName,-2.069881438108629
2,2,0,0,0,0,0,0,2,3,4,0,0,10,2,0,0,115,73,42,15,0.6347826086956522,0.3652173913043478,0.0,0.0260869565217391,0.0869565217391304,0.0,0.0,0.0,0.1304347826086956,1,1.0,java,Azure/azure-sdk-for-java,FileServersInner.listByResourceGroupNextAsync,-1.614488903061439
1,1,6,3,0,1,0,0,0,3,4,1,2,19,2,2,0,101,66,35,10,0.6534653465346535,0.3465346534653465,0.0099009900990099,0.0297029702970297,0.1881188118811881,0.0198019801980198,0.0594059405940594,0.0198019801980198,0.099009900990099,2,1.0,java,anotheria/moskito,BuiltinErrorCatcher.trimList,-0.936036059142641
1,1,2,1,0,0,1,0,1,4,4,1,1,19,2,1,2,83,57,26,9,0.6867469879518072,0.3132530120481928,0.0120481927710843,0.0481927710843373,0.2289156626506024,0.0120481927710843,0.0240963855421686,0.0120481927710843,0.108433734939759,2,1.0,java,atomix/atomix,AbstractBuffer.calculateCapacity,-1.0777359089823924
1,3,6,3,0,0,0,0,0,13,13,0,1,43,1,1,8,217,153,64,11,0.7050691244239631,0.2949308755760368,0.0,0.0599078341013824,0.1981566820276497,0.0046082949308755,0.0276497695852534,0.0046082949308755,0.0506912442396313,1,3.0,java,cdk/cdk,CDKToBeam.addExtendedTetrahedralConfiguration,0.0012799276033021196
1,0,0,0,1,0,0,0,1,4,5,0,1,13,2,2,2,78,54,24,10,0.6923076923076923,0.3076923076923077,0.0128205128205128,0.0512820512820512,0.1666666666666666,0.0256410256410256,0.0,0.0256410256410256,0.1282051282051282,2,0.0,java,OpenLiberty/open-liberty,MessageProcessor.discardMsgsAfterQueueDeletion,-1.6083172551879616
1,1,0,0,1,0,0,0,1,0,1,2,1,6,3,2,2,59,39,20,9,0.6610169491525424,0.3389830508474576,0.0169491525423728,0.0,0.1016949152542373,0.0338983050847457,0.0,0.0338983050847457,0.1525423728813559,2,1.0,java,Azure/azure-sdk-for-java,FileGetPropertiesFromTaskOptions.withIfModifiedSince,-1.9284006250959478
1,2,8,4,0,0,0,0,1,0,1,2,7,26,1,2,3,149,95,54,11,0.6375838926174496,0.3624161073825503,0.0,0.0,0.174496644295302,0.0134228187919463,0.0536912751677852,0.0134228187919463,0.0738255033557047,1,2.0,java,tango-controls/JTango,PollThread.time_diff,-0.7400595275479701
1,3,10,5,1,2,0,0,2,2,2,0,3,27,2,0,2,137,90,47,10,0.656934306569343,0.3430656934306569,0.0218978102189781,0.0145985401459854,0.1970802919708029,0.0,0.072992700729927,0.0,0.072992700729927,4,3.0,java,aoindustries/aocode-public,StringUtility.indexOf,0.1859706711645947
1,1,4,2,2,0,0,0,1,3,4,1,4,21,3,1,3,117,79,38,14,0.6752136752136753,0.3247863247863248,0.017094017094017,0.0256410256410256,0.1794871794871795,0.0085470085470085,0.0341880341880341,0.0085470085470085,0.1196581196581196,3,1.0,java,real-logic/simple-binary-encoding,JavaUtil.formatPropertyName,-0.6377755139618702
1,4,6,3,2,0,0,0,6,19,21,4,2,55,14,8,5,367,245,122,16,0.667574931880109,0.332425068119891,0.0054495912806539,0.0517711171662125,0.1498637602179836,0.0217983651226158,0.0163487738419618,0.0217983651226158,0.0435967302452316,3,4.0,java,jboss/jboss-jstl-api_spec,JstlBaseTLV.validate,2.720466062070502
1,2,4,2,3,0,0,0,4,8,8,0,12,41,4,1,7,212,141,71,11,0.6650943396226415,0.3349056603773584,0.0141509433962264,0.0377358490566037,0.1933962264150943,0.0047169811320754,0.0188679245283018,0.0047169811320754,0.0518867924528301,4,2.0,java,spotbugs/spotbugs,UselessSubclassMethod.differentAttributes,0.6509823790364482
1,1,0,0,1,0,1,0,1,3,5,1,2,12,3,2,1,101,66,35,11,0.6534653465346535,0.3465346534653465,0.0198019801980198,0.0297029702970297,0.1188118811881188,0.0198019801980198,0.0,0.0198019801980198,0.1089108910891089,3,1.0,java,ist-dresden/composum,ComponentTag.getReplacedAttributes,-0.9865859252066896
1,0,2,1,1,0,0,0,2,2,2,0,1,6,3,0,4,61,41,20,8,0.6721311475409836,0.3278688524590163,0.0163934426229508,0.0327868852459016,0.0983606557377049,0.0,0.0327868852459016,0.0,0.1311475409836065,2,0.0,java,petergeneric/stdlib,MediaInfoTrack.getOtherTrackType,-1.6213257077784056
1,1,4,2,0,0,0,0,0,65,88,0,10,193,1,13,26,917,670,247,18,0.7306434023991276,0.2693565976008724,0.0,0.0708833151581243,0.2104689203925845,0.0141766630316248,0.0043620501635768,0.0141766630316248,0.0196292257360959,1,1.0,java,phax/ph-bdve,EN16931Validation.initEN16931,6.612322045036257
1,2,4,2,2,0,0,0,1,6,8,1,1,23,4,3,2,126,85,41,11,0.6746031746031746,0.3253968253968254,0.0158730158730158,0.0476190476190476,0.1825396825396825,0.0238095238095238,0.0317460317460317,0.0238095238095238,0.0873015873015873,3,2.0,java,bushidowallet/bushido-java-service,V2WalletServiceImpl.getTransactionsKeys,-0.37110481632549913
1,3,2,1,1,0,0,0,2,4,5,0,3,18,2,0,2,97,67,30,9,0.6907216494845361,0.3092783505154639,0.0103092783505154,0.0412371134020618,0.1855670103092783,0.0,0.0206185567010309,0.0,0.0927835051546391,2,3.0,java,wisdom-framework/wisdom-jcr,RepositoryManagerImpl.getSession,-1.07995146799835
1,1,2,1,1,0,0,0,2,2,6,1,1,12,4,1,3,121,82,39,11,0.6776859504132231,0.3223140495867768,0.0082644628099173,0.0165289256198347,0.0991735537190082,0.0082644628099173,0.0165289256198347,0.0082644628099173,0.0909090909090909,2,1.0,java,MKLab-ITI/multimedia-indexing,ImageIOGreyScale.getImageWritersByMIMEType,-1.022492195814715
1,1,2,1,2,0,0,0,1,12,13,0,0,24,3,4,5,155,105,50,10,0.6774193548387096,0.3225806451612903,0.0129032258064516,0.0774193548387096,0.1548387096774193,0.0258064516129032,0.0129032258064516,0.0258064516129032,0.064516129032258,3,1.0,java,apache/groovy,GroovyMBean.describeAttribute,-0.25764487764981436
1,2,2,1,0,0,0,0,1,2,2,0,0,9,1,0,0,51,34,17,7,0.6666666666666666,0.3333333333333333,0.0,0.0392156862745098,0.1764705882352941,0.0,0.0392156862745098,0.0,0.1372549019607843,1,2.0,java,artikcloud/artikcloud-java,WhitelistingApi.deleteVdid,-2.1118416559446964
1,2,2,1,0,0,0,0,1,1,2,0,0,7,1,0,0,46,31,15,7,0.6739130434782609,0.3260869565217391,0.0,0.0217391304347826,0.1521739130434782,0.0,0.0434782608695652,0.0,0.1521739130434782,1,2.0,java,netscaler/nitro,shutdown.Shutdown,-2.207669158979365
1,2,0,0,0,0,0,0,1,1,1,0,0,9,1,0,0,40,26,14,7,0.65,0.35,0.0,0.025,0.225,0.0,0.0,0.0,0.175,1,2.0,java,duracloud/snapshot,SnapshotHistory.compare,-2.6287202415328723
1,1,0,0,1,0,0,0,2,3,3,0,1,11,2,0,1,66,44,22,8,0.6666666666666666,0.3333333333333333,0.0151515151515151,0.0454545454545454,0.1666666666666666,0.0,0.0,0.0,0.1212121212121212,2,1.0,java,kmi/iserve,ServiceManagerIndexRdf.listInputs,-1.7687276228444668
1,5,14,7,5,0,0,0,1,14,19,2,7,78,4,8,6,417,296,121,13,0.709832134292566,0.290167865707434,0.0119904076738609,0.0335731414868105,0.1870503597122302,0.0191846522781774,0.0335731414868105,0.0191846522781774,0.0311750599520383,6,5.0,java,jbundle/jbundle,ReferenceField.setupIconView,3.1151622093431293
1,0,0,0,2,0,0,0,1,0,2,2,1,20,4,2,1,144,104,40,12,0.7222222222222222,0.2777777777777778,0.0138888888888888,0.0,0.1388888888888889,0.0138888888888888,0.0,0.0138888888888888,0.0833333333333333,3,0.0,java,openbaton/openbaton-client,NFVORequestor.getNetworkServiceDescriptorAgent,-0.9580745837389152
2,2,6,3,8,0,0,0,8,14,19,1,7,49,13,1,18,403,278,125,23,0.6898263027295285,0.3101736972704714,0.0198511166253101,0.0347394540942928,0.1215880893300248,0.0024813895781637,0.0148883374689826,0.0024813895781637,0.0570719602977667,9,1.0,java,OpenLiberty/open-liberty,RepositoryReaderImpl.containsLogFiles,3.930654417054991
1,2,0,0,0,0,0,1,0,21,22,10,14,89,1,17,12,420,284,136,12,0.6761904761904762,0.3238095238095238,0.0,0.05,0.2119047619047619,0.0404761904761904,0.0,0.0404761904761904,0.0285714285714285,1,2.0,java,Samsung/GearVRf,AiMesh.allocateDataChannel,2.12725528152626
1,2,0,0,1,0,0,0,0,7,9,0,2,23,4,3,3,138,95,43,12,0.6884057971014492,0.3115942028985507,0.0072463768115942,0.0507246376811594,0.1666666666666666,0.0217391304347826,0.0,0.0217391304347826,0.0869565217391304,2,2.0,java,aws/aws-sdk-java,GetDeviceDefinitionVersionRequestMarshaller.marshall,-0.8699796411193591
1,5,4,2,2,0,0,0,3,4,4,0,2,27,3,0,5,142,98,44,8,0.6901408450704225,0.3098591549295774,0.0140845070422535,0.028169014084507,0.1901408450704225,0.0,0.028169014084507,0.0,0.056338028169014,3,5.0,java,liferay/com-liferay-commerce,CPAttachmentFileEntryPersistenceImpl.fetchByC_C_T_NotST_Last,-0.2783286000009446
1,0,4,2,1,1,0,0,2,2,2,1,4,19,4,1,3,115,77,38,11,0.6695652173913044,0.3304347826086956,0.017391304347826,0.017391304347826,0.1652173913043478,0.008695652173913,0.0347826086956521,0.008695652173913,0.0956521739130434,3,0.0,java,michael-rapp/AndroidMaterialDialog,ListDialogDecorator.getCheckedItems,-0.6337696873483739
1,1,6,3,2,0,0,1,3,3,3,3,3,34,4,4,8,207,137,70,12,0.6618357487922706,0.3381642512077294,0.0096618357487922,0.0144927536231884,0.1642512077294686,0.0193236714975845,0.0289855072463768,0.0193236714975845,0.0579710144927536,3,1.0,java,Trilarion/java-vorbis-support,CodeBook.decode,0.4486700926553064
1,1,2,1,0,0,0,0,1,2,4,0,0,9,1,2,1,70,46,24,8,0.6571428571428571,0.3428571428571428,0.0,0.0285714285714285,0.1285714285714285,0.0285714285714285,0.0285714285714285,0.0285714285714285,0.1142857142857142,1,1.0,java,mapbox/mapbox-events-android,LocationEngineResult.create,-1.9291963092201485
2,2,0,0,0,0,0,0,2,3,4,0,0,10,2,0,0,115,73,42,15,0.6347826086956522,0.3652173913043478,0.0,0.0260869565217391,0.0869565217391304,0.0,0.0,0.0,0.1304347826086956,1,1.0,java,Azure/azure-sdk-for-java,VaultsInner.listNextAsync,-1.614488903061439
1,1,0,0,0,0,0,0,1,1,1,0,0,4,1,0,1,34,24,10,6,0.7058823529411765,0.2941176470588235,0.0,0.0294117647058823,0.1176470588235294,0.0,0.0,0.0,0.1764705882352941,1,1.0,java,gallandarakhneorg/afc,XMLUtil.readXMLFragment,-2.6249761208759628
1,2,6,3,2,0,0,0,2,9,11,0,3,40,3,0,2,187,132,55,11,0.7058823529411765,0.2941176470588235,0.0106951871657754,0.0481283422459893,0.213903743315508,0.0,0.0320855614973262,0.0,0.0588235294117647,3,2.0,java,timewalker74/ffmq,FFMQQueueConnectionFactory.createQueueConnection,0.25203022536131997
1,3,0,0,0,0,0,0,0,1,3,0,0,9,1,1,0,49,34,15,10,0.6938775510204082,0.3061224489795918,0.0,0.0204081632653061,0.1836734693877551,0.0204081632653061,0.0,0.0204081632653061,0.2040816326530612,1,3.0,java,morimekta/utils,SubCommandSet.printUsage,-2.4454204327047857
1,0,0,0,3,0,0,0,0,8,8,2,3,24,4,6,7,167,117,50,10,0.7005988023952096,0.2994011976047904,0.0179640718562874,0.0479041916167664,0.1437125748502994,0.0359281437125748,0.0,0.0359281437125748,0.059880239520958,4,0.0,java,OpenLiberty/open-liberty,JmsMsgConsumerImpl.emergencyClose,-0.22410094640105724
1,1,2,1,3,0,0,0,2,3,4,4,7,31,3,2,2,145,97,48,11,0.6689655172413793,0.3310344827586207,0.0206896551724137,0.0206896551724137,0.2137931034482758,0.0137931034482758,0.0137931034482758,0.0137931034482758,0.0758620689655172,4,1.0,java,google/j2objc,Buffer.writableSegment,-0.2179840863815406
1,4,4,2,2,1,0,0,1,4,4,3,8,32,3,4,7,178,119,59,17,0.6685393258426966,0.3314606741573033,0.0168539325842696,0.0224719101123595,0.1797752808988764,0.0224719101123595,0.0224719101123595,0.0224719101123595,0.095505617977528,4,4.0,java,h2oai/h2o-3,ModelUtils.sampleOOBRows,0.4254629492742693
1,1,0,0,1,0,0,0,0,2,2,1,1,11,2,2,1,63,42,21,11,0.6666666666666666,0.3333333333333333,0.0158730158730158,0.0317460317460317,0.1746031746031746,0.0317460317460317,0.0,0.0317460317460317,0.1746031746031746,2,1.0,java,BranchMetrics/android-branch-deep-linking,BranchLinkData.putStage,-1.9528447369629727
2,1,0,0,0,0,0,0,2,2,4,0,0,8,2,0,0,76,50,26,14,0.6578947368421053,0.3421052631578947,0.0,0.0263157894736842,0.1052631578947368,0.0,0.0,0.0,0.1842105263157894,1,0.5,java,exoplatform/jcr,FSDirectoryManager.hasDirectory,-1.9989669056008328
1,0,2,1,1,0,0,1,11,10,10,0,10,18,2,0,5,246,157,89,18,0.6382113821138211,0.3617886178861789,0.0040650406504065,0.040650406504065,0.073170731707317,0.0,0.008130081300813,0.0,0.073170731707317,2,0.0,java,yonik/noggit,JSONParser.readEscapedChar,0.7870364899004073
1,4,2,1,2,0,0,0,0,5,7,1,1,26,4,4,2,149,103,46,11,0.6912751677852349,0.3087248322147651,0.0134228187919463,0.0335570469798657,0.174496644295302,0.0268456375838926,0.0134228187919463,0.0268456375838926,0.0738255033557047,3,4.0,java,PureSolTechnologies/parsers,PackratMemo.setMemo,-0.4215474945170531
1,1,2,1,0,0,0,0,1,0,0,0,1,10,1,0,1,47,32,15,7,0.6808510638297872,0.3191489361702128,0.0,0.0,0.2127659574468085,0.0,0.0425531914893617,0.0,0.1489361702127659,1,1.0,java,google/error-prone-javac,WorkArounds.getLocationForModule,-2.26770289822879
1,1,2,1,5,0,0,0,0,3,9,0,5,25,9,0,12,245,170,75,15,0.6938775510204082,0.3061224489795918,0.0204081632653061,0.0122448979591836,0.1020408163265306,0.0,0.0081632653061224,0.0,0.0612244897959183,6,1.0,java,groovy/gmaven,FailClosureTarget.call,0.688025096059681
1,1,0,0,0,0,0,0,1,0,0,3,0,12,1,3,0,52,33,19,6,0.6346153846153846,0.3653846153846153,0.0,0.0,0.2307692307692307,0.0576923076923076,0.0,0.0576923076923076,0.1153846153846153,1,1.0,java,JOML-CI/JOML,Vector3i.negate,-2.3390435212251495
3,5,0,0,0,0,0,0,0,3,4,0,0,19,3,3,0,120,76,44,13,0.6333333333333333,0.3666666666666666,0.0,0.025,0.1583333333333333,0.025,0.0,0.025,0.1083333333333333,1,1.6666666666666667,java,kite-sdk/kite,HBaseUtils.addColumnsToGet,-1.3659463345209706
1,2,0,0,0,0,0,0,1,1,1,0,0,9,1,0,0,40,26,14,6,0.65,0.35,0.0,0.025,0.225,0.0,0.0,0.0,0.15,1,2.0,java,couchbase/couchbase-lite-java,MutableDocument.setArray,-2.5788276939785924
1,1,0,0,0,0,0,0,0,1,1,0,0,7,1,1,0,38,25,13,7,0.6578947368421053,0.3421052631578947,0.0,0.0263157894736842,0.1842105263157894,0.0263157894736842,0.0,0.0263157894736842,0.1842105263157894,1,1.0,java,xwiki/xwiki-rendering,QueueListener.beginDefinitionList,-2.74755973012488
1,2,8,4,1,0,0,0,3,7,7,0,1,34,5,1,7,189,131,58,10,0.6931216931216931,0.3068783068783068,0.0052910052910052,0.037037037037037,0.1798941798941798,0.0052910052910052,0.0423280423280423,0.0052910052910052,0.0529100529100529,2,2.0,java,Alluxio/alluxio,UfsJournalFile.decodeLogFile,0.21718606960810483
1,4,0,0,0,0,0,0,1,1,1,0,0,11,1,0,1,60,40,20,6,0.6666666666666666,0.3333333333333333,0.0,0.0166666666666666,0.1833333333333333,0.0,0.0,0.0,0.1,1,4.0,java,liferay/com-liferay-commerce,CommerceDiscountRelPersistenceImpl.findByCommerceDiscountId,-2.1916364719691117
1,2,12,6,1,0,1,0,1,10,11,1,1,36,4,2,2,212,145,67,15,0.6839622641509434,0.3160377358490566,0.0094339622641509,0.0471698113207547,0.1698113207547169,0.0094339622641509,0.0566037735849056,0.0094339622641509,0.070754716981132,3,2.0,java,ontop/ontop,OneShotSQLGeneratorEngine.getConditionsSharedVariables,1.1099301146123037
1,2,0,0,1,0,0,0,0,1,1,0,1,8,2,1,1,44,29,15,8,0.6590909090909091,0.3409090909090909,0.0227272727272727,0.0227272727272727,0.1818181818181818,0.0227272727272727,0.0,0.0227272727272727,0.1818181818181818,2,2.0,java,twotoasters/JazzyListView,JazzyRecyclerViewScrollListener.notifyAdditionalOnScrollStateChangedListener,-2.211431058869157
1,1,0,0,1,0,0,0,1,2,2,0,1,12,2,1,2,83,56,27,11,0.6746987951807228,0.3253012048192771,0.0120481927710843,0.0240963855421686,0.144578313253012,0.0120481927710843,0.0,0.0120481927710843,0.1325301204819277,2,1.0,java,future-architect/uroborosql,AbstractSqlFluent.paramMap,-1.7420332308568434
1,1,0,0,0,0,0,0,0,2,2,0,0,10,1,2,1,49,33,16,7,0.673469387755102,0.3265306122448979,0.0,0.0408163265306122,0.2040816326530612,0.0408163265306122,0.0,0.0408163265306122,0.1428571428571428,1,1.0,java,michael-rapp/AndroidPreferenceActivity,PreferenceActivity.removePreferenceFragmentListener,-2.409619996652504
1,1,3,2,0,0,0,0,1,3,3,0,0,16,1,1,0,76,51,25,9,0.6710526315789473,0.3289473684210526,0.0,0.0394736842105263,0.2105263157894736,0.0131578947368421,0.0394736842105263,0.0131578947368421,0.1184210526315789,1,1.0,java,BioPAX/Paxtools,SelfOrThis.generate,-1.7182521525923828
1,1,2,1,0,0,0,0,1,2,3,0,1,11,1,0,1,86,53,33,10,0.6162790697674418,0.3837209302325581,0.0,0.0232558139534883,0.127906976744186,0.0,0.0232558139534883,0.0,0.1162790697674418,1,1.0,java,DDTH/ddth-redis,JedisRedisClient.setMembersAsBinary,-1.9613669781379417
1,1,0,0,0,0,0,0,1,3,5,0,0,11,1,0,0,71,48,23,11,0.676056338028169,0.323943661971831,0.0,0.0422535211267605,0.1549295774647887,0.0,0.0,0.0,0.1549295774647887,1,1.0,java,DataSketches/sketches-core,DoubleSummary.fromMemory,-2.1216592411770083
1,4,34,17,15,1,0,0,1,19,21,19,63,182,22,26,23,962,660,302,16,0.6860706860706861,0.3139293139293139,0.0166320166320166,0.0197505197505197,0.1891891891891892,0.027027027027027,0.0353430353430353,0.027027027027027,0.0166320166320166,17,4.0,java,facebookarchive/hadoop-20,BlockReaderLocalInlineChecksum.read,11.963212310281582
1,1,4,2,4,1,0,0,1,5,6,0,5,25,6,3,3,173,117,56,15,0.6763005780346821,0.3236994219653179,0.0289017341040462,0.0289017341040462,0.1445086705202312,0.0173410404624277,0.0231213872832369,0.0173410404624277,0.0867052023121387,6,1.0,java,jboss/jboss-jsf-api_spec,UIInput.setValidator,0.5485721518709784
1,1,4,2,0,0,0,0,1,4,7,0,0,14,1,3,0,99,67,32,8,0.6767676767676768,0.3232323232323232,0.0,0.0404040404040404,0.1414141414141414,0.0303030303030303,0.0404040404040404,0.0303030303030303,0.0808080808080808,1,1.0,java,kiswanij/jk-util,JKObjectUtil.toXml,-1.344658124766295
1,0,0,0,1,0,0,1,3,5,6,0,1,15,1,0,4,121,77,44,11,0.6363636363636364,0.3636363636363636,0.0082644628099173,0.0413223140495867,0.1239669421487603,0.0,0.0,0.0,0.0909090909090909,2,0.0,java,peter-lawrey/SAXophone,JsonParser.finish,-1.136523753299149
1,0,11,6,2,0,0,0,0,9,9,2,1,40,1,4,2,164,115,49,9,0.7012195121951219,0.298780487804878,0.0121951219512195,0.0548780487804878,0.2439024390243902,0.024390243902439,0.0670731707317073,0.024390243902439,0.0548780487804878,3,0.0,java,eclipse/xtext-core,MergeableManifest2.addExportedPackages,0.34149498049454546
1,1,0,0,0,0,0,0,1,2,2,1,0,8,1,1,0,38,24,14,7,0.631578947368421,0.3684210526315789,0.0,0.0526315789473684,0.2105263157894736,0.0263157894736842,0.0,0.0263157894736842,0.1842105263157894,1,1.0,java,aws/aws-sdk-java,AmazonCloudSearchClient.describeSuggesters,-2.6109867619351075
1,1,0,0,0,0,0,0,1,1,2,0,0,7,1,0,0,45,31,14,9,0.6888888888888889,0.3111111111111111,0.0,0.0222222222222222,0.1555555555555555,0.0,0.0,0.0,0.2,1,1.0,java,JM-Lab/utils-java8,StatsMap.changeIntoStatsMap,-2.574514946370147
1,1,0,0,1,0,0,0,2,6,6,0,0,16,3,0,0,91,61,30,14,0.6703296703296703,0.3296703296703296,0.0109890109890109,0.0659340659340659,0.1758241758241758,0.0,0.0,0.0,0.1538461538461538,2,1.0,java,BBN-E/bue-common-open,Parameters.getOptionalFileAsStringSet,-1.3928695466108776
1,1,2,1,1,0,0,0,1,4,4,1,2,14,3,3,6,87,60,27,8,0.6896551724137931,0.3103448275862069,0.0114942528735632,0.0459770114942528,0.160919540229885,0.0344827586206896,0.0229885057471264,0.0344827586206896,0.0919540229885057,2,1.0,java,jboss/jboss-jsf-api_spec,CurrentThreadToServletContext.detectSpecialInitializationCase,-1.1424349294638125
1,1,2,1,1,0,0,0,1,1,2,1,1,8,2,1,2,57,38,19,9,0.6666666666666666,0.3333333333333333,0.0175438596491228,0.0175438596491228,0.1403508771929824,0.0175438596491228,0.0350877192982456,0.0175438596491228,0.1578947368421052,2,1.0,java,jboss-integration/fuse-bxms-integ,PropertiesBuilder.builder,-1.7429909160274735
1,2,2,1,1,0,0,0,1,4,5,2,1,21,2,4,2,122,81,41,11,0.6639344262295082,0.3360655737704918,0.0081967213114754,0.0327868852459016,0.1721311475409836,0.0327868852459016,0.0163934426229508,0.0327868852459016,0.0901639344262295,2,2.0,java,streamsets/datacollector-api,BaseStage.init,-0.9674011563133667
1,1,0,0,3,0,0,0,0,2,2,0,1,14,6,2,1,107,74,33,16,0.6915887850467289,0.308411214953271,0.02803738317757,0.0186915887850467,0.1308411214953271,0.0186915887850467,0.0,0.0186915887850467,0.1495327102803738,4,1.0,java,BranchMetrics/android-branch-deep-linking,ServerRequestQueue.setInstallOrOpenCallback,-0.9299190059037414
1,2,4,2,2,0,0,0,3,10,10,1,4,34,3,3,9,180,125,55,11,0.6944444444444444,0.3055555555555556,0.0111111111111111,0.0555555555555555,0.1888888888888888,0.0166666666666666,0.0222222222222222,0.0166666666666666,0.0611111111111111,3,2.0,java,ppiastucki/recast4j,PathCorridor.optimizePathTopology,0.31098054492045324
1,2,6,3,2,0,0,1,4,9,9,1,1,33,3,1,1,179,119,60,14,0.664804469273743,0.3351955307262569,0.0111731843575419,0.0502793296089385,0.1843575418994413,0.0055865921787709,0.0335195530726257,0.0055865921787709,0.0782122905027933,3,2.0,java,ZenHarbinger/l2fprod-properties-editor,PropertySheetTable.getCellRenderer,0.4928459769337787
1,2,40,20,12,1,1,0,5,45,53,4,16,190,22,20,29,1059,734,325,16,0.6931067044381491,0.3068932955618508,0.0132200188857412,0.0424929178470254,0.1794145420207743,0.0188857412653446,0.0377714825306893,0.0188857412653446,0.0151085930122757,15,2.0,java,facebookarchive/hadoop-20,RaidShell.distRaid,12.46757948603682
1,1,0,0,0,0,0,0,0,6,6,0,5,14,2,1,3,95,64,31,15,0.6736842105263158,0.3263157894736842,0.0,0.0631578947368421,0.1473684210526315,0.0105263157894736,0.0,0.0105263157894736,0.1578947368421052,1,1.0,java,facebookarchive/hadoop-20,JobInitializationPoller.printJobs,-1.629389004880581
1,2,4,2,2,0,0,0,1,3,3,0,7,19,3,1,4,117,77,40,16,0.6581196581196581,0.3418803418803419,0.017094017094017,0.0256410256410256,0.1623931623931624,0.0085470085470085,0.0341880341880341,0.0085470085470085,0.1367521367521367,3,2.0,java,ysc/word,Bigram.getScore,-0.6085029971000575
1,2,4,2,1,0,0,0,0,6,6,0,0,22,2,3,1,110,75,35,9,0.6818181818181818,0.3181818181818182,0.009090909090909,0.0545454545454545,0.2,0.0272727272727272,0.0363636363636363,0.0272727272727272,0.0818181818181818,2,2.0,java,sd4324530/fastweixin,WeixinControllerSupport.process,-0.9359827298703206
1,1,2,1,0,0,0,0,1,2,2,0,2,9,1,0,2,52,35,17,8,0.6730769230769231,0.3269230769230769,0.0,0.0384615384615384,0.173076923076923,0.0,0.0384615384615384,0.0,0.1538461538461538,1,1.0,java,fhoeben/hsac-fitnesse-fixtures,HtmlFixture.html,-2.0983733046670836
2,2,4,2,1,0,0,0,0,8,11,0,3,31,7,5,4,206,138,68,20,0.6699029126213593,0.3300970873786408,0.0048543689320388,0.0388349514563106,0.1504854368932038,0.0242718446601941,0.0194174757281553,0.0242718446601941,0.0970873786407767,2,1.0,java,alibaba/otter,DataMatrixServiceImpl.modify,0.2936011814818338
1,2,0,0,1,0,0,0,2,1,1,1,6,15,3,1,2,80,54,26,10,0.675,0.325,0.0125,0.0125,0.1875,0.0125,0.0,0.0125,0.125,2,2.0,java,google/error-prone-javac,JavacParser.argumentsOpt,-1.487945888438344
1,3,2,1,0,0,0,0,1,3,3,1,0,18,1,2,0,91,59,32,8,0.6483516483516484,0.3516483516483517,0.0,0.0329670329670329,0.1978021978021978,0.0219780219780219,0.0219780219780219,0.0219780219780219,0.0879120879120879,1,3.0,java,exoplatform/jcr,AbstractValueData.readFromByteArray,-1.6282482667517562
1,2,0,0,0,0,0,0,0,13,13,0,0,34,1,8,3,147,101,46,8,0.6870748299319728,0.3129251700680272,0.0,0.0884353741496598,0.2312925170068027,0.0544217687074829,0.0,0.0544217687074829,0.0544217687074829,1,2.0,java,carewebframework/carewebframework-vista,DocumentListRenderer.renderItem,-0.8233973587520028
2,2,2,1,0,0,0,0,0,4,5,0,0,17,2,3,0,100,67,33,14,0.67,0.33,0.0,0.04,0.17,0.03,0.02,0.03,0.14,1,1.0,java,groovy/groovy-core,ManagedConcurrentValueMap.put,-1.4396804075387162
1,0,6,3,0,0,0,0,1,7,7,1,0,25,1,4,2,111,77,34,8,0.6936936936936937,0.3063063063063063,0.0,0.063063063063063,0.2252252252252252,0.036036036036036,0.054054054054054,0.036036036036036,0.072072072072072,1,0.0,java,lucee/Lucee,Ftp.actionExistsDir,-0.8676532052604657
2,5,0,0,0,0,0,1,4,0,2,0,0,12,2,0,4,113,71,42,14,0.6283185840707964,0.3716814159292035,0.0,0.0,0.1061946902654867,0.0,0.0,0.0,0.1238938053097345,1,2.5,java,kazocsaba/matrix,ImmutableMatrixFactory.createVector,-1.2568735295989266
1,2,2,1,0,0,0,0,1,6,6,0,1,16,1,0,2,79,54,25,12,0.6835443037974683,0.3164556962025316,0.0,0.0759493670886076,0.2025316455696202,0.0,0.0253164556962025,0.0,0.1518987341772152,1,2.0,java,googleapis/google-cloud-java,BackendServiceClient.addSignedUrlKeyBackendService,-1.5749879521566639
1,2,2,1,0,0,0,0,1,5,5,0,0,14,1,0,0,65,44,21,10,0.676923076923077,0.3230769230769231,0.0,0.0769230769230769,0.2153846153846154,0.0,0.0307692307692307,0.0,0.1538461538461538,1,2.0,java,googleapis/google-cloud-java,ForwardingRuleClient.insertForwardingRule,-1.8032652260233155
1,0,2,1,1,0,0,0,2,4,4,0,1,11,1,0,1,68,45,23,8,0.6617647058823529,0.3382352941176471,0.0147058823529411,0.0588235294117647,0.1617647058823529,0.0,0.0294117647058823,0.0,0.1176470588235294,2,0.0,java,OpenLiberty/open-liberty,FeatureWebSecurityConfigImpl.getWASReqURLRedirectDomainNames,-1.5804067797924424
1,1,0,0,1,0,0,0,2,3,3,0,0,11,2,0,0,60,40,20,8,0.6666666666666666,0.3333333333333333,0.0166666666666666,0.05,0.1833333333333333,0.0,0.0,0.0,0.1333333333333333,2,1.0,java,Omertron/api-fanarttv,ArtworkList.getArtwork,-1.8454384142718065
1,3,0,0,1,0,0,0,2,3,3,0,0,13,1,0,0,79,55,24,10,0.6962025316455697,0.3037974683544304,0.0126582278481012,0.0379746835443038,0.1645569620253164,0.0,0.0,0.0,0.1265822784810126,2,3.0,java,jbundle/jbundle,PropertiesConverter.setString,-1.6080090357322872
1,1,2,1,1,0,0,0,2,1,2,0,1,8,1,0,2,55,37,18,7,0.6727272727272727,0.3272727272727272,0.0181818181818181,0.0181818181818181,0.1454545454545454,0.0,0.0363636363636363,0.0,0.1272727272727272,2,1.0,java,amzn/ion-java,Timestamp.forDateZ,-1.7401998834201318
1,4,8,4,0,0,0,0,1,7,8,0,0,28,1,3,5,166,118,48,9,0.7108433734939759,0.2891566265060241,0.0,0.0421686746987951,0.1686746987951807,0.0180722891566265,0.0481927710843373,0.0180722891566265,0.0542168674698795,1,4.0,java,UrielCh/ovh-java-sdk,ApiOvhVps.serviceName_automatedBackup_restore_POST,-0.2812660429630679
1,12,0,0,0,0,0,0,1,1,1,0,0,27,1,0,6,120,92,28,6,0.7666666666666667,0.2333333333333333,0.0,0.0083333333333333,0.225,0.0,0.0,0.0,0.05,1,12.0,java,linkhub-sdk/popbill.sdk.java,TaxinvoiceServiceImp.Search,-1.0989890349659663
1,0,0,0,1,0,0,0,1,0,1,1,1,6,2,1,1,60,40,20,10,0.6666666666666666,0.3333333333333333,0.0166666666666666,0.0,0.1,0.0166666666666666,0.0,0.0166666666666666,0.1666666666666666,2,0.0,java,eclipse/xtext-extras,RuleCallImpl.getArguments,-2.101468842504022
1,1,2,1,1,0,0,0,0,4,4,1,1,12,3,2,2,77,50,27,11,0.6493506493506493,0.3506493506493506,0.0129870129870129,0.0519480519480519,0.1558441558441558,0.0259740259740259,0.0259740259740259,0.0259740259740259,0.1428571428571428,2,1.0,java,sarl/sarl,StandardContextSpaceService.removeDefaultSpaceDefinition,-1.4745857503010409
1,1,14,7,0,0,1,0,1,25,32,0,0,69,4,9,0,379,256,123,14,0.6754617414248021,0.3245382585751979,0.0026385224274406,0.0659630606860158,0.1820580474934037,0.0237467018469656,0.0369393139841688,0.0237467018469656,0.0369393139841688,2,1.0,java,sai-pullabhotla/catatumbo,DefaultDatastoreReader.executeKeyQueryRequest,2.601930548351214
1,1,0,0,1,0,0,0,0,4,4,3,1,14,2,3,4,77,52,25,12,0.6753246753246753,0.3246753246753247,0.0129870129870129,0.0519480519480519,0.1818181818181818,0.0389610389610389,0.0,0.0389610389610389,0.1558441558441558,2,1.0,java,albfernandez/itext2,Cell.setWidth,-1.5347207006822858
1,2,14,7,5,1,0,0,1,12,17,0,4,55,11,2,6,388,261,127,13,0.6726804123711341,0.327319587628866,0.0154639175257731,0.0309278350515463,0.1417525773195876,0.0051546391752577,0.0360824742268041,0.0051546391752577,0.0335051546391752,7,2.0,java,kiegroup/droolsjbpm-integration,FastCloner.copyPropertiesOfInheritedClass,2.8845773456688346
1,1,10,5,1,1,0,0,1,3,3,3,4,28,3,3,3,142,95,47,10,0.6690140845070423,0.3309859154929577,0.0140845070422535,0.0211267605633802,0.1971830985915492,0.0211267605633802,0.0704225352112676,0.0211267605633802,0.0704225352112676,3,1.0,java,goldmansachs/reladomo,SimulatedSequencePrimaryKeyGenerator.getMax,0.12542214388570574
1,3,0,0,0,0,0,0,1,2,2,0,0,9,1,0,0,42,29,13,8,0.6904761904761905,0.3095238095238095,0.0,0.0476190476190476,0.2142857142857142,0.0,0.0,0.0,0.1904761904761904,1,3.0,java,alkacon/opencms-core,CmsHtmlWidget.getJSONConfiguration,-2.429368907723517
1,0,0,0,0,0,0,0,0,3,4,1,0,17,4,4,6,110,77,33,10,0.7,0.3,0.0,0.0272727272727272,0.1545454545454545,0.0363636363636363,0.0,0.0363636363636363,0.0909090909090909,1,0.0,java,VoltDB/voltdb,MpTerm.start,-1.5222376088677487
1,2,0,0,1,0,0,0,0,27,29,0,2,73,4,13,3,318,225,93,12,0.7075471698113207,0.2924528301886792,0.0031446540880503,0.0849056603773584,0.2295597484276729,0.040880503144654,0.0,0.040880503144654,0.0377358490566037,2,2.0,java,aws/aws-sdk-java,JobFlowInstancesDetailMarshaller.marshall,1.3100669099951667
1,3,1,1,0,0,0,0,1,3,3,0,0,18,1,0,0,77,51,26,9,0.6623376623376623,0.3376623376623376,0.0,0.0389610389610389,0.2337662337662337,0.0,0.0129870129870129,0.0,0.1168831168831168,1,3.0,java,jenkinsci/jenkins,Util.isOverridden,-1.862281964822017
1,1,0,0,0,0,0,0,0,7,7,0,0,17,1,1,0,85,56,29,12,0.6588235294117647,0.3411764705882353,0.0,0.0823529411764705,0.2,0.0117647058823529,0.0,0.0117647058823529,0.1411764705882353,1,1.0,java,apache/reef,ClientConnection.sendMessage,-1.8561491050586771
1,6,0,0,0,0,0,0,1,1,1,0,0,16,1,0,0,63,44,19,7,0.6984126984126984,0.3015873015873015,0.0,0.0158730158730158,0.2539682539682539,0.0,0.0,0.0,0.1111111111111111,1,6.0,java,deeplearning4j/deeplearning4j,SDBaseOps.oneHot,-2.0029317094777412
1,1,0,0,1,0,0,0,0,2,3,0,6,11,2,1,3,74,49,25,12,0.6621621621621622,0.3378378378378378,0.0135135135135135,0.027027027027027,0.1486486486486486,0.0135135135135135,0.0,0.0135135135135135,0.1621621621621621,2,1.0,java,matomo-org/piwik-java-tracker,PiwikRequest.setAuthToken,-1.7908106874196308
1,2,0,0,0,0,0,0,1,3,3,0,0,8,1,0,0,51,33,18,9,0.6470588235294118,0.3529411764705882,0.0,0.0588235294117647,0.1568627450980392,0.0,0.0,0.0,0.1764705882352941,1,2.0,java,astrapi69/jaulp-wicket,CaptchaPanel.newImage,-2.4019910795849495
1,4,8,4,1,0,0,0,2,4,6,0,0,34,3,0,0,211,143,68,9,0.6777251184834123,0.3222748815165877,0.0047393364928909,0.0189573459715639,0.1611374407582938,0.0,0.0379146919431279,0.0,0.0426540284360189,2,4.0,java,lessthanoptimal/BoofCV,FactoryDetectDescribe.surfStable,-0.07936762907576803
1,2,8,4,3,1,0,0,1,9,10,1,4,36,5,3,2,207,139,68,13,0.6714975845410628,0.3285024154589372,0.0193236714975845,0.0434782608695652,0.1739130434782608,0.0144927536231884,0.038647342995169,0.0144927536231884,0.0628019323671497,5,2.0,java,js-lib-com/commons,Strings.split,0.9936779620103063
1,0,2,1,0,0,0,0,1,6,6,1,0,15,2,4,0,94,65,29,10,0.6914893617021277,0.3085106382978723,0.0,0.0638297872340425,0.1595744680851064,0.0425531914893617,0.0212765957446808,0.0425531914893617,0.1063829787234042,1,0.0,java,igniterealtime/Smack,JingleSessionRequest.accept,-1.3994172516652725
1,1,2,1,1,0,0,0,0,4,4,0,1,14,2,3,2,71,47,24,8,0.6619718309859155,0.3380281690140845,0.0140845070422535,0.056338028169014,0.1971830985915492,0.0422535211267605,0.028169014084507,0.0422535211267605,0.1126760563380281,2,1.0,java,apptentive/apptentive-android,ApptentiveNestedScrollView.scrollToChild,-1.5048400563804791
1,0,0,0,0,0,0,0,1,1,1,0,0,7,1,0,0,56,37,19,8,0.6607142857142857,0.3392857142857143,0.0,0.0178571428571428,0.125,0.0,0.0,0.0,0.1428571428571428,1,0.0,java,SonarSource/sonarqube,MoreCollectors.toArrayList,-2.50942631705861
1,1,8,4,15,0,2,1,2,4,4,21,33,101,14,29,27,584,386,198,17,0.660958904109589,0.339041095890411,0.0291095890410958,0.0068493150684931,0.172945205479452,0.0496575342465753,0.0136986301369863,0.0496575342465753,0.0291095890410958,18,1.0,java,webmetrics/browsermob-proxy,LineInput.fillLine,7.804615235075621
1,2,0,0,0,0,0,1,2,6,6,0,0,20,1,4,1,127,83,44,13,0.6535433070866141,0.3464566929133858,0.0,0.0472440944881889,0.1574803149606299,0.0314960629921259,0.0,0.0314960629921259,0.1023622047244094,1,2.0,java,yan74/afplib,BFMImpl.eSet,-1.1310763255626985
1,2,0,0,1,0,0,0,0,3,3,0,6,12,1,1,3,79,53,26,13,0.6708860759493671,0.3291139240506329,0.0126582278481012,0.0379746835443038,0.1518987341772152,0.0126582278481012,0.0,0.0126582278481012,0.1645569620253164,2,2.0,java,OpenLiberty/open-liberty,GenericConnection.setClientInfo,-1.691730473242958
1,3,8,4,4,0,0,0,0,13,20,8,13,56,7,13,18,464,315,149,15,0.6788793103448276,0.3211206896551724,0.0086206896551724,0.0280172413793103,0.1206896551724138,0.0280172413793103,0.0172413793103448,0.0280172413793103,0.0323275862068965,5,3.0,java,ptgoetz/storm-jms,JmsSpout.open,3.151197988121064
2,1,4,2,1,0,0,0,0,7,9,0,1,21,3,3,1,149,97,52,15,0.6510067114093959,0.348993288590604,0.0067114093959731,0.046979865771812,0.1409395973154362,0.0201342281879194,0.0268456375838926,0.0201342281879194,0.1006711409395973,2,0.5,java,alkacon/opencms-core,CmsPatternPanelWeeklyController.setWeekDays,-0.5705815844762437
1,2,0,0,0,0,0,0,1,2,3,0,1,12,1,0,0,65,46,19,11,0.7076923076923077,0.2923076923076923,0.0,0.0307692307692307,0.1846153846153846,0.0,0.0,0.0,0.1692307692307692,1,2.0,java,cycorp/api-suite,QueryException.fromThrowable,-2.1283519721285127
1,3,2,1,1,0,0,0,1,4,5,0,3,19,3,1,0,144,94,50,11,0.6527777777777778,0.3472222222222222,0.0069444444444444,0.0277777777777777,0.1319444444444444,0.0069444444444444,0.0138888888888888,0.0069444444444444,0.0763888888888889,2,3.0,java,jingwei/krati,ArrayEntryManager.filterEntryList,-0.9547061199307864
1,5,0,0,0,0,0,0,1,2,2,0,1,18,1,0,0,78,53,25,7,0.6794871794871795,0.3205128205128205,0.0,0.0256410256410256,0.2307692307692307,0.0,0.0,0.0,0.0897435897435897,1,5.0,java,ppiastucki/recast4j,RecastMesh.diagonal,-1.878718234027611
1,1,10,5,2,2,0,0,0,17,20,0,3,43,7,4,10,291,200,91,17,0.6872852233676976,0.3127147766323024,0.0137457044673539,0.0584192439862542,0.1477663230240549,0.0137457044673539,0.0343642611683848,0.0137457044673539,0.0584192439862542,5,1.0,java,OpenHFT/Chronicle-Network,VerySimpleClient.main,2.077659504479034
1,1,2,1,1,0,0,0,1,2,2,1,1,10,2,2,4,80,54,26,12,0.675,0.325,0.0125,0.025,0.125,0.025,0.025,0.025,0.15,2,1.0,java,moparisthebest/beehive,HtmlGroupBaseTag.setOptionsDataSource,-1.4836412199464728
1,0,10,5,0,0,0,0,1,4,4,0,25,32,1,0,11,243,160,83,22,0.6584362139917695,0.3415637860082304,0.0,0.0164609053497942,0.1316872427983539,0.0,0.0411522633744856,0.0,0.0905349794238683,1,0.0,java,haraldk/TwelveMonkeys,ObjectReader.getStats,0.5297197973127702
1,1,0,0,0,0,0,0,0,3,3,1,0,8,1,3,1,44,28,16,8,0.6363636363636364,0.3636363636363636,0.0,0.0681818181818181,0.1818181818181818,0.0681818181818181,0.0,0.0681818181818181,0.1818181818181818,1,1.0,java,pravega/pravega,SegmentMetadataUpdateTransaction.acceptOperation,-2.469735944744368
1,1,0,0,1,0,0,0,1,4,4,0,2,13,1,1,1,70,48,22,9,0.6857142857142857,0.3142857142857143,0.0142857142857142,0.0571428571428571,0.1857142857142857,0.0142857142857142,0.0,0.0142857142857142,0.1285714285714285,2,1.0,java,OpenLiberty/open-liberty,PersistenceType.getPersistenceType,-1.7106823690417532
1,2,0,0,0,0,0,0,1,1,1,0,0,8,1,0,0,72,48,24,8,0.6666666666666666,0.3333333333333333,0.0,0.0138888888888888,0.1111111111111111,0.0,0.0,0.0,0.1111111111111111,1,2.0,java,liferay/com-liferay-commerce,CommerceTierPriceEntryLocalServiceWrapper.getCommerceTierPriceEntryByUuidAndGroupId,-2.237279559732612
1,1,0,0,0,0,0,1,3,15,17,0,0,34,1,0,12,205,142,63,16,0.6926829268292682,0.3073170731707317,0.0,0.073170731707317,0.1658536585365853,0.0,0.0,0.0,0.0780487804878048,1,1.0,java,cvut/JCOP,JFreeChartRender.setStyle,0.004152919325597259
1,2,4,2,2,0,0,0,2,20,25,2,0,69,9,5,1,361,248,113,13,0.6869806094182825,0.3130193905817174,0.0055401662049861,0.0554016620498614,0.1911357340720221,0.0138504155124653,0.0110803324099723,0.0138504155124653,0.0360110803324099,3,2.0,java,alkacon/opencms-core,CmsResourceManager.addHtmlConverter,1.8206381745105824
1,1,6,3,0,0,0,0,1,12,13,0,0,33,3,2,4,202,141,61,13,0.698019801980198,0.3019801980198019,0.0,0.0594059405940594,0.1633663366336633,0.0099009900990099,0.0297029702970297,0.0099009900990099,0.0643564356435643,1,1.0,java,googleapis/google-cloud-java,FindingSnippets.groupActiveFindingsWithSource,-0.06776277107033492
1,1,0,0,1,0,0,0,2,9,9,0,8,20,2,0,11,147,101,46,16,0.6870748299319728,0.3129251700680272,0.0068027210884353,0.0612244897959183,0.1360544217687075,0.0,0.0,0.0,0.1088435374149659,2,1.0,java,HeidelTime/heideltime,StringUtils.endsWithPunc,-0.5783071328007976
1,1,2,1,0,0,0,0,1,3,4,0,0,10,1,1,0,57,38,19,7,0.6666666666666666,0.3333333333333333,0.0,0.0526315789473684,0.175438596491228,0.0175438596491228,0.0350877192982456,0.0175438596491228,0.1228070175438596,1,1.0,java,hdecarne/java-default,Strings.decode,-1.9826344348892229
1,2,18,9,26,0,0,0,0,170,172,0,32,332,35,44,31,1705,1162,543,19,0.681524926686217,0.318475073313783,0.01524926686217,0.0997067448680351,0.1947214076246334,0.0258064516129032,0.0105571847507331,0.0258064516129032,0.0111436950146627,27,2.0,java,kuali/kc-s2sgen,RRFedNonFedBudget10V1_1Generator.setCumulativeOtherDirect,21.774357218725026
1,1,0,0,2,0,0,0,0,7,8,0,3,19,1,2,6,150,109,41,11,0.7266666666666667,0.2733333333333333,0.0133333333333333,0.0466666666666666,0.1266666666666666,0.0133333333333333,0.0,0.0133333333333333,0.0733333333333333,3,1.0,java,OpenLiberty/open-liberty,ConsumerSessionProxy.activateAsynchConsumer,-0.7573613510309862
1,5,0,0,0,0,0,0,0,1,1,0,0,12,1,1,0,50,36,14,6,0.72,0.28,0.0,0.02,0.24,0.02,0.0,0.02,0.12,1,5.0,java,raphw/byte-buddy,ExceptionTableSensitiveMethodVisitor.onVisitMethodInsn,-2.175228210248185
1,0,2,1,1,0,0,0,2,1,2,0,0,7,3,0,0,74,50,24,10,0.6756756756756757,0.3243243243243243,0.0135135135135135,0.0135135135135135,0.0945945945945946,0.0,0.027027027027027,0.0,0.1351351351351351,2,0.0,java,dkmfbk/knowledgestore,Representation.getReader,-1.6551800971564123
1,1,8,5,3,0,1,0,1,21,21,4,6,56,2,4,8,289,196,93,13,0.6782006920415224,0.3217993079584775,0.0138408304498269,0.0726643598615917,0.1937716262975778,0.0138408304498269,0.0276816608996539,0.0138408304498269,0.0449826989619377,5,1.0,java,groupon/monsoon,Histogram.compareTo,2.187895313132187
1,2,2,1,1,0,0,0,2,2,2,0,1,12,2,0,2,63,43,20,7,0.6825396825396826,0.3174603174603174,0.0158730158730158,0.0317460317460317,0.1904761904761904,0.0,0.0317460317460317,0.0,0.1111111111111111,2,2.0,java,molgenis/molgenis,LocalizationMessageSource.resolveCode,-1.512826183166735
1,0,4,2,1,0,0,0,1,6,9,2,0,17,3,2,0,129,85,44,14,0.6589147286821705,0.3410852713178294,0.0077519379844961,0.0465116279069767,0.1317829457364341,0.0155038759689922,0.0310077519379844,0.0155038759689922,0.1085271317829457,2,0.0,java,yegor256/takes,RqAuth.identity,-0.7489093413478148
1,2,0,0,0,0,0,0,1,1,1,0,0,6,1,0,0,44,29,15,7,0.6590909090909091,0.3409090909090909,0.0,0.0227272727272727,0.1363636363636363,0.0,0.0,0.0,0.1590909090909091,1,2.0,java,VoltDB/voltdb,ShortCountsHistogram.decodeFromCompressedByteBuffer,-2.5579762275045352
1,1,0,0,3,0,0,0,0,4,4,0,3,19,5,4,3,126,85,41,10,0.6746031746031746,0.3253968253968254,0.0238095238095238,0.0317460317460317,0.1507936507936507,0.0317460317460317,0.0,0.0317460317460317,0.0793650793650793,4,1.0,java,classgraph/classgraph,FieldInfo.setScanResult,-0.7317624925222125
1,4,0,0,0,0,0,0,1,4,4,0,0,16,1,0,0,87,60,27,8,0.6896551724137931,0.3103448275862069,0.0,0.0459770114942528,0.1839080459770115,0.0,0.0,0.0,0.0919540229885057,1,4.0,java,knowm/XChart,BubbleChart.addSeries,-1.7622405586111631
1,1,0,0,1,0,0,0,0,1,1,1,1,8,2,2,1,49,31,18,8,0.6326530612244898,0.3673469387755102,0.0204081632653061,0.0204081632653061,0.1632653061224489,0.0408163265306122,0.0,0.0408163265306122,0.1632653061224489,2,1.0,java,mnlipp/jgrapes,EventBase.generatedBy,-2.1859582029602773
1,1,12,6,0,0,0,0,0,14,20,0,0,62,1,14,13,319,233,86,7,0.7304075235109718,0.2695924764890282,0.0,0.0438871473354232,0.1943573667711598,0.0438871473354232,0.0376175548589341,0.0438871473354232,0.0219435736677116,1,1.0,java,netscaler/sdx_nitro,mail_profile.validate,1.2430361956735905
1,0,0,0,0,0,0,0,1,2,4,0,0,8,1,0,0,55,37,18,11,0.6727272727272727,0.3272727272727272,0.0,0.0363636363636363,0.1454545454545454,0.0,0.0,0.0,0.2,1,0.0,java,logic-ng/LogicNG,MaxSATSolver.linearSU,-2.45673303078258
1,2,18,9,3,0,0,0,0,44,51,5,5,116,7,22,39,770,549,221,15,0.712987012987013,0.287012987012987,0.0038961038961038,0.0571428571428571,0.1506493506493506,0.0285714285714285,0.0233766233766233,0.0285714285714285,0.0194805194805194,4,2.0,java,agmip/translator-dssat,DssatBatchFileOutput.writeFile,6.529061874637772
1,4,10,5,2,0,0,0,0,19,20,1,3,61,6,12,9,325,227,98,12,0.6984615384615385,0.3015384615384615,0.0061538461538461,0.0584615384615384,0.1876923076923076,0.0369230769230769,0.0307692307692307,0.0369230769230769,0.0369230769230769,3,4.0,java,meltmedia/cadmium,LogUtils.configureLogback,2.051007643078798
1,1,2,1,0,0,0,0,1,2,2,0,1,9,1,0,2,46,31,15,7,0.6739130434782609,0.3260869565217391,0.0,0.0434782608695652,0.1956521739130435,0.0,0.0434782608695652,0.0,0.1521739130434782,1,1.0,java,pip-services3-java/pip-services3-commons-java,DependencyResolver.getOneOptional,-2.149569472975914
1,1,6,3,3,0,0,0,1,15,18,4,19,50,11,4,17,377,255,122,25,0.6763925729442971,0.3236074270557029,0.0079575596816976,0.039787798408488,0.1326259946949602,0.0106100795755968,0.0159151193633952,0.0106100795755968,0.0663129973474801,4,1.0,java,j-a-w-r/jawr,ClassLoaderResourceUtils.getClass,2.761863648579636
1,2,0,0,0,0,0,0,1,4,4,0,0,14,1,2,0,58,40,18,8,0.6896551724137931,0.3103448275862069,0.0,0.0689655172413793,0.2413793103448276,0.0344827586206896,0.0,0.0344827586206896,0.1379310344827586,1,2.0,java,apache/fluo,Span.prefix,-2.036487372747229
1,2,0,0,0,0,0,0,1,1,1,0,0,8,1,0,0,43,30,13,7,0.6976744186046512,0.3023255813953488,0.0,0.0232558139534883,0.1860465116279069,0.0,0.0,0.0,0.1627906976744186,1,2.0,java,OpenLiberty/open-liberty,JaxWsDDHelper.getWebserviceDescriptionByEJBLink,-2.4754920360649475
1,2,2,1,0,0,0,0,1,3,5,0,0,15,1,2,3,90,63,27,8,0.7,0.3,0.0,0.0333333333333333,0.1666666666666666,0.0222222222222222,0.0222222222222222,0.0222222222222222,0.0888888888888888,1,2.0,java,Mozu/mozu-java,PublicTokenUrl.executeUrl,-1.5486221825889965
1,1,2,1,0,0,0,0,0,3,3,1,0,16,1,1,0,65,43,22,9,0.6615384615384615,0.3384615384615385,0.0,0.0461538461538461,0.2461538461538461,0.0153846153846153,0.0307692307692307,0.0153846153846153,0.1384615384615384,1,1.0,java,michael-rapp/AndroidUtil,ElevationShadowView.obtainEmulateParallelLight,-1.985567130519285
1,1,0,0,0,0,0,0,0,4,4,0,0,13,2,3,1,66,44,22,12,0.6666666666666666,0.3333333333333333,0.0,0.0606060606060606,0.1969696969696969,0.0454545454545454,0.0,0.0454545454545454,0.1818181818181818,1,1.0,java,Graylog2/graylog2-server,IndexFieldTypePollerPeriodical.handleIndexDeletion,-2.1087099936826195
1,0,4,2,0,0,0,0,0,8,9,2,7,30,1,8,12,180,125,55,9,0.6944444444444444,0.3055555555555556,0.0,0.0444444444444444,0.1666666666666666,0.0444444444444444,0.0222222222222222,0.0444444444444444,0.05,1,0.0,java,Red5/red5-io,FLVWriter.writeHeader,-0.3599943268719577
1,1,6,3,3,0,1,0,2,12,13,0,10,36,3,8,6,209,138,71,12,0.6602870813397129,0.3397129186602871,0.0191387559808612,0.0574162679425837,0.1722488038277512,0.0382775119617224,0.0287081339712918,0.0382775119617224,0.0574162679425837,5,1.0,java,RogerParkinson/madura-objects-parent,Parser.any,1.2990885937464798
1,3,14,7,5,0,1,0,4,12,13,2,9,55,7,3,7,321,212,109,10,0.660436137071651,0.3395638629283489,0.0186915887850467,0.0373831775700934,0.1713395638629283,0.0093457943925233,0.043613707165109,0.0093457943925233,0.0311526479750778,7,3.0,java,ManfredTremmel/gwt-commons-lang3,StringUtils.substringsBetween,2.9788499093662386
1,1,2,1,1,0,0,0,2,1,1,0,0,7,2,0,1,52,35,17,8,0.6730769230769231,0.3269230769230769,0.0192307692307692,0.0192307692307692,0.1346153846153846,0.0,0.0384615384615384,0.0,0.1538461538461538,2,1.0,java,alipay/sofa-rpc,SofaRpcSerialization.getTargetServiceName,-1.7996759300658478
1,1,2,1,6,0,0,0,1,7,7,6,2,25,7,6,13,212,145,67,14,0.6839622641509434,0.3160377358490566,0.0283018867924528,0.0330188679245283,0.1179245283018868,0.0283018867924528,0.0094339622641509,0.0283018867924528,0.0660377358490566,7,1.0,java,camunda/camunda-bpm-platform,ProcessDefinitionResourceImpl.getMediaTypeForFileSuffix,1.1159286531316959
1,1,12,6,3,2,0,0,4,9,11,0,2,41,6,2,4,278,189,89,15,0.6798561151079137,0.3201438848920863,0.0179856115107913,0.0323741007194244,0.1474820143884892,0.0071942446043165,0.0431654676258992,0.0071942446043165,0.0539568345323741,6,1.0,java,meertensinstituut/mtas,MtasSolrResultMerge.adjustablePartsCloned,1.9895864408470556
1,1,4,2,4,0,0,0,1,13,13,5,3,37,5,6,5,206,139,67,9,0.6747572815533981,0.3252427184466019,0.0194174757281553,0.0631067961165048,0.1796116504854369,0.029126213592233,0.0194174757281553,0.029126213592233,0.0436893203883495,5,1.0,java,apache/spark,ThriftCLIService.getUserName,0.913580308249684
1,3,0,0,1,0,0,0,1,1,2,0,9,17,3,1,2,108,73,35,10,0.6759259259259259,0.324074074074074,0.0092592592592592,0.0092592592592592,0.1574074074074074,0.0092592592592592,0.0,0.0092592592592592,0.0925925925925925,2,3.0,java,stratosphere/stratosphere,CheckedMemorySegment.put,-1.2867983765666777
1,2,0,0,0,0,0,0,1,2,3,0,0,8,1,0,1,81,53,28,10,0.654320987654321,0.345679012345679,0.0,0.0246913580246913,0.0987654320987654,0.0,0.0,0.0,0.1234567901234567,1,2.0,java,querydsl/querydsl,BeanPath.createComparable,-2.109830957493199
1,1,0,0,0,0,0,0,0,2,3,1,0,8,2,2,0,55,36,19,9,0.6545454545454545,0.3454545454545454,0.0,0.0363636363636363,0.1454545454545454,0.0363636363636363,0.0,0.0363636363636363,0.1636363636363636,1,1.0,java,micronaut-projects/micronaut-core,ResourceLocator.setSearchLocations,-2.347504252013099
1,0,2,1,1,1,0,0,2,12,14,0,8,38,6,6,11,244,168,76,17,0.6885245901639344,0.3114754098360656,0.0081967213114754,0.0491803278688524,0.1557377049180328,0.0245901639344262,0.0081967213114754,0.0245901639344262,0.0696721311475409,3,0.0,java,Grasia/phatsim,GrammarFacilitator.createFile,0.8375199089512105
1,1,6,3,2,0,0,0,1,10,11,1,1,37,3,5,2,168,117,51,11,0.6964285714285714,0.3035714285714285,0.0119047619047619,0.0595238095238095,0.2202380952380952,0.0297619047619047,0.0357142857142857,0.0297619047619047,0.0654761904761904,3,1.0,java,threerings/nenya,KeyboardManager.keyPressed,0.19489695405765917
1,2,2,1,0,0,0,0,1,1,2,3,0,19,1,3,0,82,55,27,7,0.6707317073170732,0.3292682926829268,0.0,0.0121951219512195,0.2317073170731707,0.0365853658536585,0.024390243902439,0.0365853658536585,0.0853658536585365,1,2.0,java,netscaler/nitro,nsweblogparam.update,-1.653588266124639
1,2,18,9,4,2,0,0,1,14,14,4,13,66,9,6,9,355,238,117,19,0.6704225352112676,0.3295774647887324,0.0169014084507042,0.0394366197183098,0.1859154929577464,0.0169014084507042,0.0507042253521126,0.0169014084507042,0.0535211267605633,7,2.0,java,facebookarchive/hadoop-20,BlockPlacementPolicyConfigurable.findBestWithoutFirst,3.7657417012489676
1,2,6,3,5,0,0,0,4,12,12,0,13,42,6,3,12,255,173,82,16,0.6784313725490196,0.3215686274509804,0.0196078431372549,0.0470588235294117,0.1647058823529411,0.0117647058823529,0.0235294117647058,0.0117647058823529,0.0627450980392156,6,2.0,java,hazelcast/hazelcast,PartitionReplicaManager.checkAndGetPrimaryReplicaOwner,1.8667150530791643
1,2,0,0,1,0,0,0,0,3,5,0,2,13,4,1,3,102,69,33,12,0.6764705882352942,0.3235294117647059,0.0098039215686274,0.0294117647058823,0.1274509803921568,0.0098039215686274,0.0,0.0098039215686274,0.1176470588235294,2,2.0,java,aws/aws-sdk-java,DeleteModelRequestMarshaller.marshall,-1.4058290514441472
1,2,0,0,1,0,0,0,0,9,11,0,2,28,4,4,3,156,108,48,12,0.6923076923076923,0.3076923076923077,0.0064102564102564,0.0576923076923076,0.1794871794871795,0.0256410256410256,0.0,0.0256410256410256,0.0769230769230769,2,2.0,java,aws/aws-sdk-java,RelationalDatabaseEventMarshaller.marshall,-0.6274949614636951
1,3,8,4,1,0,0,0,2,10,10,0,1,31,2,0,4,150,104,46,10,0.6933333333333334,0.3066666666666666,0.0066666666666666,0.0666666666666666,0.2066666666666666,0.0,0.0533333333333333,0.0,0.0666666666666666,2,3.0,java,mapbox/mapbox-java,PointDeserializer.deserialize,0.009668731537434564
1,1,0,0,0,0,0,0,1,2,2,0,0,15,1,0,0,64,43,21,7,0.671875,0.328125,0.0,0.03125,0.234375,0.0,0.0,0.0,0.109375,1,1.0,java,census-instrumentation/opencensus-java,BasicOperationsBenchmark.decodeSpanBinary,-2.226617772942892
1,2,0,0,0,0,0,0,0,1,1,0,0,9,2,1,0,50,35,15,8,0.7,0.3,0.0,0.02,0.18,0.02,0.0,0.02,0.16,1,2.0,java,Jasig/uPortal,TenantService.validateAttribute,-2.3918153096982495
1,0,0,0,1,0,0,0,0,3,3,1,1,9,1,2,2,56,38,18,8,0.6785714285714286,0.3214285714285714,0.0178571428571428,0.0535714285714285,0.1607142857142857,0.0357142857142857,0.0,0.0357142857142857,0.1428571428571428,2,0.0,java,OpenLiberty/open-liberty,WSRdbManagedConnectionImpl.setKerberosConnection,-1.96008661403018
1,2,0,0,0,0,0,0,1,2,2,0,0,8,1,0,0,42,28,14,8,0.6666666666666666,0.3333333333333333,0.0,0.0476190476190476,0.1904761904761904,0.0,0.0,0.0,0.1904761904761904,1,2.0,java,igniterealtime/Smack,IQ.createErrorResponse,-2.5349468233621906
1,3,6,3,0,0,0,0,1,4,4,0,0,18,1,0,3,95,68,27,9,0.7157894736842105,0.2842105263157894,0.0,0.0421052631578947,0.1894736842105263,0.0,0.0631578947368421,0.0,0.0947368421052631,1,3.0,java,UrielCh/ovh-java-sdk,ApiOvhHostingprivateDatabase.serviceName_user_userName_grant_databaseName_GET,-1.0768586299967176
1,1,2,1,1,0,0,0,0,2,3,1,0,14,1,2,0,66,45,21,10,0.6818181818181818,0.3181818181818182,0.0151515151515151,0.0303030303030303,0.2121212121212121,0.0303030303030303,0.0303030303030303,0.0303030303030303,0.1515151515151515,2,1.0,java,yan74/afplib,MeasurementUnitsImpl.setXoaBase,-1.696499840520993
1,0,6,3,1,0,0,0,0,5,5,0,2,20,4,2,4,122,86,36,12,0.7049180327868853,0.2950819672131147,0.0081967213114754,0.040983606557377,0.1639344262295081,0.0163934426229508,0.0491803278688524,0.0163934426229508,0.0983606557377049,2,0.0,java,camunda/camunda-bpm-platform,BpmnParse.parseImports,-0.646764894922446
1,3,4,2,0,0,0,0,1,6,8,0,0,29,1,4,2,136,99,37,9,0.7279411764705882,0.2720588235294117,0.0,0.0441176470588235,0.213235294117647,0.0294117647058823,0.0294117647058823,0.0294117647058823,0.0661764705882353,1,3.0,java,jhalterman/lyra,Connections.create,-0.7654244559408563
1,1,0,0,1,0,0,0,2,3,3,0,1,14,2,0,0,65,44,21,9,0.676923076923077,0.3230769230769231,0.0153846153846153,0.0461538461538461,0.2153846153846154,0.0,0.0,0.0,0.1384615384615384,2,1.0,java,alkacon/opencms-core,CmsUserInfoDialog.getStatusForItem,-1.7626141077341981
1,2,0,0,0,0,0,0,0,1,2,0,0,6,1,1,1,37,25,12,8,0.6756756756756757,0.3243243243243243,0.0,0.027027027027027,0.1621621621621621,0.027027027027027,0.0,0.027027027027027,0.2162162162162162,1,2.0,java,carewebframework/carewebframework-core,LayoutParser.parseAction,-2.711352079688413
1,1,4,2,1,0,0,1,1,8,9,5,3,30,3,5,5,192,127,65,11,0.6614583333333334,0.3385416666666667,0.0052083333333333,0.0416666666666666,0.15625,0.0260416666666666,0.0208333333333333,0.0260416666666666,0.0572916666666666,2,1.0,java,hawkular/hawkular-alerts,PluginMessageDescription.availability,0.1531995772032285
3,1,0,0,0,0,0,0,2,4,5,0,0,16,3,2,0,145,95,50,13,0.6551724137931034,0.3448275862068966,0.0,0.0275862068965517,0.1103448275862069,0.0137931034482758,0.0,0.0137931034482758,0.0896551724137931,1,0.3333333333333333,java,calrissian/mango,CloseableIterables.chain,-1.1768329423692436
1,0,2,1,1,0,0,0,2,3,3,0,2,8,2,0,3,61,40,21,8,0.6557377049180327,0.3442622950819672,0.0163934426229508,0.0491803278688524,0.1311475409836065,0.0,0.0327868852459016,0.0,0.1311475409836065,2,0.0,java,OpenBEL/openbel-framework,LockAdviser.obtainReadLock,-1.6211709906280058
1,1,0,0,0,0,0,0,1,1,1,0,0,4,1,1,0,40,26,14,7,0.65,0.35,0.0,0.025,0.1,0.025,0.0,0.025,0.175,1,1.0,java,aws/aws-sdk-java,SetPlatformApplicationAttributesRequest.withAttributes,-2.6712192983916494
1,1,2,1,0,0,0,0,1,1,3,0,1,11,3,0,5,110,77,33,11,0.7,0.3,0.0,0.009090909090909,0.1,0.0,0.0181818181818181,0.0,0.1,1,1.0,java,google/j2objc,AlgorithmParameters.getInstance,-1.517880553552611
1,1,2,1,2,0,0,0,3,2,2,0,8,13,2,0,6,97,63,34,11,0.6494845360824743,0.3505154639175257,0.0206185567010309,0.0206185567010309,0.134020618556701,0.0,0.0206185567010309,0.0,0.1134020618556701,3,1.0,java,VoltDB/voltdb,DRLogSegmentId.isInitialAckDRId,-0.9609689654676077
1,2,0,0,0,0,0,0,1,4,4,0,0,10,1,1,2,59,39,20,9,0.6610169491525424,0.3389830508474576,0.0,0.0677966101694915,0.1694915254237288,0.0169491525423728,0.0,0.0169491525423728,0.1525423728813559,1,2.0,java,JM-Lab/utils-elasticsearch,JMElasticsearchSearchAndCount.countQuery,-2.1401964784392047
1,1,0,0,1,0,0,0,1,3,4,0,0,11,2,0,1,78,54,24,11,0.6923076923076923,0.3076923076923077,0.0128205128205128,0.0384615384615384,0.141025641025641,0.0,0.0,0.0,0.141025641025641,2,1.0,java,yegor256/takes,RsReturn.validLocation,-1.726677755713581
1,2,6,3,1,1,0,0,2,3,3,0,1,18,3,0,2,96,65,31,9,0.6770833333333334,0.3229166666666667,0.0208333333333333,0.03125,0.1875,0.0,0.0625,0.0,0.09375,3,2.0,java,goldmansachs/gs-collections,StringIterate.detectChar,-0.5513074126623201
1,1,8,4,0,0,0,0,1,10,17,0,2,45,1,7,10,268,186,82,10,0.6940298507462687,0.3059701492537313,0.0,0.0373134328358208,0.167910447761194,0.0261194029850746,0.0298507462686567,0.0261194029850746,0.0373134328358208,1,1.0,java,GCRC/nunaliit,Searches.getAudioMediaFromPlaceId,0.45666301457711345
1,1,20,10,4,0,1,0,1,22,24,2,1,62,6,5,4,348,234,114,13,0.6724137931034483,0.3275862068965517,0.014367816091954,0.0632183908045977,0.1781609195402299,0.014367816091954,0.057471264367816,0.014367816091954,0.0373563218390804,6,1.0,java,alkacon/opencms-core,CmsFrameset.getViewSelect,3.4485029863700407
1,1,4,2,1,0,0,0,2,1,1,0,4,16,3,0,2,80,54,26,9,0.675,0.325,0.0125,0.0125,0.2,0.0,0.05,0.0,0.1125,2,1.0,java,google/error-prone-javac,TreeInfo.isSelfCall,-1.2248592936853568
1,1,2,1,2,0,0,0,0,4,6,0,9,26,4,3,13,194,134,60,12,0.6907216494845361,0.3092783505154639,0.0103092783505154,0.0206185567010309,0.134020618556701,0.0154639175257731,0.0103092783505154,0.0154639175257731,0.0618556701030927,3,1.0,java,google/j2objc,BasicChecker.verifyTimestamp,-0.2056593858710323
1,2,10,5,0,0,0,0,1,8,11,0,3,33,3,1,3,186,128,58,12,0.6881720430107527,0.3118279569892473,0.0,0.043010752688172,0.1774193548387097,0.0053763440860215,0.053763440860215,0.0053763440860215,0.064516129032258,1,2.0,java,duracloud/duracloud,S3StorageProvider.createHiddenSpace,0.07296352820120093
1,0,12,6,2,2,0,0,1,7,7,3,6,45,4,6,8,219,150,69,12,0.684931506849315,0.3150684931506849,0.0182648401826484,0.0319634703196347,0.2054794520547945,0.0273972602739726,0.0547945205479452,0.0273972602739726,0.0547945205479452,5,0.0,java,lessthanoptimal/ejml,PolynomialFit.removeWorstFit,1.4641871247039777
1,2,0,0,0,0,0,0,1,2,2,0,0,8,1,0,0,38,26,12,8,0.6842105263157895,0.3157894736842105,0.0,0.0526315789473684,0.2105263157894736,0.0,0.0,0.0,0.2105263157894736,1,2.0,java,liyiorg/weixin-popular,BizwifiAPI.barSet,-2.574354868974496
1,1,0,0,0,0,0,0,1,1,1,0,34,37,1,0,0,195,131,64,23,0.6717948717948717,0.3282051282051282,0.0,0.0051282051282051,0.1897435897435897,0.0,0.0,0.0,0.1179487179487179,1,1.0,java,classgraph/classgraph,JSONUtils.isBasicValueType,-0.4373031585603993
1,2,0,0,0,0,0,0,0,2,2,0,0,9,1,1,0,50,32,18,8,0.64,0.36,0.0,0.04,0.18,0.02,0.0,0.02,0.16,1,2.0,java,mikepenz/FastAdapter,AbstractItem.bindView,-2.5059639023330904
1,1,0,0,5,0,0,0,1,7,7,6,0,23,1,6,8,173,117,56,11,0.6763005780346821,0.3236994219653179,0.0289017341040462,0.0404624277456647,0.1329479768786127,0.0346820809248554,0.0,0.0346820809248554,0.0635838150289017,6,1.0,java,lucee/Lucee,Schedule.setInterval,0.18399525999050373
1,0,0,0,1,0,0,0,2,0,0,13,4,19,1,13,1,119,79,40,8,0.6638655462184874,0.3361344537815126,0.0084033613445378,0.0,0.1596638655462184,0.1092436974789916,0.0,0.1092436974789916,0.0672268907563025,2,0.0,java,JOML-CI/JOML,Matrix4x3d.identity,-0.7693504025397376
1,0,0,0,2,0,0,0,1,8,8,0,2,18,2,2,2,114,78,36,10,0.6842105263157895,0.3157894736842105,0.0175438596491228,0.0701754385964912,0.1578947368421052,0.0175438596491228,0.0,0.0175438596491228,0.087719298245614,3,0.0,java,OpenLiberty/open-liberty,JSMessageData.isEmpty,-0.9599200621168112
1,3,2,1,2,0,0,0,1,6,8,2,9,30,6,4,9,205,140,65,12,0.6829268292682927,0.3170731707317073,0.0097560975609756,0.0292682926829268,0.1463414634146341,0.0195121951219512,0.0097560975609756,0.0195121951219512,0.0585365853658536,3,3.0,java,Impetus/Kundera,CouchbaseBucketUtils.openBucket,0.2610616279344699
1,2,0,0,3,0,0,0,3,8,8,0,0,19,6,3,0,126,82,44,12,0.6507936507936508,0.3492063492063492,0.0238095238095238,0.0634920634920634,0.1507936507936507,0.0238095238095238,0.0,0.0238095238095238,0.0952380952380952,4,2.0,java,hazelcast/hazelcast,ClusterJoinManager.executeJoinRequest,-0.35322770556156907
1,3,22,11,0,0,0,0,0,30,35,0,0,91,1,17,9,488,344,144,11,0.7049180327868853,0.2950819672131147,0.0,0.0614754098360655,0.1864754098360656,0.0348360655737704,0.0450819672131147,0.0348360655737704,0.0225409836065573,1,3.0,java,googleads/googleads-java-lib,AddResponsiveDisplayAd.runExample,3.530184576684233
1,5,48,24,5,0,0,0,0,57,57,0,11,175,4,32,8,755,521,234,12,0.6900662251655629,0.309933774834437,0.0066225165562913,0.0754966887417218,0.2317880794701986,0.0423841059602649,0.0635761589403973,0.0423841059602649,0.0158940397350993,6,5.0,java,OpenLiberty/open-liberty,GBSInsertFringe.balance12,9.292892618660316
1,1,0,0,1,0,0,0,0,3,3,0,2,19,1,2,3,98,68,30,10,0.6938775510204082,0.3061224489795918,0.010204081632653,0.0306122448979591,0.1938775510204081,0.0204081632653061,0.0,0.0204081632653061,0.1020408163265306,2,1.0,java,BlueBrain/bluima,DictTerm.setEnclosingSpan,-1.5705691565529798
2,5,10,5,2,1,1,0,1,7,13,2,10,65,7,7,5,412,276,136,19,0.6699029126213593,0.3300970873786408,0.0097087378640776,0.0169902912621359,0.1577669902912621,0.0169902912621359,0.0242718446601941,0.0169902912621359,0.0461165048543689,5,2.5,java,hankcs/HanLP,CommonAhoCorasickSegmentUtil.segment,2.928535289640656
1,2,3,2,0,0,0,0,3,2,2,0,0,14,4,1,3,92,63,29,9,0.6847826086956522,0.3152173913043478,0.0,0.0217391304347826,0.1521739130434782,0.0108695652173913,0.0326086956521739,0.0108695652173913,0.0978260869565217,1,2.0,java,javamonkey/beetl2.0,ObjectUtil.getGetMethod,-1.2897785874694907
1,0,1,1,0,0,0,0,1,0,1,0,0,5,1,0,0,48,30,18,7,0.625,0.375,0.0,0.0,0.1041666666666666,0.0,0.0208333333333333,0.0,0.1458333333333333,1,0.0,java,codeprimate-software/cp-elements,CollectionExtensions.from,-2.5705164870875272
1,1,4,2,0,0,0,0,1,11,12,0,0,27,1,5,1,189,128,61,10,0.6772486772486772,0.3227513227513227,0.0,0.0582010582010582,0.1428571428571428,0.0264550264550264,0.0211640211640211,0.0264550264550264,0.0529100529100529,1,1.0,java,demidenko05/beigesoft-accounting,FctBnAccEntitiesProcessors.createPutPrcPurchaseInvoiceServiceLineDelete,-0.5196183577658448
1,0,5,3,0,0,0,0,1,1,1,3,0,24,2,4,3,127,87,40,9,0.6850393700787402,0.3149606299212598,0.0,0.0078740157480314,0.1889763779527559,0.0314960629921259,0.0393700787401574,0.0314960629921259,0.0708661417322834,1,0.0,java,h2oai/h2o-2,GenUtils.concat,-1.0707168703854637
1,1,0,0,1,0,0,0,0,6,6,0,0,13,3,2,1,78,51,27,12,0.6538461538461539,0.3461538461538461,0.0128205128205128,0.0769230769230769,0.1666666666666666,0.0256410256410256,0.0,0.0256410256410256,0.1538461538461538,2,1.0,java,randomizedtesting/randomizedtesting,JUnit4.setPrefix,-1.6198036512861578
1,0,2,1,0,0,0,0,1,2,2,0,1,7,1,0,2,62,40,22,9,0.6451612903225806,0.3548387096774194,0.0,0.032258064516129,0.1129032258064516,0.0,0.032258064516129,0.0,0.1451612903225806,1,0.0,java,BorderTech/wcomponents,WAudio.getAudio,-2.1613839633590217
1,5,0,0,0,0,0,0,1,4,4,0,0,15,1,0,0,66,47,19,9,0.7121212121212122,0.2878787878787879,0.0,0.0606060606060606,0.2272727272727272,0.0,0.0,0.0,0.1363636363636363,1,5.0,java,Azure/azure-sdk-for-java,ManagedDatabaseVulnerabilityAssessmentRuleBaselinesInner.get,-1.8404202254235207
1,1,2,1,1,0,0,0,1,3,4,0,1,10,1,1,2,69,45,24,8,0.6521739130434783,0.3478260869565217,0.0144927536231884,0.0434782608695652,0.144927536231884,0.0144927536231884,0.0289855072463768,0.0144927536231884,0.1159420289855072,2,1.0,java,reinert/requestor,WebTarget.path,-1.629764428160667
1,1,0,0,0,0,0,0,1,2,2,1,0,8,1,1,0,38,24,14,7,0.631578947368421,0.3684210526315789,0.0,0.0526315789473684,0.2105263157894736,0.0263157894736842,0.0,0.0263157894736842,0.1842105263157894,1,1.0,java,aws/aws-sdk-java,AmazonElasticMapReduceClient.listBootstrapActions,-2.6109867619351075
1,1,0,0,0,0,0,0,1,6,6,0,0,15,2,3,0,102,70,32,10,0.6862745098039216,0.3137254901960784,0.0,0.0588235294117647,0.1470588235294117,0.0294117647058823,0.0,0.0294117647058823,0.0980392156862745,1,1.0,java,hazelcast/hazelcast,Config.setQuorumConfigs,-1.5773955361377625
1,1,4,2,0,0,1,0,1,3,5,1,1,15,2,1,2,113,75,38,12,0.6637168141592921,0.336283185840708,0.0088495575221238,0.0265486725663716,0.1327433628318584,0.0088495575221238,0.0353982300884955,0.0088495575221238,0.1061946902654867,2,1.0,java,medallia/Word2VecJava,Common.readToList,-0.8187819061158981
1,0,8,4,2,0,0,0,4,11,11,2,2,31,8,3,10,235,159,76,18,0.676595744680851,0.3234042553191489,0.0085106382978723,0.0468085106382978,0.1319148936170212,0.0127659574468085,0.0340425531914893,0.0127659574468085,0.076595744680851,3,0.0,java,selendroid/selendroid,SelendroidServerBuilder.getJarVersionNumber,1.1931607467497498
1,2,4,2,2,1,0,0,3,5,5,0,2,19,4,1,3,123,85,38,10,0.6910569105691057,0.3089430894308943,0.024390243902439,0.040650406504065,0.1544715447154471,0.008130081300813,0.032520325203252,0.008130081300813,0.08130081300813,4,2.0,java,lievendoclo/Valkyrie-RCP,SimpleGroupMember.findMenu,-0.1123264352234846
1,2,12,6,3,0,0,0,1,20,25,4,1,75,11,13,8,523,366,157,14,0.6998087954110899,0.3001912045889101,0.005736137667304,0.0382409177820267,0.1434034416826003,0.0248565965583174,0.022944550669216,0.0248565965583174,0.0267686424474187,4,2.0,java,samtingleff/jchronic,Chronic.parse,3.5276622372499267
2,3,28,14,2,3,0,0,1,22,28,4,14,96,9,12,11,539,364,175,17,0.6753246753246753,0.3246753246753247,0.0092764378478664,0.0408163265306122,0.1781076066790352,0.0222634508348794,0.0519480519480519,0.0222634508348794,0.0315398886827458,6,1.5,java,att/AAF,Symm.depass,5.8207774181852905
1,2,2,1,0,0,0,0,1,5,5,0,1,17,1,0,2,126,86,40,11,0.6825396825396826,0.3174603174603174,0.0,0.0396825396825396,0.1349206349206349,0.0,0.0158730158730158,0.0,0.0873015873015873,1,2.0,java,aol/cyclops,Memoize.memoizeFunction,-1.3460086311581547
1,2,0,0,0,0,0,0,0,1,1,0,0,6,1,1,2,51,35,16,7,0.6862745098039216,0.3137254901960784,0.0,0.0196078431372549,0.1176470588235294,0.0196078431372549,0.0,0.0196078431372549,0.1372549019607843,1,2.0,java,pgjdbc/pgjdbc,EscapedFunctions2.sqllcase,-2.419937970641856
1,4,4,2,1,0,0,0,1,5,6,0,6,24,2,1,4,131,91,40,13,0.6946564885496184,0.3053435114503817,0.0076335877862595,0.0381679389312977,0.183206106870229,0.0076335877862595,0.0305343511450381,0.0076335877862595,0.099236641221374,2,4.0,java,forge/core,MavenJDOMWriter.findAndReplaceXpp3DOM,-0.5322840215471981
1,4,0,0,1,0,0,0,0,7,7,0,0,28,1,4,3,136,94,42,9,0.6911764705882353,0.3088235294117647,0.0073529411764705,0.0514705882352941,0.2058823529411764,0.0294117647058823,0.0,0.0294117647058823,0.0661764705882353,2,4.0,java,phax/ph-commons,LogHelper.log,-0.9948822824175698
1,0,6,3,5,1,0,0,1,11,11,3,8,46,4,6,9,279,192,87,16,0.6881720430107527,0.3118279569892473,0.021505376344086,0.039426523297491,0.1648745519713261,0.021505376344086,0.021505376344086,0.021505376344086,0.057347670250896,7,0.0,java,OpenLiberty/open-liberty,MessageStoreImpl.listPreparedTransactions,1.814171907740451
2,5,46,23,9,2,0,1,2,34,35,12,4,190,13,18,18,952,670,282,32,0.7037815126050421,0.296218487394958,0.0115546218487394,0.0357142857142857,0.1995798319327731,0.01890756302521,0.0483193277310924,0.01890756302521,0.0336134453781512,12,2.5,java,jruby/yecht,Resolver.node_import,11.558501618135884
1,1,0,0,1,0,0,0,1,1,1,1,1,9,2,2,1,56,37,19,10,0.6607142857142857,0.3392857142857143,0.0178571428571428,0.0178571428571428,0.1607142857142857,0.0357142857142857,0.0,0.0357142857142857,0.1785714285714285,2,1.0,java,VoltDB/voltdb,QueryExpression.setTableColumnNames,-2.022599348163421
1,2,0,0,1,0,0,0,0,9,11,0,2,28,4,4,3,156,108,48,12,0.6923076923076923,0.3076923076923077,0.0064102564102564,0.0576923076923076,0.1794871794871795,0.0256410256410256,0.0,0.0256410256410256,0.0769230769230769,2,2.0,java,aws/aws-sdk-java,ListAliasesRequestMarshaller.marshall,-0.6274949614636951
2,3,2,1,0,0,0,0,2,4,6,0,1,17,2,1,0,184,123,61,15,0.6684782608695652,0.3315217391304347,0.0,0.0217391304347826,0.092391304347826,0.0054347826086956,0.0108695652173913,0.0054347826086956,0.0815217391304347,1,1.5,java,ysc/QuestionAnsweringSystem,Tools.sortByIntegerValue,-0.7982996889465512
1,2,2,1,0,0,0,0,1,1,2,7,0,35,1,7,0,130,87,43,7,0.6692307692307692,0.3307692307692307,0.0,0.0076923076923076,0.2692307692307692,0.0538461538461538,0.0153846153846153,0.0538461538461538,0.0538461538461538,1,2.0,java,netscaler/nitro,responderpolicy.add,-1.069220144505153
1,5,6,3,0,0,0,0,0,6,6,0,0,24,1,1,0,115,81,34,10,0.7043478260869566,0.2956521739130435,0.0,0.0521739130434782,0.208695652173913,0.008695652173913,0.0521739130434782,0.008695652173913,0.0869565217391304,1,5.0,java,Impetus/Kundera,CouchDBObjectMapper.onEmbeddable,-0.859878144797728
1,1,0,0,1,0,0,0,2,5,5,0,0,16,2,4,2,87,60,27,9,0.6896551724137931,0.3103448275862069,0.0114942528735632,0.057471264367816,0.1839080459770115,0.0459770114942528,0.0,0.0459770114942528,0.1034482758620689,2,1.0,java,zeromq/jeromq,ZMonitor.verbose,-1.3483537506413044
1,0,4,2,0,0,1,0,1,2,2,0,0,9,2,1,1,65,41,24,7,0.6307692307692307,0.3692307692307692,0.0153846153846153,0.0307692307692307,0.1384615384615384,0.0153846153846153,0.0615384615384615,0.0153846153846153,0.1076923076923077,2,0.0,java,iig-uni-freiburg/SEWOL,ConstraintContextProperties.getNextConstraintIndex,-1.3500000866571737
1,2,4,2,0,0,0,0,1,3,3,0,0,16,1,0,0,70,50,20,8,0.7142857142857143,0.2857142857142857,0.0,0.0428571428571428,0.2285714285714285,0.0,0.0571428571428571,0.0,0.1142857142857142,1,2.0,java,drewwills/cernunnos,ServletRequestHeaderPhrase.evaluate,-1.5514279764078922
1,1,2,1,1,0,0,0,2,2,2,0,1,8,2,0,3,58,39,19,8,0.6724137931034483,0.3275862068965517,0.0172413793103448,0.0344827586206896,0.1379310344827586,0.0,0.0344827586206896,0.0,0.1379310344827586,2,1.0,java,ihaolin/session,WebUtil.getUserAgent,-1.6418391982850526
1,2,0,0,0,0,0,0,1,1,1,0,0,6,1,0,3,42,30,12,6,0.7142857142857143,0.2857142857142857,0.0,0.0238095238095238,0.1428571428571428,0.0,0.0,0.0,0.1428571428571428,1,2.0,java,PeterisP/LVTagger,ChunkAnnotationUtils.fixChunkSentenceBoundaries,-2.385604581207861
1,2,6,3,0,0,0,0,0,3,4,0,0,22,1,1,2,93,66,27,8,0.7096774193548387,0.2903225806451613,0.0,0.032258064516129,0.2365591397849462,0.010752688172043,0.064516129032258,0.010752688172043,0.086021505376344,1,2.0,java,javagl/CommonUI,JTables.scrollToRow,-1.2171729638987059
1,5,4,2,4,0,0,0,1,15,20,0,3,40,1,0,9,275,191,84,15,0.6945454545454546,0.3054545454545455,0.0145454545454545,0.0545454545454545,0.1454545454545454,0.0,0.0145454545454545,0.0,0.0545454545454545,5,5.0,java,twilio/authy-java,AuthyUtil.validateSignature,1.203540494291699
1,1,2,1,1,0,0,0,1,2,3,0,2,12,2,0,2,74,50,24,11,0.6756756756756757,0.3243243243243243,0.0135135135135135,0.027027027027027,0.1621621621621621,0.0,0.027027027027027,0.0,0.1486486486486486,2,1.0,java,arquillian/arquillian-extension-persistence,DataSetProvider.inferFormat,-1.5853744437440753
1,1,2,1,0,0,0,0,1,7,9,0,0,17,1,2,1,100,69,31,9,0.69,0.31,0.0,0.07,0.17,0.02,0.02,0.02,0.09,1,1.0,java,tobato/FastDFS_Client,DefaultFastFileStorageClient.generateThumbImageByDefault,-1.3489276436611985
1,2,0,0,0,0,0,0,0,7,7,0,0,13,1,2,0,71,46,25,10,0.647887323943662,0.352112676056338,0.0,0.0985915492957746,0.1830985915492957,0.028169014084507,0.0,0.028169014084507,0.1408450704225352,1,2.0,java,fuinorg/units4j,Units4JUtils.assertCauseMessage,-1.9326131664714274
1,2,0,0,0,0,0,0,1,1,3,0,0,11,1,0,0,61,43,18,8,0.7049180327868853,0.2950819672131147,0.0,0.0163934426229508,0.180327868852459,0.0,0.0,0.0,0.1311475409836065,1,2.0,java,JetBrains/xodus,VirtualFileSystem.writeFile,-2.1969900657036923
1,3,10,5,2,1,0,0,1,19,20,1,7,62,5,5,8,378,257,121,15,0.6798941798941799,0.3201058201058201,0.0079365079365079,0.0502645502645502,0.164021164021164,0.0132275132275132,0.0264550264550264,0.0132275132275132,0.0396825396825396,4,3.0,java,jenetics/jenetics,TruncationSelector.select,2.384342717462981
1,3,30,15,6,1,0,1,0,51,56,18,31,321,12,45,42,1469,1025,444,19,0.6977535738597685,0.3022464261402314,0.0047651463580667,0.034717494894486,0.2185159972770592,0.0306330837304288,0.0204220558202859,0.0306330837304288,0.012933968686181,8,3.0,java,tango-controls/JTango,Util.fill_attr_polling_buffer,13.838005498840866
1,1,4,2,1,0,0,0,2,3,3,0,3,14,3,0,2,82,55,27,8,0.6707317073170732,0.3292682926829268,0.0121951219512195,0.0365853658536585,0.1707317073170731,0.0,0.048780487804878,0.0,0.0975609756097561,2,1.0,java,camunda/camunda-bpm-platform,ExecutionImpl.generateActivityInstanceId,-1.1363990661113095
1,1,6,3,0,0,0,0,0,7,10,0,0,23,3,1,4,160,110,50,12,0.6875,0.3125,0.0,0.04375,0.14375,0.00625,0.0375,0.00625,0.075,1,1.0,java,Alluxio/alluxio,FileSystemAdminShellUtils.checkMasterClientService,-0.6265316345640558
1,4,0,0,0,0,0,0,1,2,2,0,0,12,1,0,0,61,42,19,8,0.6885245901639344,0.3114754098360656,0.0,0.0327868852459016,0.1967213114754098,0.0,0.0,0.0,0.1311475409836065,1,4.0,java,Azure/azure-sdk-for-java,DeploymentsInner.validateAsync,-2.114292430399198
1,2,0,0,1,0,0,0,0,15,17,0,2,43,4,7,3,210,147,63,12,0.7,0.3,0.0047619047619047,0.0714285714285714,0.2047619047619047,0.0333333333333333,0.0,0.0333333333333333,0.0571428571428571,2,2.0,java,aws/aws-sdk-java,ListedServerMarshaller.marshall,0.05053274223307924
1,0,1,1,0,0,0,0,1,3,3,0,0,9,1,1,1,48,32,16,8,0.6666666666666666,0.3333333333333333,0.0,0.0625,0.1875,0.0208333333333333,0.0208333333333333,0.0208333333333333,0.1666666666666666,1,0.0,java,spring-projects/spring-hateoas,Links.and,-2.261019312096249
1,4,0,0,0,0,0,0,1,2,2,0,0,12,1,0,0,61,42,19,8,0.6885245901639344,0.3114754098360656,0.0,0.0327868852459016,0.1967213114754098,0.0,0.0,0.0,0.1311475409836065,1,4.0,java,Azure/azure-sdk-for-java,WorkflowsInner.updateAsync,-2.114292430399198
1,2,2,1,0,0,0,0,1,3,3,0,0,11,1,0,0,67,44,23,10,0.6567164179104478,0.3432835820895522,0.0,0.044776119402985,0.1641791044776119,0.0,0.0298507462686567,0.0,0.1492537313432835,1,2.0,java,alkacon/opencms-core,CmsStringUtil.splitAsArray,-1.9712269512929486
1,0,0,0,1,0,0,0,1,4,4,1,1,10,2,1,1,58,38,20,13,0.6551724137931034,0.3448275862068966,0.0172413793103448,0.0689655172413793,0.1724137931034483,0.0172413793103448,0.0,0.0172413793103448,0.2241379310344827,2,0.0,java,alkacon/opencms-core,A_CmsJspValueWrapper.getToBoolean,-1.9547553538736087
1,0,6,3,1,1,0,0,0,8,9,0,1,21,4,3,1,170,113,57,10,0.6647058823529411,0.3352941176470588,0.0117647058823529,0.0470588235294117,0.1235294117647058,0.0176470588235294,0.0352941176470588,0.0176470588235294,0.0588235294117647,3,0.0,java,csc19601128/Phynixx,PhynixxXAResourceFactory.close,-0.18815575991414019
1,1,2,1,2,0,0,0,3,2,2,0,0,10,4,0,3,100,68,32,10,0.68,0.32,0.02,0.02,0.1,0.0,0.02,0.0,0.1,3,1.0,java,VoltDB/voltdb,AbstractExpression.containsFunctionById,-1.0087067979140538
1,5,16,8,13,0,0,0,1,51,53,2,10,152,21,12,7,816,567,249,21,0.6948529411764706,0.3051470588235294,0.0159313725490196,0.0625,0.1862745098039215,0.0147058823529411,0.0196078431372549,0.0147058823529411,0.025735294117647,14,5.0,java,korpling/ANNIS,CorefVisualizer.getAllTokens,8.934910716325973
1,2,0,0,0,0,0,0,1,0,1,0,0,6,1,0,0,34,23,11,6,0.6764705882352942,0.3235294117647059,0.0,0.0,0.1764705882352941,0.0,0.0,0.0,0.1764705882352941,1,2.0,java,vladmihalcea/flexy-pool,ConnectionDecoratorFactory.proxyConnection,-2.703636461659071
2,3,0,0,0,0,0,0,0,3,4,0,0,14,2,2,0,84,54,30,15,0.6428571428571429,0.3571428571428571,0.0,0.0357142857142857,0.1666666666666666,0.0238095238095238,0.0,0.0238095238095238,0.1785714285714285,1,1.5,java,Samsung/GearVRf,GVRRigidBody.applyCentralImpulse,-1.8888550856944628
1,1,4,2,1,0,0,0,1,6,6,2,1,20,3,2,2,102,69,33,12,0.6764705882352942,0.3235294117647059,0.0098039215686274,0.0588235294117647,0.196078431372549,0.0196078431372549,0.0392156862745098,0.0196078431372549,0.1176470588235294,2,1.0,java,j-a-w-r/jawr-main-repo,JawrRequestHandler.getRequestPath,-0.8087851860969759
1,0,0,0,1,0,0,0,1,0,1,1,1,4,2,1,1,64,41,23,12,0.640625,0.359375,0.015625,0.0,0.0625,0.015625,0.0,0.015625,0.1875,2,0.0,java,aws/aws-sdk-java,DescribeApplicationsResult.getApplications,-2.1617481993585903
1,3,0,0,0,0,0,0,1,2,2,0,0,10,1,0,1,58,38,20,8,0.6551724137931034,0.3448275862068966,0.0,0.0344827586206896,0.1724137931034483,0.0,0.0,0.0,0.1379310344827586,1,3.0,java,pravega/pravega,PravegaTablesStoreHelper.addNewEntryIfAbsent,-2.266472539984003
1,8,0,0,0,0,0,0,1,2,2,0,0,20,1,0,0,85,62,23,8,0.7294117647058823,0.2705882352941176,0.0,0.0235294117647058,0.2352941176470588,0.0,0.0,0.0,0.0941176470588235,1,8.0,java,Azure/azure-sdk-for-java,ManagementLocksInner.createOrUpdateAtResourceLevelAsync,-1.596553200278318
1,0,0,0,1,0,0,0,1,3,3,0,1,6,2,2,1,59,39,20,8,0.6610169491525424,0.3389830508474576,0.0169491525423728,0.0508474576271186,0.1016949152542373,0.0338983050847457,0.0,0.0338983050847457,0.135593220338983,2,0.0,java,alkacon/opencms-core,CmsSimpleEditor.actionExit,-1.923530027044508
1,0,2,1,0,0,0,0,1,4,6,0,0,14,1,0,1,88,62,26,9,0.7045454545454546,0.2954545454545454,0.0,0.0454545454545454,0.1590909090909091,0.0,0.0227272727272727,0.0,0.1022727272727272,1,0.0,java,spring-projects/spring-android,HierarchicalUriComponents.normalize,-1.6686217163178745
1,8,8,4,0,0,0,0,0,14,16,0,0,55,2,9,1,259,183,76,11,0.7065637065637066,0.2934362934362934,0.0,0.054054054054054,0.2123552123552123,0.0347490347490347,0.0308880308880308,0.0347490347490347,0.0424710424710424,1,8.0,java,googleads/googleads-java-lib,UploadConversionAdjustment.runExample,0.8227406829595907
1,1,2,1,0,0,0,0,0,2,3,0,0,10,2,1,0,63,42,21,8,0.6666666666666666,0.3333333333333333,0.0,0.0317460317460317,0.1587301587301587,0.0158730158730158,0.0317460317460317,0.0158730158730158,0.1269841269841269,1,1.0,java,sarl/sarl,Boot.setPropertiesFrom,-2.0440643138475263
1,0,2,1,1,0,0,0,1,7,7,3,1,20,2,4,1,100,66,34,10,0.66,0.34,0.01,0.07,0.2,0.04,0.02,0.04,0.1,2,0.0,java,Netflix/spectator,IpcLogEntry.markStart,-1.0068274321370927
1,4,0,0,1,0,0,0,0,2,4,0,0,14,2,1,1,92,62,30,9,0.6739130434782609,0.3260869565217391,0.0108695652173913,0.0217391304347826,0.1521739130434782,0.0108695652173913,0.0,0.0108695652173913,0.0978260869565217,2,4.0,java,eserating/siren4j,BaseBuilder.addStep,-1.597979225699056
1,0,4,2,0,0,0,0,1,2,2,2,0,9,1,2,3,71,46,25,8,0.647887323943662,0.352112676056338,0.0,0.028169014084507,0.1267605633802817,0.028169014084507,0.056338028169014,0.028169014084507,0.1126760563380281,1,0.0,java,Waikato/moa,GUIDefaults.getTabs,-1.7120173436394097
1,0,1,1,0,0,0,0,1,3,4,0,0,12,1,0,2,86,58,28,11,0.6744186046511628,0.3255813953488372,0.0,0.0348837209302325,0.1395348837209302,0.0,0.0116279069767441,0.0,0.127906976744186,1,0.0,java,mongodb/stitch-android-sdk,CoreRemoteMongoCollectionImpl.watch,-1.9037590253344743
1,2,0,0,2,0,0,0,3,3,3,0,1,23,5,0,1,105,74,31,12,0.7047619047619048,0.2952380952380952,0.019047619047619,0.0285714285714285,0.219047619047619,0.0,0.0,0.0,0.1142857142857142,3,2.0,java,google/error-prone-javac,EnumConstantWriterImpl.getNavSummaryLink,-0.8882756677914226
1,1,0,0,1,0,0,0,0,1,2,0,2,10,2,0,1,59,41,18,11,0.6949152542372882,0.3050847457627119,0.0169491525423728,0.0169491525423728,0.1694915254237288,0.0,0.0,0.0,0.1864406779661017,2,1.0,java,juebanlin/util4j,ArrayBytesBuff.checkReadableBytesUnsafe,-2.0603240641558904
1,1,6,3,0,0,1,0,1,6,7,0,0,22,2,1,0,120,80,40,10,0.6666666666666666,0.3333333333333333,0.0083333333333333,0.05,0.1833333333333333,0.0083333333333333,0.05,0.0083333333333333,0.0833333333333333,2,1.0,java,elki-project/elki,SplitHistory.getCommonDimensions,-0.5264476767378071
1,2,8,4,5,0,0,0,3,15,17,4,4,54,10,6,6,310,210,100,15,0.6774193548387096,0.3225806451612903,0.0161290322580645,0.0483870967741935,0.1741935483870967,0.0193548387096774,0.0258064516129032,0.0193548387096774,0.0483870967741935,6,2.0,java,sarl/sarl,FileSystemAddons.convertFileToURL,2.495627346600341
1,2,2,1,0,0,0,0,1,6,6,0,1,15,1,0,2,76,52,24,12,0.6842105263157895,0.3157894736842105,0.0,0.0789473684210526,0.1973684210526315,0.0,0.0263157894736842,0.0,0.1578947368421052,1,2.0,java,googleapis/google-cloud-java,ConfigClient.createSink,-1.6037625473156338
1,2,20,11,3,1,0,0,2,0,0,11,50,83,5,11,38,629,422,207,16,0.670906200317965,0.3290937996820349,0.0063593004769475,0.0,0.1319554848966613,0.0174880763116057,0.0317965023847376,0.0174880763116057,0.0254372019077901,5,2.0,java,sirthias/parboiled,Base64.encodeToByte,5.127662639414257
2,1,4,2,0,0,0,0,2,6,8,0,0,17,2,0,0,106,71,35,14,0.6698113207547169,0.330188679245283,0.0,0.0566037735849056,0.160377358490566,0.0,0.0377358490566037,0.0,0.1320754716981132,1,0.5,java,qiujuer/OkHttpPacker,HttpCore.interceptToProgressResponse,-1.0540245823403762
1,2,4,2,0,0,0,0,1,3,3,0,1,16,1,0,2,87,60,27,8,0.6896551724137931,0.3103448275862069,0.0,0.0344827586206896,0.1839080459770115,0.0,0.0459770114942528,0.0,0.0919540229885057,1,2.0,java,drtrang/spring-boot-autoconfigure,SqlMapper.selectList,-1.471241051606246
1,2,4,2,1,0,0,0,1,2,3,0,1,16,3,1,1,130,87,43,10,0.6692307692307692,0.3307692307692307,0.0076923076923076,0.0153846153846153,0.123076923076923,0.0076923076923076,0.0307692307692307,0.0076923076923076,0.0769230769230769,2,2.0,java,groovy/groovy-core,DefaultGroovyMethods.findResults,-1.0161659344490563
1,1,2,1,1,0,0,0,2,5,5,0,3,16,3,0,2,100,64,36,9,0.64,0.36,0.01,0.05,0.16,0.0,0.02,0.0,0.09,2,1.0,java,wcm-io/wcm-io-handler,SimpleImageMediaMarkupBuilder.getMediaElement,-1.197392265547301
1,2,4,2,0,0,0,0,1,8,8,1,5,24,1,1,1,120,81,39,14,0.675,0.325,0.0,0.0666666666666666,0.2,0.0083333333333333,0.0333333333333333,0.0083333333333333,0.1166666666666666,1,2.0,java,cdk/cdk,StandardAtomGenerator.positionSubscript,-0.841589729176665
1,0,2,1,1,0,0,0,2,4,5,0,3,11,2,0,5,112,75,37,11,0.6696428571428571,0.3303571428571428,0.0089285714285714,0.0357142857142857,0.0982142857142857,0.0,0.0178571428571428,0.0,0.0982142857142857,2,0.0,java,forge/javaee-descriptors,EntityListenersImpl.getOrCreateEntityListener,-1.1872732688466536
1,1,2,1,0,0,0,0,1,2,2,0,0,9,1,1,0,44,29,15,7,0.6590909090909091,0.3409090909090909,0.0,0.0454545454545454,0.2045454545454545,0.0227272727272727,0.0454545454545454,0.0227272727272727,0.1590909090909091,1,1.0,java,spotbugs/spotbugs,BugInstance.addReferencedField,-2.2183669323721946
1,3,0,0,0,0,0,0,1,3,3,0,0,13,1,2,0,74,46,28,6,0.6216216216216216,0.3783783783783784,0.0,0.0405405405405405,0.1756756756756756,0.027027027027027,0.0,0.027027027027027,0.081081081081081,1,3.0,java,xetorthio/jedis,BinaryJedis.setex,-2.0517563323265056
1,0,1,1,1,0,0,0,1,2,3,0,1,11,3,2,1,88,59,29,12,0.6704545454545454,0.3295454545454545,0.0113636363636363,0.0227272727272727,0.125,0.0227272727272727,0.0113636363636363,0.0227272727272727,0.1363636363636363,2,0.0,java,aws/aws-sdk-java,BudgetPerformanceHistory.withBudgetedAndActualAmountsList,-1.5612127689236242
1,2,0,0,0,0,0,0,1,2,2,0,0,8,1,0,0,50,32,18,8,0.64,0.36,0.0,0.04,0.16,0.0,0.0,0.0,0.16,1,2.0,java,mirage-sql/mirage,SqlManagerImpl.updateBatch,-2.468375979907869
1,1,2,1,0,0,0,0,0,8,8,0,0,21,2,4,0,96,65,31,12,0.6770833333333334,0.3229166666666667,0.0,0.0833333333333333,0.21875,0.0416666666666666,0.0208333333333333,0.0416666666666666,0.125,1,1.0,java,allure-framework/allure1,Allure.fire,-1.3356478786946877
1,1,2,1,0,0,0,0,1,4,4,0,0,10,1,0,0,51,34,17,9,0.6666666666666666,0.3333333333333333,0.0,0.0784313725490196,0.196078431372549,0.0,0.0392156862745098,0.0,0.1764705882352941,1,1.0,java,googleapis/google-cloud-java,KeyManagementServiceClient.listCryptoKeys,-2.0783021189099746
1,1,0,0,2,0,0,0,0,2,2,1,6,15,3,3,3,78,52,26,8,0.6666666666666666,0.3333333333333333,0.0256410256410256,0.0256410256410256,0.1923076923076923,0.0384615384615384,0.0,0.0384615384615384,0.1025641025641025,3,1.0,java,OpenLiberty/open-liberty,StartupServletContextListener.setFacesInitializer,-1.3230346797637829
1,1,0,0,2,0,0,0,0,5,6,1,6,17,3,2,3,107,71,36,14,0.6635514018691588,0.3364485981308411,0.0186915887850467,0.0467289719626168,0.1588785046728972,0.0186915887850467,0.0,0.0186915887850467,0.1308411214953271,3,1.0,java,biojava/biojava,MultipleSequenceAlignment.addAlignedSequence,-0.9982644089677537
1,2,6,3,1,1,0,0,0,0,0,8,3,42,4,8,9,245,167,78,12,0.6816326530612244,0.3183673469387755,0.0081632653061224,0.0,0.1714285714285714,0.0326530612244898,0.0244897959183673,0.0326530612244898,0.0489795918367346,3,2.0,java,Waikato/moa,OnlineAccuracyUpdatedEnsemble.addToStored,0.5035238597554075
1,7,8,4,0,0,0,0,1,11,12,0,0,42,1,7,9,236,169,67,9,0.7161016949152542,0.2838983050847458,0.0,0.0466101694915254,0.1779661016949152,0.0296610169491525,0.0338983050847457,0.0296610169491525,0.0381355932203389,1,7.0,java,UrielCh/ovh-java-sdk,ApiOvhSupport.tickets_create_POST,0.5027917645791788
1,0,8,4,0,0,0,0,2,4,4,1,2,20,4,1,3,123,82,41,11,0.6666666666666666,0.3333333333333333,0.0,0.032520325203252,0.1626016260162601,0.008130081300813,0.065040650406504,0.008130081300813,0.089430894308943,1,0.0,java,neoremind/navi,IPUtils.getServerId,-0.6721578883559446
1,1,2,1,0,0,0,0,1,3,4,0,0,9,1,1,1,54,36,18,9,0.6666666666666666,0.3333333333333333,0.0,0.0555555555555555,0.1666666666666666,0.0185185185185185,0.037037037037037,0.0185185185185185,0.1666666666666666,1,1.0,java,aws/aws-sdk-java,AmazonS3Client.requestConfigWithSkipAppendUriPath,-2.0541758209146095
1,1,6,3,1,0,0,0,3,9,10,0,1,34,5,4,4,194,135,59,12,0.6958762886597938,0.3041237113402061,0.0051546391752577,0.0463917525773195,0.1752577319587628,0.0206185567010309,0.0309278350515463,0.0206185567010309,0.0618556701030927,2,1.0,java,baratine/baratine,WebSocketApply.service,0.23532809529855925
1,0,0,0,1,0,0,0,1,3,3,1,1,12,2,1,2,67,45,22,13,0.6716417910447762,0.3283582089552239,0.0149253731343283,0.044776119402985,0.1791044776119403,0.0149253731343283,0.0,0.0149253731343283,0.1940298507462686,2,0.0,java,opensourceBIM/BIMserver,Ifc2x3tc1PackageImpl.getIfcPowerMeasure,-1.8514712442265806
1,0,0,0,1,0,0,0,0,4,4,0,1,8,2,3,3,57,36,21,10,0.631578947368421,0.3684210526315789,0.0175438596491228,0.0701754385964912,0.1403508771929824,0.0526315789473684,0.0,0.0526315789473684,0.175438596491228,2,0.0,java,bignerdranch/expandable-recycler-view,ParentViewHolder.collapseView,-1.9955454563602164
1,0,2,1,3,0,0,0,1,9,13,0,3,29,4,3,2,197,134,63,15,0.6802030456852792,0.3197969543147208,0.015228426395939,0.0456852791878172,0.1472081218274111,0.015228426395939,0.0101522842639593,0.015228426395939,0.0761421319796954,4,0.0,java,apache/incubator-gobblin,Fork.getFinalState,0.12083631328942036
2,4,6,3,1,0,0,0,0,11,13,0,1,37,6,5,4,218,149,69,18,0.6834862385321101,0.3165137614678899,0.0045871559633027,0.0504587155963302,0.1697247706422018,0.0229357798165137,0.0275229357798165,0.0229357798165137,0.0825688073394495,2,2.0,java,Samsung/GearVRf,GVRAssetLoader.loadModel,0.63104445071438
1,1,6,3,4,0,0,0,1,8,9,0,2,33,7,4,3,208,147,61,16,0.7067307692307693,0.2932692307692308,0.0192307692307692,0.0384615384615384,0.1586538461538461,0.0192307692307692,0.0288461538461538,0.0192307692307692,0.0769230769230769,5,1.0,java,fhoeben/hsac-fitnesse-fixtures,LocalDriverFactory.getFirefoxProfile,0.8491064903399292
1,2,0,0,1,0,0,0,0,3,5,0,2,13,4,1,3,102,69,33,12,0.6764705882352942,0.3235294117647059,0.0098039215686274,0.0294117647058823,0.1274509803921568,0.0098039215686274,0.0,0.0098039215686274,0.1176470588235294,2,2.0,java,aws/aws-sdk-java,PutConfigurationRecorderRequestMarshaller.marshall,-1.4058290514441472
1,1,4,2,1,0,0,0,3,1,2,0,1,10,4,0,3,86,56,30,9,0.6511627906976745,0.3488372093023256,0.0116279069767441,0.0116279069767441,0.1162790697674418,0.0,0.0465116279069767,0.0,0.1046511627906976,2,1.0,java,dkpro/dkpro-jwpl,Wikipedia.getCategory,-1.1909562735859853
1,3,2,1,1,1,0,0,2,3,3,0,4,17,2,0,3,98,65,33,13,0.6632653061224489,0.336734693877551,0.0204081632653061,0.0306122448979591,0.173469387755102,0.0,0.0204081632653061,0.0,0.1326530612244898,3,3.0,java,HeidelTime/heideltime,StringUtils.findLastNotOf,-0.8765530411391903
1,4,26,13,8,0,0,0,3,27,28,4,6,98,8,5,8,521,369,152,13,0.708253358925144,0.291746641074856,0.0153550863723608,0.0518234165067178,0.1880998080614203,0.0095969289827255,0.0499040307101727,0.0095969289827255,0.0249520153550863,9,4.0,java,OpenLiberty/open-liberty,JPAJndiLookupObjectFactory.getObjectInstance,5.666374912984443
1,0,6,3,0,0,0,0,1,6,6,3,0,22,3,4,5,118,80,38,9,0.6779661016949152,0.3220338983050847,0.0,0.0508474576271186,0.1864406779661017,0.0338983050847457,0.0508474576271186,0.0338983050847457,0.0762711864406779,1,0.0,java,attribyte/wpdb,DB.selectMaxPostId,-0.7280189240702079
1,4,6,3,0,0,0,0,1,7,7,0,0,26,1,3,6,140,100,40,9,0.7142857142857143,0.2857142857142857,0.0,0.05,0.1857142857142857,0.0214285714285714,0.0428571428571428,0.0214285714285714,0.0642857142857142,1,4.0,java,UrielCh/ovh-java-sdk,ApiOvhOrder.license_cpanel_new_duration_GET,-0.5471499273546409
1,1,3,2,2,1,0,0,2,0,0,1,3,15,4,1,4,95,63,32,9,0.6631578947368421,0.3368421052631579,0.031578947368421,0.0,0.1578947368421052,0.0105263157894736,0.031578947368421,0.0105263157894736,0.0947368421052631,4,1.0,java,js-lib-com/commons,Strings.isSeparator,-0.6672900448955154
1,2,0,0,0,0,0,0,1,4,6,0,0,13,1,3,0,78,51,27,10,0.6538461538461539,0.3461538461538461,0.0,0.0512820512820512,0.1666666666666666,0.0384615384615384,0.0,0.0384615384615384,0.1282051282051282,1,2.0,java,baidubce/bce-sdk-java,Datapoint.addDoubleValue,-1.8964753662712688
1,1,0,0,1,0,0,0,0,3,3,0,2,19,1,2,3,98,68,30,10,0.6938775510204082,0.3061224489795918,0.010204081632653,0.0306122448979591,0.1938775510204081,0.0204081632653061,0.0,0.0204081632653061,0.1020408163265306,2,1.0,java,BlueBrain/bluima,Clause.setSubclauses,-1.5705691565529798
1,2,2,1,0,0,0,0,1,6,6,0,1,18,1,2,1,79,54,25,9,0.6835443037974683,0.3164556962025316,0.0,0.0759493670886076,0.2278481012658227,0.0253164556962025,0.0253164556962025,0.0253164556962025,0.1139240506329113,1,2.0,java,DiUS/pact-jvm,PactDslJsonArray.timestamp,-1.5037245237949262
1,0,0,0,0,0,0,0,1,0,0,0,0,3,1,0,1,62,41,21,8,0.6612903225806451,0.3387096774193548,0.0,0.0,0.0483870967741935,0.0,0.0,0.0,0.1290322580645161,1,0.0,java,google/closure-compiler,HamtPMap.emptyChildren,-2.5156958756036523
1,3,2,1,0,0,0,0,0,9,10,0,0,27,3,2,4,149,103,46,11,0.6912751677852349,0.3087248322147651,0.0,0.0604026845637583,0.1812080536912751,0.0134228187919463,0.0134228187919463,0.0134228187919463,0.0738255033557047,1,3.0,java,bazaarvoice/emodb,AbstractQueueClient.send,-0.8148907273092529
1,5,0,0,0,0,0,0,1,2,2,0,0,14,1,0,0,67,47,20,8,0.7014925373134329,0.2985074626865671,0.0,0.0298507462686567,0.208955223880597,0.0,0.0,0.0,0.1194029850746268,1,5.0,java,Azure/azure-sdk-for-java,DatabaseAutomaticTuningsInner.updateAsync,-1.9702366626342513
1,0,0,0,1,0,0,0,1,4,5,0,2,7,2,1,2,77,50,27,10,0.6493506493506493,0.3506493506493506,0.0129870129870129,0.0519480519480519,0.0909090909090909,0.0129870129870129,0.0,0.0129870129870129,0.1298701298701298,2,0.0,java,exoplatform/jcr,NodeImpl.getUUID,-1.7508329931648585
1,9,2,1,0,0,0,0,1,0,0,3,3,24,1,3,4,149,92,57,7,0.6174496644295302,0.3825503355704698,0.0,0.0,0.1610738255033557,0.0201342281879194,0.0134228187919463,0.0201342281879194,0.046979865771812,1,9.0,java,rwl/JKLU,Dklu_version.GET_POINTER,-1.0704637842477573
1,0,2,1,2,0,0,0,3,4,5,1,2,19,4,2,3,130,88,42,10,0.676923076923077,0.3230769230769231,0.0153846153846153,0.0307692307692307,0.1461538461538461,0.0153846153846153,0.0153846153846153,0.0153846153846153,0.0769230769230769,3,0.0,java,box/box-android-sdk,BoxFolder.getAllowedSharedLinkAccessLevels,-0.6293977030051864
1,1,8,4,2,0,0,0,1,9,11,2,1,34,5,5,2,203,139,64,13,0.6847290640394089,0.3152709359605911,0.0098522167487684,0.0443349753694581,0.167487684729064,0.0246305418719211,0.0394088669950738,0.0246305418719211,0.064039408866995,3,1.0,java,biojava/biojava,AlignmentTools.getAlignedModel,0.5665558515070734
1,1,4,2,3,0,0,0,1,17,21,1,6,52,13,8,9,360,244,116,14,0.6777777777777778,0.3222222222222222,0.0083333333333333,0.0472222222222222,0.1444444444444444,0.0222222222222222,0.0111111111111111,0.0222222222222222,0.0388888888888888,4,1.0,java,spring-cloud/spring-cloud-config,JGitEnvironmentRepository.refresh,2.0584447416256206
1,0,2,1,1,0,0,0,1,3,3,2,1,11,3,2,1,78,51,27,10,0.6538461538461539,0.3461538461538461,0.0128205128205128,0.0384615384615384,0.141025641025641,0.0256410256410256,0.0256410256410256,0.0256410256410256,0.1282051282051282,2,0.0,java,eFaps/eFaps-Kernel,OneSelect.getAttribute,-1.4602579916660186
2,2,0,0,0,0,0,0,2,2,3,0,0,11,2,0,0,69,44,25,13,0.6376811594202898,0.3623188405797101,0.0,0.0289855072463768,0.1594202898550724,0.0,0.0,0.0,0.1884057971014492,1,1.0,java,aNNiMON/Lightweight-Stream-API,DoubleStream.min,-2.081716603490931
1,2,0,0,0,0,0,0,1,2,2,0,0,7,1,0,0,59,38,21,9,0.6440677966101694,0.3559322033898305,0.0,0.0338983050847457,0.1186440677966101,0.0,0.0,0.0,0.1525423728813559,1,2.0,java,hal/elemento,Elements.emptyElement,-2.3760597012825397
1,2,4,2,1,0,0,0,2,9,10,0,2,28,1,1,5,155,108,47,10,0.6967741935483871,0.3032258064516129,0.0064516129032258,0.0580645161290322,0.1806451612903225,0.0064516129032258,0.0258064516129032,0.0064516129032258,0.064516129032258,2,2.0,java,mfornos/humanize,Humanize.camelize,-0.3892860522142032
1,0,4,2,0,0,0,0,1,3,3,0,4,16,1,0,0,81,53,28,12,0.654320987654321,0.345679012345679,0.0,0.037037037037037,0.1975308641975308,0.0,0.0493827160493827,0.0,0.1481481481481481,1,0.0,java,elki-project/elki,VAFile.getScannedPages,-1.6485702404124338
1,0,10,5,4,1,0,0,1,4,4,8,21,42,8,7,14,271,182,89,21,0.6715867158671587,0.3284132841328413,0.018450184501845,0.014760147601476,0.1549815498154981,0.025830258302583,0.03690036900369,0.025830258302583,0.077490774907749,6,0.0,java,respoke/respoke-sdk-android,Respoke.makeGUID,2.4129623514167036
1,0,28,14,19,0,0,0,0,71,109,19,14,228,49,38,66,1719,1181,538,31,0.6870273414776032,0.3129726585223967,0.0110529377545084,0.0413030831878999,0.1326352530541012,0.0221058755090168,0.0162885398487492,0.0221058755090168,0.0180337405468295,20,0.0,java,cdk/cdk,MM2BasedParameterSetReader.setForceFieldDefinitions,18.92512062872026
1,2,6,3,0,0,0,0,1,2,4,0,0,14,1,1,0,93,62,31,8,0.6666666666666666,0.3333333333333333,0.0,0.021505376344086,0.1505376344086021,0.010752688172043,0.064516129032258,0.010752688172043,0.086021505376344,1,2.0,java,netscaler/sdx_nitro,xen_supplemental_pack.get_filtered,-1.3410366261680362
1,0,1,1,1,0,0,0,1,2,3,0,1,11,3,2,1,91,61,30,13,0.6703296703296703,0.3296703296703296,0.0109890109890109,0.0219780219780219,0.1208791208791208,0.0219780219780219,0.0109890109890109,0.0219780219780219,0.1428571428571428,2,0.0,java,aws/aws-sdk-java,DescribeVirtualInterfacesResult.withVirtualInterfaces,-1.5405459219204534
1,4,0,0,0,0,0,0,1,2,2,0,0,12,1,0,0,61,42,19,8,0.6885245901639344,0.3114754098360656,0.0,0.0327868852459016,0.1967213114754098,0.0,0.0,0.0,0.1311475409836065,1,4.0,java,Azure/azure-sdk-for-java,P2sVpnServerConfigurationsInner.getAsync,-2.114292430399198
1,2,0,0,1,0,0,0,0,7,9,0,2,23,4,3,3,138,95,43,12,0.6884057971014492,0.3115942028985507,0.0072463768115942,0.0507246376811594,0.1666666666666666,0.0217391304347826,0.0,0.0217391304347826,0.0869565217391304,2,2.0,java,aws/aws-sdk-java,ToolchainMarshaller.marshall,-0.8699796411193591
1,1,0,0,1,0,0,0,0,5,5,0,1,10,3,2,2,74,48,26,10,0.6486486486486487,0.3513513513513513,0.0135135135135135,0.0675675675675675,0.1351351351351351,0.027027027027027,0.0,0.027027027027027,0.1351351351351351,2,1.0,java,ManfredTremmel/gwt-bean-validators,AbstractMinMaxTextBox.setMax,-1.6905760962537804
1,1,0,0,1,0,0,0,1,0,0,2,4,10,1,2,0,58,37,21,11,0.6379310344827587,0.3620689655172414,0.0172413793103448,0.0,0.1724137931034483,0.0344827586206896,0.0,0.0344827586206896,0.1896551724137931,2,1.0,java,JOML-CI/JOML,Matrix4d.m23,-2.087779628830319
1,1,0,0,1,0,0,0,1,1,1,1,1,10,2,1,1,49,33,16,9,0.673469387755102,0.3265306122448979,0.0204081632653061,0.0204081632653061,0.2040816326530612,0.0204081632653061,0.0,0.0204081632653061,0.1836734693877551,2,1.0,java,ThreeTen/threeten-extra,Months.subtractFrom,-2.0730804876996456
1,0,2,1,2,0,0,0,0,13,16,1,4,39,7,6,6,252,170,82,15,0.6746031746031746,0.3253968253968254,0.0079365079365079,0.0515873015873015,0.1547619047619047,0.0238095238095238,0.0079365079365079,0.0238095238095238,0.0595238095238095,3,0.0,java,baratine/baratine,CompilingLoader.init,0.5985198034158254
1,1,4,2,2,0,0,0,2,5,5,1,3,17,1,1,6,126,85,41,8,0.6746031746031746,0.3253968253968254,0.0158730158730158,0.0396825396825396,0.1349206349206349,0.0079365079365079,0.0317460317460317,0.0079365079365079,0.0634920634920634,3,1.0,java,nyla-solutions/nyla,Organizer.flattenPaging,-0.6153885951185071
1,1,0,0,1,0,0,0,0,1,1,1,1,8,2,1,1,50,33,17,10,0.66,0.34,0.02,0.02,0.16,0.02,0.0,0.02,0.2,2,1.0,java,RestComm/sip-servlets,SipDeploymentService.start,-2.208186524978949
1,0,6,3,1,0,0,0,1,7,8,1,5,27,2,3,5,143,99,44,10,0.6923076923076923,0.3076923076923077,0.0069930069930069,0.0489510489510489,0.1888111888111888,0.0209790209790209,0.0419580419580419,0.0209790209790209,0.0699300699300699,2,0.0,java,spotify/scio,Injector.addLiveTeam,-0.3411274962605411
1,2,10,5,1,0,2,0,2,12,14,0,2,33,4,0,2,201,139,62,16,0.6915422885572139,0.308457711442786,0.0149253731343283,0.0597014925373134,0.1641791044776119,0.0,0.0497512437810945,0.0,0.0796019900497512,4,2.0,java,tcurdt/jdeb,PGPSigner.getSecretKey,1.482241638629119
1,2,0,0,0,0,0,0,0,1,1,0,0,8,1,1,0,42,27,15,6,0.6428571428571429,0.3571428571428571,0.0,0.0238095238095238,0.1904761904761904,0.0238095238095238,0.0,0.0238095238095238,0.1428571428571428,1,2.0,java,BorderTech/wcomponents,ServletResponse.sendError,-2.6117862725323673
1,3,4,2,2,0,0,0,1,8,9,2,4,39,6,3,4,222,154,68,14,0.6936936936936937,0.3063063063063063,0.009009009009009,0.036036036036036,0.1756756756756756,0.0135135135135135,0.018018018018018,0.0135135135135135,0.063063063063063,3,3.0,java,davidcarboni/restolino,Serialiser.deserialise,0.48665977269253685
1,1,10,5,2,0,0,0,2,10,12,1,3,37,4,5,5,201,135,66,12,0.6716417910447762,0.3283582089552239,0.0099502487562189,0.0497512437810945,0.1840796019900497,0.0248756218905472,0.0497512437810945,0.0248756218905472,0.0597014925373134,3,1.0,java,kaazing/gateway,ByteArrayPool.create,0.8002262013556236
1,0,4,2,3,0,0,0,3,3,3,1,3,14,4,1,5,99,66,33,13,0.6666666666666666,0.3333333333333333,0.0303030303030303,0.0303030303030303,0.1414141414141414,0.0101010101010101,0.0404040404040404,0.0101010101010101,0.1313131313131313,4,0.0,java,JakeWharton/ActionBarSherlock,SearchView.getQueryHint,-0.42376772877969293
1,4,0,0,1,0,0,0,2,2,2,0,0,14,1,0,0,62,44,18,7,0.7096774193548387,0.2903225806451613,0.0161290322580645,0.032258064516129,0.2258064516129032,0.0,0.0,0.0,0.1129032258064516,2,4.0,java,timewalker74/ffmq,StringTools.startsWith,-1.6718905776653996
1,1,0,0,1,0,0,0,1,2,4,0,1,14,2,1,2,77,55,22,9,0.7142857142857143,0.2857142857142857,0.0129870129870129,0.0259740259740259,0.1818181818181818,0.0129870129870129,0.0,0.0129870129870129,0.1168831168831168,2,1.0,java,hector-client/hector,HKerberosSecuredThriftClientFactoryImpl.createClient,-1.6338451881198386
1,0,6,3,0,0,0,6,0,14,16,5,0,33,18,14,20,575,379,196,23,0.6591304347826087,0.3408695652173913,0.0,0.0243478260869565,0.057391304347826,0.0243478260869565,0.0104347826086956,0.0243478260869565,0.04,1,0.0,java,dyu/protostuff-1.0.x,ProtoLexer.mOCTAL_ESC,4.064818214238831
1,2,0,0,0,0,0,0,1,2,2,0,0,7,1,0,1,56,37,19,7,0.6607142857142857,0.3392857142857143,0.0,0.0357142857142857,0.125,0.0,0.0,0.0,0.125,1,2.0,java,apereo/cas,WebUtils.getPasswordlessAuthenticationAccount,-2.316133978489326
1,2,0,0,0,0,0,0,0,3,4,0,0,13,4,1,0,87,58,29,10,0.6666666666666666,0.3333333333333333,0.0,0.0344827586206896,0.1494252873563218,0.0114942528735632,0.0,0.0114942528735632,0.1149425287356321,1,2.0,java,jenkinsci/jenkins,RunIdMigrator.move,-1.8641270359613182
1,2,0,0,0,0,0,0,0,1,1,0,0,7,1,1,0,35,23,12,6,0.6571428571428571,0.3428571428571428,0.0,0.0285714285714285,0.2,0.0285714285714285,0.0,0.0285714285714285,0.1714285714285714,1,2.0,java,matthewhorridge/owlapi-gwt,OWLDisjointUnionAxiomImpl_CustomFieldSerializer.deserializeInstance,-2.7033326250515843
1,1,0,0,0,0,0,0,1,2,2,0,0,7,1,0,0,42,28,14,8,0.6666666666666666,0.3333333333333333,0.0,0.0476190476190476,0.1666666666666666,0.0,0.0,0.0,0.1904761904761904,1,1.0,java,ben-manes/caffeine,Caffeine.from,-2.586861808389902
1,2,0,0,5,0,0,0,6,12,12,0,2,23,8,0,7,182,124,58,11,0.6813186813186813,0.3186813186813186,0.0274725274725274,0.0659340659340659,0.1263736263736263,0.0,0.0,0.0,0.0604395604395604,6,2.0,java,hsiafan/apk-parser,Locales.match,0.8534083006972519
1,0,0,0,6,0,0,0,1,14,14,0,5,36,12,4,1,280,194,86,17,0.6928571428571428,0.3071428571428571,0.0214285714285714,0.05,0.1285714285714285,0.0142857142857142,0.0,0.0142857142857142,0.0607142857142857,7,0.0,java,alkacon/opencms-core,CmsContainerpageController.reInitInlineEditing,1.4777547650895908
1,1,2,1,1,0,0,0,0,8,8,0,1,21,6,4,4,157,107,50,13,0.6815286624203821,0.3184713375796178,0.0063694267515923,0.0509554140127388,0.1337579617834395,0.0254777070063694,0.0127388535031847,0.0254777070063694,0.0828025477707006,2,1.0,java,xvik/guice-persist-orient,RepositoryModule.loadOptionalExecutor,-0.5545651101126428
1,2,2,1,3,0,0,0,1,6,7,2,1,32,5,3,3,195,137,58,14,0.7025641025641025,0.2974358974358974,0.0153846153846153,0.0307692307692307,0.1641025641025641,0.0153846153846153,0.0102564102564102,0.0153846153846153,0.0717948717948717,4,2.0,java,ddf-project/DDF,BasicDDF.afterDeserialization,0.13235504234052417
1,2,2,1,1,0,0,0,0,1,2,0,1,9,2,1,1,62,41,21,9,0.6612903225806451,0.3387096774193548,0.0161290322580645,0.0161290322580645,0.1451612903225806,0.0161290322580645,0.032258064516129,0.0161290322580645,0.1451612903225806,2,2.0,java,gwtbootstrap3/gwtbootstrap3-extras,SummernoteImageUploadEvent.fire,-1.79043959540455
1,3,2,1,1,0,0,0,1,5,5,5,7,30,3,5,4,153,100,53,10,0.6535947712418301,0.3464052287581699,0.0065359477124183,0.0326797385620915,0.196078431372549,0.0326797385620915,0.0130718954248366,0.0326797385620915,0.065359477124183,2,3.0,java,google/j2objc,UCaseProps.getSlotValueAndOffset,-0.40365512100760675
1,1,3,2,0,0,0,0,0,4,5,0,0,15,2,2,0,88,60,28,10,0.6818181818181818,0.3181818181818182,0.0,0.0454545454545454,0.1704545454545454,0.0227272727272727,0.034090909090909,0.0227272727272727,0.1136363636363636,1,1.0,java,Talend/tesb-rt-se,SLPropertiesImpl.addProperty,-1.548518576729154
1,1,2,1,1,0,0,0,2,1,1,0,1,9,1,0,1,47,32,15,7,0.6808510638297872,0.3191489361702128,0.0212765957446808,0.0212765957446808,0.1914893617021276,0.0,0.0425531914893617,0.0,0.1489361702127659,2,1.0,java,hankcs/HanLP,PartOfSpeechTagDictionary.translate,-1.803683659945097
1,0,4,2,0,0,0,0,1,3,4,0,0,10,1,1,0,71,46,25,8,0.647887323943662,0.352112676056338,0.0,0.0422535211267605,0.1408450704225352,0.0140845070422535,0.056338028169014,0.0140845070422535,0.1126760563380281,1,0.0,java,zaproxy/zaproxy,Context.getNodesInContextFromSiteTree,-1.7692786014280866
1,3,2,1,2,0,0,0,0,8,10,2,4,29,3,4,6,186,129,57,10,0.6935483870967742,0.3064516129032258,0.010752688172043,0.043010752688172,0.1559139784946236,0.021505376344086,0.010752688172043,0.021505376344086,0.053763440860215,3,3.0,java,iipc/openwayback,UIResults.forward,-0.08616720274884976
1,2,2,1,4,0,0,0,3,16,17,0,6,40,6,5,7,272,186,86,12,0.6838235294117647,0.3161764705882353,0.0147058823529411,0.0588235294117647,0.1470588235294117,0.0183823529411764,0.0073529411764705,0.0183823529411764,0.0441176470588235,5,2.0,java,opencb/biodata,VariantMetadataManager.addIndividual,1.3127555840944216
1,5,12,6,0,0,0,0,0,11,13,1,0,42,1,6,0,192,131,61,8,0.6822916666666666,0.3177083333333333,0.0,0.0572916666666666,0.21875,0.03125,0.0625,0.03125,0.0416666666666666,1,5.0,java,biojava/biojava,StructurePairAligner.align,0.3727408813388044
1,2,2,1,1,0,0,0,2,1,1,0,7,18,2,0,1,89,58,31,9,0.651685393258427,0.348314606741573,0.0112359550561797,0.0112359550561797,0.2022471910112359,0.0,0.0224719101123595,0.0,0.1011235955056179,2,2.0,java,alibaba/jstorm,WatermarkTimeTriggerPolicy.getNextAlignedWindowTs,-1.3695661368726209
2,5,4,2,4,0,0,0,3,11,16,0,4,41,8,0,10,369,250,119,17,0.6775067750677507,0.3224932249322493,0.010840108401084,0.029810298102981,0.1111111111111111,0.0,0.010840108401084,0.0,0.046070460704607,5,2.5,java,Azure/azure-sdk-for-java,ModelsImpl.getIntentSuggestionsWithServiceResponseAsync,1.9203906959685373
1,1,2,1,0,0,0,0,1,2,2,1,0,9,1,1,2,55,37,18,8,0.6727272727272727,0.3272727272727272,0.0,0.0363636363636363,0.1636363636363636,0.0181818181818181,0.0363636363636363,0.0181818181818181,0.1454545454545454,1,1.0,java,WolfgangFahl/Mediawiki-Japi,MediaWikiApiImpl.normalizeTitle,-2.038988874576829
1,1,4,2,0,0,0,0,1,1,2,0,0,8,1,0,0,65,42,23,8,0.6461538461538462,0.3538461538461538,0.0,0.0153846153846153,0.123076923076923,0.0,0.0615384615384615,0.0,0.123076923076923,1,1.0,java,netscaler/nitro,autoscaleaction.get,-1.9278203676237013
1,1,16,8,9,0,0,0,4,22,25,0,7,62,13,3,17,476,330,146,14,0.6932773109243697,0.3067226890756303,0.01890756302521,0.0462184873949579,0.1302521008403361,0.0063025210084033,0.0336134453781512,0.0063025210084033,0.0294117647058823,10,1.0,java,avianey/facebook-api-android-maven,Session.handlePermissionResponse,4.7042459613009555
1,2,8,4,1,0,0,0,1,9,11,0,0,32,4,3,0,192,128,64,12,0.6666666666666666,0.3333333333333333,0.0052083333333333,0.046875,0.1666666666666666,0.015625,0.0416666666666666,0.015625,0.0625,2,2.0,java,Axway/Grapes,ArtifactHandler.getArtifactLicenses,0.09979423517825695
1,1,2,1,0,1,0,0,0,1,1,1,1,12,1,1,1,61,40,21,9,0.6557377049180327,0.3442622950819672,0.0163934426229508,0.0163934426229508,0.1967213114754098,0.0163934426229508,0.0327868852459016,0.0163934426229508,0.1475409836065573,2,1.0,java,EdwardRaff/JSAT,Stemmer.applyTo,-1.8036263800794572
1,1,0,0,0,0,0,0,1,1,2,0,0,5,1,0,0,47,30,17,9,0.6382978723404256,0.3617021276595745,0.0,0.0212765957446808,0.1063829787234042,0.0,0.0,0.0,0.1914893617021276,1,1.0,java,kaazing/gateway,ResolutionUtils.cloneInterfaces,-2.663724099836872
1,1,8,4,2,1,0,0,3,5,5,0,7,24,3,0,6,142,95,47,11,0.6690140845070423,0.3309859154929577,0.0211267605633802,0.0352112676056338,0.1690140845070422,0.0,0.056338028169014,0.0,0.0774647887323943,4,1.0,java,OpenLiberty/open-liberty,StatsImpl.getStatistic,0.2992293530784938
1,1,2,1,2,0,0,0,1,3,5,1,3,14,3,4,6,117,78,39,10,0.6666666666666666,0.3333333333333333,0.017094017094017,0.0256410256410256,0.1196581196581196,0.0341880341880341,0.017094017094017,0.0341880341880341,0.0854700854700854,3,1.0,java,lastaflute/lastaflute,HtmlResponse.renderWith,-0.80131243257649
1,2,4,2,0,0,0,0,1,6,6,0,0,21,1,0,1,91,64,27,12,0.7032967032967034,0.2967032967032967,0.0,0.0659340659340659,0.2307692307692307,0.0,0.0439560439560439,0.0,0.1318681318681318,1,2.0,java,googleapis/google-cloud-java,LoggingSnippets.updateSink,-1.2523569706074325
1,3,0,0,0,0,0,0,1,4,4,0,0,11,1,0,0,54,37,17,9,0.6851851851851852,0.3148148148148148,0.0,0.074074074074074,0.2037037037037037,0.0,0.0,0.0,0.1666666666666666,1,3.0,java,Azure/azure-sdk-for-java,NetworkWatchersInner.beginGetVMSecurityRules,-2.1462668386595323
1,3,9,5,1,0,0,0,2,6,6,0,1,32,2,0,4,179,123,56,11,0.6871508379888268,0.3128491620111732,0.0055865921787709,0.0335195530726257,0.1787709497206704,0.0,0.0502793296089385,0.0,0.0614525139664804,2,3.0,java,micronaut-projects/micronaut-core,AbstractBeanDefinition.getValueForPath,0.00888160565035063
1,1,2,1,0,0,0,0,1,7,7,0,0,16,1,0,1,84,57,27,12,0.6785714285714286,0.3214285714285714,0.0,0.0833333333333333,0.1904761904761904,0.0,0.0238095238095238,0.0,0.1428571428571428,1,1.0,java,molgenis/molgenis,Attribute.getChild,-1.5678983250690348
1,1,7,4,3,1,0,0,2,8,8,3,2,41,5,3,3,195,133,62,12,0.6820512820512821,0.3179487179487179,0.0205128205128205,0.041025641025641,0.2102564102564102,0.0153846153846153,0.0358974358974358,0.0153846153846153,0.0615384615384615,5,1.0,java,landawn/AbacusUtil,StringUtil.swapCase,0.9427801184199102
1,1,0,0,0,0,0,0,1,1,1,0,0,6,1,0,0,37,26,11,7,0.7027027027027027,0.2972972972972973,0.0,0.027027027027027,0.1621621621621621,0.0,0.0,0.0,0.1891891891891892,1,1.0,java,nats-io/java-nats,NKey.createUser,-2.6313369988493442
1,2,36,18,17,0,1,0,2,47,49,11,11,169,19,24,28,970,689,281,18,0.7103092783505155,0.2896907216494845,0.0185567010309278,0.0484536082474226,0.1742268041237113,0.0247422680412371,0.0371134020618556,0.0247422680412371,0.0185567010309278,19,2.0,java,OpenLiberty/open-liberty,NeighbourProxyListener.handleCreateProxySubscription,12.308111230998675
1,2,0,0,0,0,0,0,1,1,1,0,1,6,1,0,2,37,25,12,7,0.6756756756756757,0.3243243243243243,0.0,0.027027027027027,0.1621621621621621,0.0,0.0,0.0,0.1891891891891892,1,2.0,java,yan74/afplib,AfplibFactoryImpl.convertFNCFntFlagsToString,-2.602315553038182
1,1,4,2,1,0,0,0,0,8,9,0,3,39,5,3,1,207,146,61,12,0.7053140096618358,0.2946859903381642,0.0048309178743961,0.038647342995169,0.1884057971014492,0.0144927536231884,0.0193236714975845,0.0144927536231884,0.0579710144927536,2,1.0,java,h2oai/h2o-3,RPC.tcp_ack,-0.12281052898075212
1,1,8,4,4,0,0,0,1,15,21,0,5,52,7,0,7,335,235,100,14,0.7014925373134329,0.2985074626865671,0.0119402985074626,0.044776119402985,0.1552238805970149,0.0,0.0238805970149253,0.0,0.0417910447761194,5,1.0,java,alexa/alexa-skills-kit-sdk-for-java,SkillRequestSignatureVerifier.getAndVerifySigningCertificateChainUrl,1.8718218457496802
1,1,2,1,2,0,0,0,1,2,2,2,1,16,3,2,3,130,89,41,12,0.6846153846153846,0.3153846153846154,0.0153846153846153,0.0153846153846153,0.123076923076923,0.0153846153846153,0.0153846153846153,0.0153846153846153,0.0923076923076923,3,1.0,java,gallandarakhneorg/afc,SubRoadNetwork.unwrap,-0.8614014023941116
1,1,4,2,0,1,0,0,1,4,4,2,0,16,2,3,1,87,59,28,10,0.6781609195402298,0.3218390804597701,0.0114942528735632,0.0459770114942528,0.1839080459770115,0.0344827586206896,0.0459770114942528,0.0344827586206896,0.1149425287356321,2,1.0,java,albfernandez/itext2,Document.setMarginMirroring,-1.0025836114983782
1,1,0,0,1,0,0,0,0,2,3,1,1,9,2,3,1,63,41,22,10,0.6507936507936508,0.3492063492063492,0.0158730158730158,0.0317460317460317,0.1428571428571428,0.0476190476190476,0.0,0.0476190476190476,0.1587301587301587,2,1.0,java,alkacon/opencms-core,CmsGalleryTreeEntry.addChild,-1.9324327904201264
1,3,4,2,0,0,0,0,1,3,4,0,0,15,1,0,1,97,67,30,9,0.6907216494845361,0.3092783505154639,0.0,0.0309278350515463,0.1546391752577319,0.0,0.0412371134020618,0.0,0.0927835051546391,1,3.0,java,burberius/eve-esi,DogmaApi.getDogmaEffectsEffectIdWithHttpInfo,-1.3893470930514564
1,1,2,1,1,0,0,0,1,9,11,1,0,33,2,10,0,159,106,53,9,0.6666666666666666,0.3333333333333333,0.0062893081761006,0.0566037735849056,0.2075471698113207,0.0628930817610062,0.0125786163522012,0.0628930817610062,0.0566037735849056,2,1.0,java,dita-ot/dita-ot,CopyToModule.getProcessingPipe,-0.4764562332402817
1,1,0,0,0,0,0,0,0,5,5,0,0,18,1,5,2,74,50,24,7,0.6756756756756757,0.3243243243243243,0.0,0.0675675675675675,0.2432432432432432,0.0675675675675675,0.0,0.0675675675675675,0.0945945945945946,1,1.0,java,spring-projects/spring-boot,ConfigurationPropertiesReportEndpoint.configureObjectMapper,-1.8514158758041634
2,2,0,0,0,0,0,0,2,3,4,0,0,10,2,0,0,115,73,42,15,0.6347826086956522,0.3652173913043478,0.0,0.0260869565217391,0.0869565217391304,0.0,0.0,0.0,0.1304347826086956,1,1.0,java,Azure/azure-sdk-for-java,ContainerGroupsInner.listByResourceGroupAsync,-1.614488903061439
1,0,2,1,1,0,0,0,1,3,3,2,0,11,3,2,1,66,43,23,9,0.6515151515151515,0.3484848484848485,0.0151515151515151,0.0454545454545454,0.1666666666666666,0.0303030303030303,0.0303030303030303,0.0303030303030303,0.1363636363636363,2,0.0,java,sebastiangraf/treetank,XPathParser.parseAttributeNameOrWildcard,-1.5502281625409695
1,1,22,11,7,0,0,0,2,29,34,7,9,94,13,13,12,530,361,169,16,0.6811320754716981,0.3188679245283018,0.0132075471698113,0.0547169811320754,0.1773584905660377,0.0245283018867924,0.0415094339622641,0.0245283018867924,0.030188679245283,8,1.0,java,CenturyLinkCloud/mdw,ObjectAdapterActivity.getStubbedResponse,5.911421297851715
1,0,4,2,1,0,0,0,2,1,1,1,0,15,3,1,0,125,85,40,12,0.68,0.32,0.008,0.008,0.12,0.008,0.032,0.008,0.096,2,0.0,java,googleapis/api-client-staging,Version.getCreatedByBytes,-1.0804603437060547
1,3,0,0,0,0,0,0,1,1,1,0,0,8,1,0,1,40,28,12,6,0.7,0.3,0.0,0.025,0.2,0.0,0.0,0.0,0.15,1,3.0,java,gosu-lang/gosu-lang,ParserBase.match,-2.4139517408922377
1,3,2,1,0,0,0,0,1,9,9,1,0,28,1,5,5,142,98,44,9,0.6901408450704225,0.3098591549295774,0.0,0.0633802816901408,0.1971830985915492,0.0352112676056338,0.0140845070422535,0.0352112676056338,0.0633802816901408,1,3.0,java,deeplearning4j/deeplearning4j,SDLoss.sparseSoftmaxCrossEntropy,-0.7841005794355035
1,4,6,3,2,0,0,0,0,8,8,0,20,43,6,4,14,275,188,87,23,0.6836363636363636,0.3163636363636363,0.0072727272727272,0.029090909090909,0.1563636363636363,0.0145454545454545,0.0218181818181818,0.0145454545454545,0.0836363636363636,3,4.0,java,Chorus-bdd/Chorus,HandlerManager.runLifecycleMethods,1.4054871309540318
1,1,14,7,4,0,0,0,0,17,18,2,10,67,8,9,2,332,223,109,14,0.6716867469879518,0.3283132530120481,0.0120481927710843,0.0512048192771084,0.2018072289156626,0.0271084337349397,0.0421686746987951,0.0271084337349397,0.0421686746987951,5,1.0,java,mebigfatguy/fb-contrib,ExceptionSoftening.sawOpcode,2.645854623979972
1,2,2,1,2,0,0,0,1,5,6,0,6,29,3,0,2,146,98,48,18,0.6712328767123288,0.3287671232876712,0.0136986301369863,0.0342465753424657,0.1986301369863013,0.0,0.0136986301369863,0.0,0.1232876712328767,3,2.0,java,jenkinsci/jenkins,ACL.checkCreatePermission,-0.4731451818731444
1,0,0,0,1,0,0,0,1,16,16,0,0,41,5,8,6,214,149,65,13,0.6962616822429907,0.3037383177570093,0.0046728971962616,0.0747663551401869,0.1915887850467289,0.0373831775700934,0.0,0.0373831775700934,0.0607476635514018,2,0.0,java,jeremylong/DependencyCheck,AnalysisTask.call,0.12291966268851427
1,1,0,0,1,0,0,0,1,0,1,2,1,6,3,2,2,59,39,20,9,0.6610169491525424,0.3389830508474576,0.0169491525423728,0.0,0.1016949152542373,0.0338983050847457,0.0,0.0338983050847457,0.1525423728813559,2,1.0,java,Azure/azure-sdk-for-java,JobScheduleExistsOptions.withOcpDate,-1.9284006250959478
1,0,4,2,0,1,0,0,1,7,7,1,1,19,2,1,1,113,75,38,11,0.6637168141592921,0.336283185840708,0.0088495575221238,0.0619469026548672,0.168141592920354,0.0088495575221238,0.0353982300884955,0.0088495575221238,0.0973451327433628,2,0.0,java,abel533/EasyXls,ExcelConfig.getNames,-0.8559946108250173
1,0,1,1,1,0,0,0,2,2,2,0,3,10,2,0,2,62,40,22,8,0.6451612903225806,0.3548387096774194,0.0161290322580645,0.032258064516129,0.1612903225806451,0.0,0.0161290322580645,0.0,0.1290322580645161,2,0.0,java,micrometer-metrics/micrometer,Tags.and,-1.7701532165168299
1,2,8,4,4,0,0,0,0,14,15,3,2,46,7,10,7,265,176,89,19,0.6641509433962264,0.3358490566037735,0.0150943396226415,0.0528301886792452,0.1735849056603773,0.0377358490566037,0.030188679245283,0.0377358490566037,0.0716981132075471,5,2.0,java,lastaflute/lastaflute,ExecuteArgAnalyzer.analyzeExecuteArg,1.8247492918793067
1,1,12,6,0,0,0,0,1,8,11,1,0,30,3,3,2,199,134,65,11,0.6733668341708543,0.3266331658291457,0.0,0.0402010050251256,0.1507537688442211,0.0150753768844221,0.0603015075376884,0.0150753768844221,0.0552763819095477,1,1.0,java,xwiki/xwiki-commons,MavenBuildExtensionRepository.openStream,0.17626913318937804
1,1,0,0,1,0,0,0,0,4,4,0,0,13,2,1,0,63,42,21,10,0.6666666666666666,0.3333333333333333,0.0158730158730158,0.0634920634920634,0.2063492063492063,0.0158730158730158,0.0,0.0158730158730158,0.1587301587301587,2,1.0,java,VoltDB/voltdb,Grantee.revoke,-1.9009646113826058
1,1,0,0,6,0,0,0,6,16,17,0,7,34,7,0,10,234,159,75,13,0.6794871794871795,0.3205128205128205,0.0256410256410256,0.0683760683760683,0.1452991452991453,0.0,0.0,0.0,0.0555555555555555,7,1.0,java,lesaint/damapping,CommonMethodsImpl.useQualifiedReference,1.5467410599097486
1,2,0,0,0,0,0,0,0,5,5,0,0,17,1,3,2,76,54,22,9,0.7105263157894737,0.2894736842105263,0.0,0.0657894736842105,0.2236842105263158,0.0394736842105263,0.0,0.0394736842105263,0.1184210526315789,1,2.0,java,js-lib-com/commons,TextTemplate.put,-1.792064982514536
1,3,24,12,2,0,0,0,0,13,18,1,18,71,10,7,15,488,329,159,19,0.6741803278688525,0.3258196721311475,0.0040983606557377,0.026639344262295,0.1454918032786885,0.0143442622950819,0.0491803278688524,0.0143442622950819,0.0389344262295082,3,3.0,java,riversun/d6,D6CrudUpdateHelper.map,3.9898726235970767
1,1,0,0,0,0,0,0,1,2,2,0,0,7,1,0,0,77,52,25,9,0.6753246753246753,0.3246753246753247,0.0,0.0259740259740259,0.0909090909090909,0.0,0.0,0.0,0.1168831168831168,1,1.0,java,palatable/lambda,State.zip,-2.1764317138545723
2,2,2,1,2,0,0,0,2,9,10,0,3,40,5,3,0,203,137,66,16,0.6748768472906403,0.3251231527093596,0.0098522167487684,0.0443349753694581,0.1970443349753694,0.0147783251231527,0.0098522167487684,0.0147783251231527,0.0788177339901477,3,1.0,java,mp911de/spinach,ClusterAwareNodeSupport.reloadNodes,0.24231300009223528
1,0,6,6,1,0,0,0,1,17,16,6,3,61,3,0,16,304,203,101,15,0.6677631578947368,0.3322368421052631,0.0032894736842105,0.0559210526315789,0.2006578947368421,0.0,0.0197368421052631,0.0,0.0493421052631578,2,0.0,python,bcbio/bcbio-nextgen,_run_wham,1.3017487244305546
1,0,4,4,4,0,0,0,1,2,2,4,0,25,5,0,11,138,98,40,9,0.7101449275362319,0.2898550724637681,0.0289855072463768,0.0144927536231884,0.181159420289855,0.0,0.0289855072463768,0.0,0.0652173913043478,5,0.0,python,yyuu/botornado,AutoScaleConnection.get_all_policies,0.0655998760270692
1,0,1,1,1,0,0,0,0,2,2,1,0,12,2,0,1,49,32,17,8,0.6530612244897959,0.3469387755102041,0.0204081632653061,0.0408163265306122,0.2448979591836734,0.0,0.0204081632653061,0.0,0.1632653061224489,2,0.0,python,KenjiTakahashi/td,Arg.add,-2.027154044108893
1,0,0,0,2,0,0,0,1,5,5,0,1,22,5,0,3,106,69,37,10,0.6509433962264151,0.3490566037735849,0.0188679245283018,0.0471698113207547,0.2075471698113207,0.0,0.0,0.0,0.0943396226415094,3,0.0,python,SuryaSankar/flask-sqlalchemy-booster,QueryableMixin.add,-1.1235962579411731
1,0,11,11,5,3,0,0,2,21,21,11,0,81,15,0,7,344,227,117,16,0.6598837209302325,0.3401162790697674,0.0232558139534883,0.0610465116279069,0.2354651162790697,0.0,0.0319767441860465,0.0,0.0465116279069767,9,0.0,python,Microsoft/nni,GridSearchTuner.json2paramater,4.310330129147657
1,0,1,1,1,0,0,0,1,2,2,1,1,24,2,0,3,88,62,26,10,0.7045454545454546,0.2954545454545454,0.0113636363636363,0.0227272727272727,0.2727272727272727,0.0,0.0113636363636363,0.0,0.1136363636363636,2,0.0,python,bwohlberg/sporco,TVL1Deconv.cnst_A,-1.4703137941900146
1,0,5,5,3,0,1,0,1,9,9,5,0,36,6,0,7,170,111,59,13,0.6529411764705882,0.3470588235294117,0.0235294117647058,0.0529411764705882,0.2117647058823529,0.0,0.0294117647058823,0.0,0.0764705882352941,5,0.0,python,blockstack/pybitcoin,BitcoinKeypair.from_passphrase,0.9025565300989055
1,0,2,2,1,1,0,0,1,2,2,2,0,17,3,0,3,73,49,24,11,0.6712328767123288,0.3287671232876712,0.0273972602739726,0.0273972602739726,0.2328767123287671,0.0,0.0273972602739726,0.0,0.1506849315068493,3,0.0,python,avelkoski/FRB,_convert,-1.168925681860014
1,0,1,1,1,0,0,0,1,5,5,1,0,18,2,0,4,80,53,27,9,0.6625,0.3375,0.0125,0.0625,0.225,0.0,0.0125,0.0,0.1125,2,0.0,python,spyder-ide/spyder,ThumbnailScrollBar.save_all_figures_as,-1.4748992603024274
1,0,3,3,1,0,0,0,2,2,2,3,0,23,2,0,8,114,79,35,9,0.6929824561403509,0.3070175438596491,0.0087719298245614,0.0175438596491228,0.2017543859649122,0.0,0.0263157894736842,0.0,0.0789473684210526,2,0.0,python,brentp/cruzdb,ABase.cds,-0.9478638877755337
1,0,4,4,1,0,1,0,0,4,4,4,2,28,4,0,6,113,75,38,9,0.6637168141592921,0.336283185840708,0.0176991150442477,0.0353982300884955,0.247787610619469,0.0,0.0353982300884955,0.0,0.079646017699115,3,0.0,python,williballenthin/python-evtx,FileHeader.chunks,-0.30302450934292097
1,0,2,2,2,0,0,0,0,1,1,2,1,13,3,0,2,56,36,20,10,0.6428571428571429,0.3571428571428571,0.0357142857142857,0.0178571428571428,0.2321428571428571,0.0,0.0357142857142857,0.0,0.1785714285714285,3,0.0,python,KieranWynn/pyquaternion,Quaternion._normalise,-1.5369851619204105
1,0,26,26,8,3,0,0,3,32,32,26,22,210,25,0,55,996,681,315,15,0.6837349397590361,0.3162650602409638,0.0110441767068273,0.0321285140562249,0.2108433734939759,0.0,0.0261044176706827,0.0,0.0150602409638554,12,0.0,python,ArduPilot/MAVProxy,AsterixModule.idle_task,11.484718409068861
1,0,0,0,0,0,0,0,1,2,2,0,3,16,1,0,2,66,44,22,10,0.6666666666666666,0.3333333333333333,0.0,0.0303030303030303,0.2424242424242424,0.0,0.0,0.0,0.1515151515151515,1,0.0,python,lk-geimfari/mimesis,Random.uniform,-2.218750659777179
1,0,1,1,0,0,0,0,1,2,1,1,0,19,1,0,1,75,50,25,10,0.6666666666666666,0.3333333333333333,0.0,0.0266666666666666,0.2533333333333333,0.0,0.0133333333333333,0.0,0.1333333333333333,1,0.0,python,CivicSpleen/ambry,SourceColumn.dict,-2.0370933611871935
1,0,10,10,2,0,0,0,1,11,11,10,0,133,3,0,10,469,330,139,12,0.7036247334754797,0.2963752665245202,0.0042643923240938,0.0234541577825159,0.2835820895522388,0.0,0.021321961620469,0.0,0.0255863539445629,3,0.0,python,Azure/blobxfer,EncryptionMetadata.convert_to_json_with_mac,2.52209768778911
1,0,1,1,3,1,0,0,4,5,5,1,0,22,6,0,9,116,77,39,9,0.6637931034482759,0.3362068965517241,0.0344827586206896,0.043103448275862,0.1896551724137931,0.0,0.0086206896551724,0.0,0.0775862068965517,5,0.0,python,spacetelescope/stsci.tools,unlearn,-0.09114635929662238
1,0,2,2,0,0,0,0,1,2,2,2,0,14,1,0,2,57,39,18,7,0.6842105263157895,0.3157894736842105,0.0,0.0350877192982456,0.2456140350877192,0.0,0.0350877192982456,0.0,0.1228070175438596,1,0.0,python,fprimex/zdesk,ZendeskAPI.organization_field_show,-1.929202169026699
2,0,0,0,0,0,0,0,2,2,2,0,0,18,2,0,4,84,59,25,10,0.7023809523809523,0.2976190476190476,0.0,0.0238095238095238,0.2142857142857142,0.0,0.0,0.0,0.119047619047619,1,0.0,python,michaelpb/omnic,CommandParser.subcommand,-1.7848053542414724
1,0,1,1,0,0,0,0,1,2,2,1,0,12,1,0,1,43,29,14,8,0.6744186046511628,0.3255813953488372,0.0,0.0465116279069767,0.2790697674418604,0.0,0.0232558139534883,0.0,0.1860465116279069,1,0.0,python,ultrabug/py3status,Block.new_block,-2.3578746415278284
1,0,0,0,0,1,0,0,0,3,3,0,2,14,2,0,4,71,49,22,12,0.6901408450704225,0.3098591549295774,0.0140845070422535,0.0422535211267605,0.1971830985915492,0.0,0.0,0.0,0.1690140845070422,2,0.0,python,TrafficSenseMSD/SumoTools,vehicleTypes2flt,-1.7827542632491988
1,0,17,17,4,1,0,0,1,29,29,17,9,153,7,0,27,632,430,202,13,0.680379746835443,0.3196202531645569,0.0079113924050632,0.045886075949367,0.2420886075949367,0.0,0.0268987341772151,0.0,0.0205696202531645,6,0.0,python,tensorflow/cleverhans,model_eval,6.012158561679038
1,0,2,2,0,0,0,0,1,3,3,2,0,15,1,0,1,51,35,16,7,0.6862745098039216,0.3137254901960784,0.0,0.0588235294117647,0.2941176470588235,0.0,0.0392156862745098,0.0,0.1372549019607843,1,0.0,python,benmoran56/esper,texture_from_image,-1.9167660956074901
1,0,4,4,3,1,1,0,0,11,11,4,1,47,10,0,8,231,152,79,17,0.658008658008658,0.341991341991342,0.0216450216450216,0.0476190476190476,0.2034632034632034,0.0,0.0173160173160173,0.0,0.0735930735930736,6,0.0,python,JamesPHoughton/pysd,Macro.initialize,1.5972051664100082
1,0,0,0,3,0,0,0,1,9,9,0,2,33,4,0,3,143,92,51,11,0.6433566433566433,0.3566433566433566,0.0209790209790209,0.0629370629370629,0.2307692307692307,0.0,0.0,0.0,0.0769230769230769,4,0.0,python,Bystroushaak/BalancedDiscStorage,BalancedDiscStorage.delete_by_path,-0.5260605636127703
1,0,6,6,7,0,0,0,1,8,8,6,1,55,14,0,20,286,198,88,16,0.6923076923076923,0.3076923076923077,0.0244755244755244,0.0279720279720279,0.1923076923076923,0.0,0.0209790209790209,0.0,0.0559440559440559,8,0.0,python,SheffieldML/GPy,DescreteStateSpace._check_grad_measurement_matrices,2.4392466925499576
1,0,1,1,1,0,0,0,2,4,4,1,1,13,2,0,3,75,48,27,9,0.64,0.36,0.0133333333333333,0.0533333333333333,0.1733333333333333,0.0,0.0133333333333333,0.0,0.12,2,0.0,python,jkwill87/mapi,has_provider_support,-1.5580938778989204
1,0,1,1,0,1,0,0,0,1,1,1,0,12,2,0,4,62,42,20,9,0.6774193548387096,0.3225806451612903,0.0161290322580645,0.0161290322580645,0.1935483870967742,0.0,0.0161290322580645,0.0,0.1451612903225806,2,0.0,python,yatiml/yatiml,Node.unders_to_dashes_in_keys,-1.8505925617553893
1,0,8,8,7,0,0,0,1,18,18,8,0,78,10,0,29,425,291,134,12,0.6847058823529412,0.3152941176470588,0.0164705882352941,0.0423529411764705,0.1835294117647058,0.0,0.0188235294117647,0.0,0.028235294117647,8,0.0,python,SatelliteQE/nailgun,Host.read,3.4652486653334322
1,0,3,3,1,1,0,0,0,1,1,3,0,25,3,0,5,94,67,27,9,0.7127659574468085,0.2872340425531915,0.0212765957446808,0.0106382978723404,0.2659574468085106,0.0,0.0319148936170212,0.0,0.0957446808510638,3,0.0,python,pypa/pipenv,ParserElement.split,-0.8728561359414849
1,0,3,3,1,0,0,0,2,4,4,3,0,27,3,0,8,145,98,47,11,0.6758620689655173,0.3241379310344827,0.0068965517241379,0.0275862068965517,0.1862068965517241,0.0,0.0206896551724137,0.0,0.0758620689655172,2,0.0,python,nitmir/django-cas-server,LoginView.check_lt,-0.6571573884539482
1,0,2,2,0,1,0,0,0,4,4,2,0,23,2,0,1,82,56,26,10,0.6829268292682927,0.3170731707317073,0.0121951219512195,0.048780487804878,0.2804878048780488,0.0,0.024390243902439,0.0,0.1219512195121951,2,0.0,python,Jaymon/prom,Orm._populate,-1.3315950482739876
2,0,6,6,2,1,0,0,2,7,7,6,1,34,5,0,6,154,101,53,14,0.6558441558441559,0.3441558441558441,0.0194805194805194,0.0454545454545454,0.2207792207792207,0.0,0.0389610389610389,0.0,0.0909090909090909,4,0.0,python,limodou/uliweb,parse_options_header,0.6801400965334845
1,0,3,3,3,0,0,0,1,4,4,3,0,30,4,0,10,153,104,49,11,0.6797385620915033,0.3202614379084967,0.0196078431372549,0.0261437908496732,0.196078431372549,0.0,0.0196078431372549,0.0,0.0718954248366013,4,0.0,python,maas/python-libmaas,cmd_deploy._get_deploy_options,-0.20466931805035363
1,0,1,1,1,0,0,0,0,2,2,1,0,12,2,0,1,48,31,17,8,0.6458333333333334,0.3541666666666667,0.0208333333333333,0.0416666666666666,0.25,0.0,0.0208333333333333,0.0,0.1666666666666666,2,0.0,python,delfick/nose-of-yeti,ConfigUtil.use_config_file,-2.0528885708564166
1,0,6,6,3,1,0,0,1,9,9,6,2,43,9,0,13,235,155,80,14,0.6595744680851063,0.3404255319148936,0.0170212765957446,0.0382978723404255,0.1829787234042553,0.0,0.025531914893617,0.0,0.0595744680851063,5,0.0,python,mitsei/dlkit,ValueRetrievalSession.get_value_by_parameter,1.3948860076693046
1,0,3,3,1,0,0,0,1,10,10,3,0,39,3,0,7,174,114,60,11,0.6551724137931034,0.3448275862068966,0.0057471264367816,0.057471264367816,0.2241379310344827,0.0,0.0172413793103448,0.0,0.0632183908045977,2,0.0,python,kejbaly2/idid,GitLogg._init_repo,-0.30035098083656875
1,0,1,1,0,0,0,0,1,4,4,1,0,13,1,0,1,51,35,16,8,0.6862745098039216,0.3137254901960784,0.0,0.0784313725490196,0.2549019607843137,0.0,0.0196078431372549,0.0,0.1568627450980392,1,0.0,python,NLeSC/noodles,run_xenon_simple,-2.079829323194467
1,0,4,4,4,1,0,0,1,11,11,4,0,32,9,0,13,201,127,74,17,0.6318407960199005,0.3681592039800995,0.0248756218905472,0.0547263681592039,0.1592039800995024,0.0,0.0199004975124378,0.0,0.0845771144278607,6,0.0,python,apple/turicreate,_SnakeCaseToCamelCase,1.1989904309728368
1,0,0,0,0,0,0,0,0,1,1,0,0,11,1,0,1,39,29,10,6,0.7435897435897436,0.2564102564102564,0.0,0.0256410256410256,0.282051282051282,0.0,0.0,0.0,0.1538461538461538,1,0.0,python,cds-astro/mocpy,MOC.fill,-2.5267968039551314
1,0,0,0,1,0,0,0,0,2,2,0,0,12,2,0,2,50,33,17,7,0.66,0.34,0.02,0.04,0.24,0.0,0.0,0.0,0.14,2,0.0,python,miyakogi/wdom,WdomElement.textContent,-2.1486161638589545
1,0,3,3,0,0,0,0,1,3,3,3,0,22,1,0,5,95,67,28,8,0.7052631578947368,0.2947368421052631,0.0,0.031578947368421,0.231578947368421,0.0,0.031578947368421,0.0,0.0842105263157894,1,0.0,python,MechanicalSoup/MechanicalSoup,StatefulBrowser.follow_link,-1.344642481020026
1,0,1,1,2,1,0,0,1,5,5,1,2,27,6,0,9,133,88,45,14,0.6616541353383458,0.3383458646616541,0.0225563909774436,0.037593984962406,0.2030075187969924,0.0,0.0075187969924812,0.0,0.1052631578947368,4,0.0,python,INM-6/hybridLFPy,get_colors,-0.3465089589604503
1,0,5,5,3,0,0,0,1,7,7,5,0,42,4,0,11,182,125,57,9,0.6868131868131868,0.3131868131868132,0.0164835164835164,0.0384615384615384,0.2307692307692307,0.0,0.0274725274725274,0.0,0.0494505494505494,4,0.0,python,ArduPilot/MAVProxy,MiscModule.cmd_playtune,0.38399314018421354
1,0,1,1,0,0,0,0,1,7,7,1,3,20,1,0,5,97,62,35,12,0.6391752577319587,0.3608247422680412,0.0,0.0721649484536082,0.2061855670103092,0.0,0.0103092783505154,0.0,0.1237113402061855,1,0.0,python,bukun/TorCMS,MPost.query_recent_most,-1.5108119253055867
1,0,0,0,1,0,0,0,3,2,2,0,0,14,4,0,1,68,44,24,9,0.6470588235294118,0.3529411764705882,0.0147058823529411,0.0294117647058823,0.2058823529411764,0.0,0.0,0.0,0.1323529411764706,2,0.0,python,kylef/refract.py,Element.children,-1.7530515831083846
1,0,2,2,0,0,0,0,1,5,5,2,0,15,3,0,1,74,46,28,11,0.6216216216216216,0.3783783783783784,0.0,0.0675675675675675,0.2027027027027027,0.0,0.027027027027027,0.0,0.1486486486486486,1,0.0,python,saltstack/salt,network_stop,-1.7094696607646909
1,0,2,2,0,0,0,0,1,3,3,2,0,21,1,0,3,83,58,25,10,0.6987951807228916,0.3012048192771084,0.0,0.036144578313253,0.253012048192771,0.0,0.0240963855421686,0.0,0.1204819277108433,1,0.0,python,KeithSSmith/switcheo-python,AuthenticatedClient.execute_deposit,-1.621992047216685
1,0,1,1,0,0,0,0,1,3,3,1,0,16,1,0,5,65,47,18,8,0.7230769230769231,0.2769230769230769,0.0,0.0461538461538461,0.2461538461538461,0.0,0.0153846153846153,0.0,0.123076923076923,1,0.0,python,saltstack/salt,smembers,-1.863964263876386
1,0,1,1,0,0,0,0,1,1,1,1,0,11,2,0,1,46,29,17,9,0.6304347826086957,0.3695652173913043,0.0,0.0217391304347826,0.2391304347826087,0.0,0.0217391304347826,0.0,0.1956521739130435,1,0.0,python,maxcountryman/atomos,AtomicCtypesReference.set,-2.477827659639648
1,0,1,1,0,0,0,0,0,3,3,1,0,14,1,0,1,58,39,19,7,0.6724137931034483,0.3275862068965517,0.0,0.0517241379310344,0.2413793103448276,0.0,0.0172413793103448,0.0,0.1206896551724138,1,0.0,python,ic-labs/django-icekit,AbstractBaseModel.save,-2.1496055353640764
1,0,2,2,1,0,0,0,1,1,1,2,1,9,3,0,6,61,41,20,8,0.6721311475409836,0.3278688524590163,0.0163934426229508,0.0163934426229508,0.1475409836065573,0.0,0.0327868852459016,0.0,0.1311475409836065,2,0.0,python,ontio/ontology-python-sdk,BinaryReader.read_uint32,-1.58822917016623
1,0,20,20,14,1,0,0,1,20,20,20,9,157,24,0,56,869,572,297,18,0.6582278481012658,0.3417721518987341,0.0172612197928653,0.0230149597238204,0.1806674338319908,0.0,0.0230149597238204,0.0,0.0207134637514384,16,0.0,python,echinopsii/net.echinopsii.ariane.community.cli.python3,LinkService.find_link,9.581772394048095
1,0,0,0,0,0,0,0,0,2,2,0,0,11,1,0,2,46,31,15,6,0.6739130434782609,0.3260869565217391,0.0,0.0434782608695652,0.2391304347826087,0.0,0.0,0.0,0.1304347826086956,1,0.0,python,bitcraze/crazyflie-lib-python,Crazyflie._mems_updated_cb,-2.5006136593254387
1,0,2,2,1,0,0,0,1,5,5,2,1,21,3,0,3,97,61,36,10,0.6288659793814433,0.3711340206185567,0.0103092783505154,0.0515463917525773,0.2164948453608247,0.0,0.0206185567010309,0.0,0.1030927835051546,2,0.0,python,SUSE-Enceladus/ipa,get_yaml_config,-1.2229160853170218
1,0,0,0,3,0,0,0,0,6,6,0,1,44,7,0,5,168,114,54,12,0.6785714285714286,0.3214285714285714,0.0178571428571428,0.0357142857142857,0.2619047619047619,0.0,0.0,0.0,0.0714285714285714,4,0.0,python,autokey/autokey,XInterfaceBase.send_string_clipboard,-0.36980143298633056
1,0,0,0,2,0,0,0,3,1,1,0,0,17,5,0,3,83,53,30,11,0.6385542168674698,0.3614457831325301,0.0240963855421686,0.0120481927710843,0.2048192771084337,0.0,0.0,0.0,0.1325301204819277,3,0.0,python,Shizmob/pydle,BasicClient._reconnect_delay,-1.3958163678300346
1,0,9,9,3,1,0,0,1,9,9,9,0,74,5,0,2,241,164,77,17,0.6804979253112033,0.3195020746887966,0.0165975103734439,0.0373443983402489,0.3070539419087137,0.0,0.0373443983402489,0.0,0.0705394190871369,5,0.0,python,raiden-network/raiden,handle_unlock,1.7735796624116482
1,0,0,0,0,0,0,0,0,2,2,0,0,10,1,0,2,42,29,13,6,0.6904761904761905,0.3095238095238095,0.0,0.0476190476190476,0.238095238095238,0.0,0.0,0.0,0.1428571428571428,1,0.0,python,nugget/python-insteonplm,LinkedDevices.add_device_callback,-2.5215609508798384
2,0,1,1,0,0,1,0,2,6,6,1,1,21,3,0,6,118,78,40,12,0.6610169491525424,0.3389830508474576,0.0084745762711864,0.0508474576271186,0.1779661016949152,0.0,0.0084745762711864,0.0,0.1016949152542373,2,0.0,python,jessamynsmith/twitterbot,MarkovChainMessageProvider.create,-0.7031100863885805
1,0,1,1,0,0,0,0,0,2,2,1,0,10,1,0,4,58,40,18,9,0.6896551724137931,0.3103448275862069,0.0,0.0344827586206896,0.1724137931034483,0.0,0.0172413793103448,0.0,0.1551724137931034,1,0.0,python,AtomHash/evernode,FormData.__invalid_request,-2.207655489898472
1,0,2,2,0,0,0,0,0,4,4,2,0,16,3,0,3,83,54,29,10,0.6506024096385542,0.3493975903614458,0.0,0.0481927710843373,0.1927710843373494,0.0,0.0240963855421686,0.0,0.1204819277108433,1,0.0,python,twaldear/flask-csp,csp_default.update,-1.676318408058087
1,0,6,6,2,1,0,0,1,13,13,6,0,57,5,0,12,270,181,89,13,0.6703703703703704,0.3296296296296296,0.0111111111111111,0.0481481481481481,0.2111111111111111,0.0,0.0222222222222222,0.0,0.0481481481481481,4,0.0,python,Karaage-Cluster/karaage,application_list,1.3469834164695953
1,0,9,9,5,1,0,0,1,11,11,9,0,69,9,0,11,268,184,84,12,0.6865671641791045,0.3134328358208955,0.0223880597014925,0.0410447761194029,0.2574626865671642,0.0,0.0335820895522388,0.0,0.044776119402985,7,0.0,python,pypa/pipenv,create_connection,2.443980532922612
1,0,4,4,0,0,0,0,1,6,6,4,0,26,1,0,5,117,78,39,9,0.6666666666666666,0.3333333333333333,0.0,0.0512820512820512,0.2222222222222222,0.0,0.0341880341880341,0.0,0.0769230769230769,1,0.0,python,IBM/pyxcli,MirroredEntities.get_host_port_names,-0.9759875649227998
1,0,0,0,0,0,0,0,1,4,4,0,0,10,1,0,1,49,31,18,10,0.6326530612244898,0.3673469387755102,0.0,0.0816326530612244,0.2040816326530612,0.0,0.0,0.0,0.2040816326530612,1,0.0,python,fabioz/PyDev.Debugger,isroutine,-2.497983419553156
1,0,1,1,1,0,0,0,1,8,8,1,0,27,2,0,5,121,81,40,11,0.6694214876033058,0.3305785123966942,0.0082644628099173,0.0661157024793388,0.2231404958677686,0.0,0.0082644628099173,0.0,0.0909090909090909,2,0.0,python,PSPC-SPAC-buyandsell/von_anchor,Tails.dir,-1.021262346060935
1,0,3,3,2,0,0,0,1,5,5,3,0,23,3,0,5,100,66,34,10,0.66,0.34,0.02,0.05,0.23,0.0,0.03,0.0,0.1,3,0.0,python,NLeSC/scriptcwl,WorkflowGenerator._get_step,-0.7384484425729413
1,0,7,7,4,0,0,0,1,11,11,7,1,53,8,0,3,203,135,68,12,0.6650246305418719,0.334975369458128,0.0197044334975369,0.0541871921182266,0.2610837438423645,0.0,0.0344827586206896,0.0,0.0591133004926108,5,0.0,python,LeKono/pyhgnc,QueryManager._limit_and_df,1.3198222466351806
1,0,4,4,1,0,0,0,1,2,2,4,0,21,2,0,6,95,67,28,8,0.7052631578947368,0.2947368421052631,0.0105263157894736,0.0210526315789473,0.2210526315789473,0.0,0.0421052631578947,0.0,0.0842105263157894,2,0.0,python,VonStruddle/PyHunter,PyHunter.create_leads_list,-0.9524495174176733
1,0,0,0,0,0,0,0,1,3,2,0,0,10,1,0,1,43,28,15,11,0.6511627906976745,0.3488372093023256,0.0,0.0697674418604651,0.2325581395348837,0.0,0.0,0.0,0.2558139534883721,1,0.0,python,wmayner/pyphi,KPartition.mechanism,-2.7014240516347026
1,0,2,2,0,0,0,0,1,7,7,2,0,26,5,0,7,131,86,45,10,0.6564885496183206,0.3435114503816794,0.0,0.0534351145038167,0.1984732824427481,0.0,0.015267175572519,0.0,0.0763358778625954,1,0.0,python,napalm-automation/napalm-logs,ClientAuth.decrypt,-0.9665913394131384
1,0,0,0,0,0,0,0,1,1,1,0,0,11,1,0,2,44,31,13,6,0.7045454545454546,0.2954545454545454,0.0,0.0227272727272727,0.25,0.0,0.0,0.0,0.1363636363636363,1,0.0,python,eumis/pyviews,convert_to_node,-2.4543386178472875
1,0,1,1,0,0,0,0,1,3,3,1,0,11,1,0,2,53,35,18,8,0.660377358490566,0.3396226415094339,0.0,0.0566037735849056,0.2075471698113207,0.0,0.0188679245283018,0.0,0.1509433962264151,1,0.0,python,DataBiosphere/toil,Message.from_sqs,-2.1822207989782325
1,0,0,0,1,0,0,0,0,2,2,0,0,11,2,0,2,50,33,17,9,0.66,0.34,0.02,0.04,0.22,0.0,0.0,0.0,0.18,2,0.0,python,vpelletier/python-libusb1,USBPoller.unregister,-2.2180337816009636
1,0,1,1,0,0,0,0,0,2,2,1,0,12,1,0,2,54,37,17,8,0.6851851851851852,0.3148148148148148,0.0,0.037037037037037,0.2222222222222222,0.0,0.0185185185185185,0.0,0.1481481481481481,1,0.0,python,vertexproject/synapse,runItemCmdr,-2.2500391937449202
1,0,0,0,1,0,0,0,2,5,5,0,0,16,2,0,13,128,91,37,12,0.7109375,0.2890625,0.0078125,0.0390625,0.125,0.0,0.0,0.0,0.09375,2,0.0,python,SatelliteQE/nailgun,Repository.path,-1.0999644882333826
1,0,10,10,3,2,0,0,0,11,11,10,0,78,12,0,18,356,244,112,12,0.6853932584269663,0.3146067415730337,0.0140449438202247,0.0308988764044943,0.2191011235955056,0.0,0.0280898876404494,0.0,0.0337078651685393,6,0.0,python,ArchiveTeam/wpull,ElementWalker.iter_links_element,2.9106490362481483
1,0,3,3,0,0,0,0,1,1,1,3,0,15,3,0,1,66,43,23,10,0.6515151515151515,0.3484848484848485,0.0,0.0151515151515151,0.2272727272727272,0.0,0.0454545454545454,0.0,0.1515151515151515,1,0.0,python,nutechsoftware/alarmdecoder,EventHandler._getfunctionlist,-1.773229760792987
1,0,2,2,0,0,0,0,1,3,3,2,0,15,1,0,3,66,45,21,9,0.6818181818181818,0.3181818181818182,0.0,0.0454545454545454,0.2272727272727272,0.0,0.0303030303030303,0.0,0.1363636363636363,1,0.0,python,senaite/senaite.jsonapi,FileFieldManager.get_download_url,-1.8150711693855655
1,0,2,2,1,0,0,0,2,3,3,2,0,20,3,0,4,94,65,29,10,0.6914893617021277,0.3085106382978723,0.0106382978723404,0.0319148936170212,0.2127659574468085,0.0,0.0212765957446808,0.0,0.1063829787234042,2,0.0,python,tradenity/python-sdk,ReturnLineItem.replace_return_line_item_by_id,-1.1563343677570217
1,0,0,0,2,2,0,0,0,3,3,0,0,27,5,0,2,112,77,35,12,0.6875,0.3125,0.0357142857142857,0.0267857142857142,0.2410714285714285,0.0,0.0,0.0,0.1071428571428571,5,0.0,python,jbarlow83/OCRmyPDF,_find_regular_images,-0.6230718774727569
1,0,3,3,1,0,0,0,1,12,12,3,0,47,2,0,18,241,167,74,13,0.6929460580912863,0.3070539419087137,0.0041493775933609,0.0497925311203319,0.1950207468879668,0.0,0.0124481327800829,0.0,0.0539419087136929,2,0.0,python,ambitioninc/newrelic-api,Servers.list,0.27666293565721906
1,0,0,0,0,0,0,0,1,2,2,0,0,12,1,0,1,43,30,13,7,0.6976744186046512,0.3023255813953488,0.0,0.0465116279069767,0.2790697674418604,0.0,0.0,0.0,0.1627906976744186,1,0.0,python,crs4/pydoop,hdfs.set_replication,-2.461376892209198
2,0,3,3,1,0,0,0,2,2,2,3,0,19,3,0,5,108,73,35,11,0.6759259259259259,0.324074074074074,0.0092592592592592,0.0185185185185185,0.1759259259259259,0.0,0.0277777777777777,0.0,0.1018518518518518,2,0.0,python,peterdemin/pip-compile-multi,skipper,-0.9099811330225708
1,0,5,5,0,0,0,0,1,1,1,5,0,23,1,0,7,90,67,23,7,0.7444444444444445,0.2555555555555555,0.0,0.0111111111111111,0.2555555555555555,0.0,0.0555555555555555,0.0,0.0777777777777777,1,0.0,python,mandiant/ioc_writer,make_driveritem_drivername,-1.0440473143467444
1,0,5,5,4,2,0,0,3,9,9,5,0,68,9,0,20,319,227,92,13,0.7115987460815048,0.2884012539184953,0.018808777429467,0.0282131661442006,0.2131661442006269,0.0,0.0156739811912225,0.0,0.0407523510971786,7,0.0,python,saltstack/salt,setenv,2.3075915902039155
1,0,2,2,1,0,0,0,0,3,3,2,0,19,2,0,3,71,49,22,9,0.6901408450704225,0.3098591549295774,0.0140845070422535,0.0422535211267605,0.2676056338028169,0.0,0.028169014084507,0.0,0.1267605633802817,2,0.0,python,a1ezzz/wasp-general,WSimpleTrackerStorage.register_start,-1.4953419947672573
1,0,0,0,0,2,0,0,0,2,2,0,0,10,3,0,2,48,32,16,8,0.6666666666666666,0.3333333333333333,0.0416666666666666,0.0416666666666666,0.2083333333333333,0.0,0.0,0.0,0.1666666666666666,3,0.0,python,tanghaibao/jcvi,Counter.elements,-1.7010043703595772
1,0,6,6,5,1,0,0,3,14,14,6,1,66,10,0,19,314,213,101,12,0.678343949044586,0.321656050955414,0.019108280254777,0.0445859872611464,0.2101910828025477,0.0,0.019108280254777,0.0,0.0382165605095541,7,0.0,python,saltstack/salt,delete_alarms,2.5639929667355124
1,0,14,14,4,0,0,0,1,5,5,14,4,49,7,0,18,262,179,83,13,0.683206106870229,0.3167938931297709,0.015267175572519,0.0190839694656488,0.1870229007633587,0.0,0.0534351145038167,0.0,0.049618320610687,5,0.0,python,nccgroup/opinel,connect_service,2.405255897371001
1,0,3,3,0,0,0,0,1,4,4,3,0,18,1,0,3,76,52,24,7,0.6842105263157895,0.3157894736842105,0.0,0.0526315789473684,0.2368421052631578,0.0,0.0394736842105263,0.0,0.0921052631578947,1,0.0,python,twisted/txaws,S3Client._parse_versioning_config,-1.4723783725271136
1,0,1,1,0,1,0,0,1,3,3,1,0,14,2,0,1,58,38,20,9,0.6551724137931034,0.3448275862068966,0.0172413793103448,0.0517241379310344,0.2413793103448276,0.0,0.0172413793103448,0.0,0.1551724137931034,2,0.0,python,pmorissette/bt,Node.members,-1.755071700290151
1,0,1,1,0,0,0,0,1,3,3,1,0,17,2,0,2,67,45,22,10,0.6716417910447762,0.3283582089552239,0.0,0.044776119402985,0.2537313432835821,0.0,0.0149253731343283,0.0,0.1492537313432835,1,0.0,python,infothrill/python-launchd,write,-1.9697507773819447
1,0,6,6,3,2,0,0,1,15,15,6,0,55,7,0,12,276,183,93,15,0.6630434782608695,0.3369565217391304,0.0181159420289855,0.0543478260869565,0.1992753623188405,0.0,0.0217391304347826,0.0,0.0543478260869565,6,0.0,python,skorch-dev/skorch,NeuralNet._set_params_callback,1.9979249853377614
1,0,1,1,1,0,0,0,0,2,2,1,0,11,2,0,2,48,31,17,8,0.6458333333333334,0.3541666666666667,0.0208333333333333,0.0416666666666666,0.2291666666666666,0.0,0.0208333333333333,0.0,0.1666666666666666,2,0.0,python,spyder-ide/spyder,EditorStack.set_or_edit_conditional_breakpoint,-2.047032830667453
1,0,23,23,5,0,0,0,2,34,33,23,5,159,9,0,54,802,558,244,22,0.6957605985037406,0.3042394014962593,0.0062344139650872,0.0423940149625935,0.1982543640897755,0.0,0.0286783042394014,0.0,0.027431421446384,6,0.0,python,bcbio/bcbio-nextgen,_run_vardict_paired,8.235624114478963
1,0,1,1,1,1,0,0,1,6,6,1,2,23,4,0,2,106,69,37,13,0.6509433962264151,0.3490566037735849,0.0188679245283018,0.0566037735849056,0.2169811320754717,0.0,0.0094339622641509,0.0,0.1226415094339622,3,0.0,python,seomoz/shovel,Shovel.keys,-0.8606964252965656
1,0,3,3,1,0,0,0,1,7,7,3,3,30,2,0,9,143,95,48,10,0.6643356643356644,0.3356643356643357,0.0069930069930069,0.0489510489510489,0.2097902097902098,0.0,0.0209790209790209,0.0,0.0699300699300699,2,0.0,python,aio-libs/aiodocker,Docker._docker_machine_ssl_context,-0.5782256578209684
1,0,1,1,0,0,0,0,0,1,1,1,0,10,1,0,2,41,28,13,7,0.6829268292682927,0.3170731707317073,0.0,0.024390243902439,0.2439024390243902,0.0,0.024390243902439,0.0,0.1707317073170731,1,0.0,python,praw-dev/prawcore,DeviceIDAuthorizer.refresh,-2.4709115395286743
1,0,5,5,3,1,0,0,1,2,2,5,0,31,6,0,10,150,104,46,13,0.6933333333333334,0.3066666666666666,0.0266666666666666,0.0133333333333333,0.2066666666666666,0.0,0.0333333333333333,0.0,0.0866666666666666,5,0.0,python,jilljenn/tryalgo,intervals_union,0.4076166375807396
1,0,1,1,1,1,0,0,1,4,4,1,1,23,3,0,4,108,77,31,11,0.7129629629629629,0.287037037037037,0.0185185185185185,0.037037037037037,0.2129629629629629,0.0,0.0092592592592592,0.0,0.1018518518518518,3,0.0,python,proycon/clam,CLAMClient.start,-0.8869819936441965
1,0,2,2,2,0,0,0,0,3,3,2,0,15,3,0,17,146,106,40,11,0.726027397260274,0.273972602739726,0.0136986301369863,0.0205479452054794,0.1027397260273972,0.0,0.0136986301369863,0.0,0.0753424657534246,3,0.0,python,wavefrontHQ/python-client,SavedSearch.entity_type,-0.6613773377934812
1,0,5,5,0,0,0,0,1,5,5,5,0,29,1,0,15,176,126,50,9,0.7159090909090909,0.2840909090909091,0.0,0.0284090909090909,0.1647727272727272,0.0,0.0284090909090909,0.0,0.0511363636363636,1,0.0,python,SoCo/SoCo,SoCo.create_sonos_playlist,-0.4209308903362838
1,0,1,1,0,0,0,0,1,2,2,1,0,15,1,0,2,58,40,18,7,0.6896551724137931,0.3103448275862069,0.0,0.0344827586206896,0.2586206896551724,0.0,0.0172413793103448,0.0,0.1206896551724138,1,0.0,python,hozn/stravalib,Client.get_running_race,-2.0845251461338465
1,0,3,3,3,1,0,0,1,4,4,3,1,31,5,0,3,122,83,39,15,0.680327868852459,0.319672131147541,0.0327868852459016,0.0327868852459016,0.2540983606557377,0.0,0.0245901639344262,0.0,0.1229508196721311,5,0.0,python,mikemaccana/python-docx,replace,0.011769102335750608
1,0,3,3,0,0,0,0,1,1,1,3,1,20,1,0,4,69,49,20,6,0.7101449275362319,0.2898550724637681,0.0,0.0144927536231884,0.2898550724637681,0.0,0.0434782608695652,0.0,0.0869565217391304,1,0.0,python,honzajavorek/redis-collections,RedisCollection._normalize_index,-1.5802356065290384
1,0,5,5,2,0,0,0,0,10,10,5,0,51,5,0,23,291,199,92,11,0.6838487972508591,0.3161512027491409,0.0068728522336769,0.0343642611683848,0.1752577319587628,0.0,0.0171821305841924,0.0,0.0378006872852233,3,0.0,python,watchforstock/evohome-client,EvohomeClient._basic_login,0.8787914202475633
1,0,5,5,2,0,0,0,1,38,38,5,10,180,7,0,46,879,588,291,20,0.6689419795221843,0.3310580204778157,0.0022753128555176,0.043230944254835,0.204778156996587,0.0,0.005688282138794,0.0,0.0227531285551763,3,0.0,python,openego/eTraGo,storage_soc_sorted,5.682647657695218
1,0,0,0,2,0,0,0,2,3,3,0,0,14,4,0,3,69,44,25,8,0.6376811594202898,0.3623188405797101,0.0289855072463768,0.0434782608695652,0.2028985507246377,0.0,0.0,0.0,0.1159420289855072,3,0.0,python,RockFeng0/rtsf-web,WebActions.UploadType,-1.4754853889798414
1,0,1,1,0,1,0,0,0,2,2,1,0,15,2,0,2,64,44,20,8,0.6875,0.3125,0.015625,0.03125,0.234375,0.0,0.015625,0.0,0.125,2,0.0,python,gwastro/pycbc,BaseInferenceFile.copy_metadata,-1.7393871263047427
1,0,3,3,2,0,0,0,3,4,4,3,0,22,3,0,10,125,86,39,9,0.688,0.312,0.016,0.032,0.176,0.0,0.024,0.0,0.072,3,0.0,python,saltstack/salt,set_warndays,-0.4566057383946525
1,0,1,1,1,0,0,0,2,3,3,1,0,18,2,0,4,75,51,24,8,0.68,0.32,0.0133333333333333,0.04,0.24,0.0,0.0133333333333333,0.0,0.1066666666666666,2,0.0,python,hyperledger/sawtooth-core,ContextManager.add_execution_data,-1.5027241468838715
1,0,1,1,0,0,1,0,1,5,5,1,0,13,4,0,6,95,62,33,11,0.6526315789473685,0.3473684210526316,0.0105263157894736,0.0526315789473684,0.1368421052631579,0.0,0.0105263157894736,0.0,0.1157894736842105,2,0.0,python,pingviini/aja,get_buildout_config,-1.0921697946906093
1,0,0,0,0,0,0,0,1,3,3,0,0,12,1,0,1,52,35,17,11,0.6730769230769231,0.3269230769230769,0.0,0.0576923076923076,0.2307692307692307,0.0,0.0,0.0,0.2115384615384615,1,0.0,python,spencerahill/aospy,_get_all_objs_of_type,-2.4455185880318853
1,0,2,2,2,0,0,0,3,2,2,2,0,21,6,0,11,135,90,45,12,0.6666666666666666,0.3333333333333333,0.0148148148148148,0.0148148148148148,0.1555555555555555,0.0,0.0148148148148148,0.0,0.0888888888888888,3,0.0,python,scarface-4711/denonavr,DenonAVR._play,-0.5364798411100958
1,0,0,0,0,0,0,0,2,5,5,0,0,30,3,0,5,113,82,31,11,0.7256637168141593,0.2743362831858407,0.0,0.0442477876106194,0.2654867256637168,0.0,0.0,0.0,0.0973451327433628,1,0.0,python,DarkEnergySurvey/ugali,query_disc,-1.3376075771788507
1,0,6,6,0,2,0,0,1,6,6,6,4,39,4,0,5,161,108,53,13,0.6708074534161491,0.3291925465838509,0.0124223602484472,0.0372670807453416,0.2422360248447205,0.0,0.0372670807453416,0.0,0.0807453416149068,3,0.0,python,flo-compbio/genometools,get_project_urls,0.39293703800953195
1,0,3,3,0,0,0,0,1,4,4,3,0,23,1,0,2,81,56,25,7,0.691358024691358,0.3086419753086419,0.0,0.0493827160493827,0.2839506172839506,0.0,0.037037037037037,0.0,0.0864197530864197,1,0.0,python,ARMmbed/mbed-cloud-sdk-python,DeviceDirectoryAPI.list_queries,-1.4145825897582955
1,0,9,9,1,1,0,0,0,11,11,9,1,60,3,0,18,312,218,94,9,0.6987179487179487,0.3012820512820512,0.0064102564102564,0.0352564102564102,0.1923076923076923,0.0,0.0288461538461538,0.0,0.0288461538461538,3,0.0,python,aichaos/rivescript-python,RiveScript.sort_replies,1.500589240842289
1,0,16,16,5,0,0,0,1,25,25,16,4,126,11,0,22,583,393,190,14,0.6740994854202401,0.3259005145797599,0.0085763293310463,0.0428816466552315,0.216123499142367,0.0,0.0274442538593482,0.0,0.0240137221269296,6,0.0,python,botstory/botstory,execute,5.386491209935789
1,0,1,1,1,1,0,0,1,3,3,1,0,13,3,0,1,59,38,21,9,0.6440677966101694,0.3559322033898305,0.0338983050847457,0.0508474576271186,0.2203389830508474,0.0,0.0169491525423728,0.0,0.1525423728813559,3,0.0,python,has2k1/plotnine,get_calculated_aes,-1.4404928559517136
1,0,2,2,0,0,0,0,1,2,2,2,1,34,1,0,11,155,112,43,9,0.7225806451612903,0.2774193548387096,0.0,0.0129032258064516,0.2193548387096774,0.0,0.0129032258064516,0.0,0.0580645161290322,1,0.0,python,Esri/ArcREST,GeometryService.project,-1.0797801644024254
1,0,0,0,0,0,0,0,1,1,1,0,0,14,1,0,3,55,39,16,7,0.7090909090909091,0.2909090909090909,0.0,0.0181818181818181,0.2545454545454545,0.0,0.0,0.0,0.1272727272727272,1,0.0,python,nion-software/nionswift,HardwareSource.create_record_task,-2.3133309084370532
1,0,4,4,1,1,0,0,1,5,5,4,0,43,3,0,3,167,112,55,11,0.6706586826347305,0.3293413173652694,0.0119760479041916,0.029940119760479,0.2574850299401197,0.0,0.0239520958083832,0.0,0.0658682634730539,3,0.0,python,thiagopbueno/rddl2tf,TensorFluent._aggregation_op,-0.1657361894901875
1,0,3,3,1,0,1,0,1,5,5,3,0,22,3,0,4,104,67,37,13,0.6442307692307693,0.3557692307692308,0.0192307692307692,0.048076923076923,0.2115384615384615,0.0,0.0288461538461538,0.0,0.125,3,0.0,python,ryan-roemer/django-cloud-browser,CloudObject.smart_content_encoding,-0.5259488539106428
1,0,15,15,4,1,0,0,2,10,10,15,12,129,8,0,16,501,354,147,15,0.7065868263473054,0.2934131736526946,0.0099800399201596,0.0199600798403193,0.2574850299401197,0.0,0.029940119760479,0.0,0.029940119760479,6,0.0,python,vlukes/dicom2fem,find_map,4.508631498222094
1,0,0,0,1,0,0,0,0,5,5,0,0,25,4,0,4,106,72,34,9,0.6792452830188679,0.320754716981132,0.0094339622641509,0.0471698113207547,0.2358490566037736,0.0,0.0,0.0,0.0849056603773584,2,0.0,python,avladev/pypro,exception_handler,-1.4070750761272117
1,0,0,0,1,0,0,0,1,3,3,0,0,11,2,0,1,56,35,21,8,0.625,0.375,0.0178571428571428,0.0535714285714285,0.1964285714285714,0.0,0.0,0.0,0.1428571428571428,2,0.0,python,mitsei/dlkit,AssessmentManager.get_item_bank_assignment_session,-2.079299665383426
1,0,7,7,2,0,0,0,1,5,5,7,2,31,4,0,12,157,109,48,11,0.6942675159235668,0.3057324840764331,0.0127388535031847,0.0318471337579617,0.197452229299363,0.0,0.0445859872611464,0.0,0.0700636942675159,3,0.0,python,davenquinn/Attitude,apparent_dip_correction,0.3572602068699944
2,0,10,10,2,5,0,0,2,18,18,10,0,108,9,0,10,422,293,129,13,0.6943127962085308,0.3056872037914692,0.0165876777251184,0.0426540284360189,0.2559241706161137,0.0,0.0236966824644549,0.0,0.0308056872037914,8,0.0,python,pyviz/holoviews,DimensionedPlot._traverse_options,4.16840131105903
1,0,3,3,2,0,0,0,3,6,6,3,0,27,4,0,6,129,85,44,11,0.6589147286821705,0.3410852713178294,0.0155038759689922,0.0465116279069767,0.2093023255813953,0.0,0.0232558139534883,0.0,0.0852713178294573,3,0.0,python,yolothreat/utilitybelt,urlvoid_check,-0.3441083222864152
1,0,1,1,0,0,0,0,0,2,2,1,0,19,1,0,4,81,59,22,7,0.7283950617283951,0.2716049382716049,0.0,0.0246913580246913,0.2345679012345679,0.0,0.0123456790123456,0.0,0.0864197530864197,1,0.0,python,devopshq/artifactory,ArtifactoryPath.deploy_deb,-1.8579564643217852
1,0,3,3,4,0,0,0,1,13,13,3,1,47,10,0,17,289,189,100,14,0.6539792387543253,0.3460207612456747,0.0138408304498269,0.0449826989619377,0.1626297577854671,0.0,0.0103806228373702,0.0,0.0484429065743944,5,0.0,python,pycampers/ampy,Files.ls,1.3507618084989639
1,0,7,7,0,1,0,0,0,7,7,7,0,52,3,0,14,253,174,79,12,0.6877470355731226,0.3122529644268774,0.0039525691699604,0.0276679841897233,0.2055335968379446,0.0,0.0276679841897233,0.0,0.0474308300395256,2,0.0,python,cltk/cltk,PrettyPrint.html_print_file,0.6251190872960984
1,0,5,5,3,0,0,0,1,5,5,5,1,44,5,0,8,164,115,49,10,0.7012195121951219,0.298780487804878,0.0182926829268292,0.0304878048780487,0.2682926829268293,0.0,0.0304878048780487,0.0,0.0609756097560975,4,0.0,python,agoragames/leaderboard-python,Leaderboard.members_from_rank_range_in,0.32825624445301804
1,0,1,1,2,0,0,0,3,3,3,1,0,25,5,0,2,102,66,36,12,0.6470588235294118,0.3529411764705882,0.0196078431372549,0.0294117647058823,0.2450980392156862,0.0,0.0098039215686274,0.0,0.1176470588235294,3,0.0,python,coopernurse/barrister,Struct.field,-0.9588748996028877
1,0,1,1,0,0,0,0,2,3,3,1,0,14,3,0,5,81,53,28,13,0.654320987654321,0.345679012345679,0.0,0.037037037037037,0.1728395061728395,0.0,0.0123456790123456,0.0,0.1604938271604938,1,0.0,python,hvac/hvac,Client.list,-1.7605972487045987
1,0,11,11,2,2,0,0,0,14,14,11,10,72,7,0,15,324,225,99,12,0.6944444444444444,0.3055555555555556,0.0123456790123456,0.0432098765432098,0.2222222222222222,0.0,0.0339506172839506,0.0,0.037037037037037,5,0.0,python,holtjma/msbwt,decompressBWT,2.8498781369203927
1,0,9,9,4,0,0,0,1,14,14,9,0,75,7,0,12,309,211,98,14,0.6828478964401294,0.3171521035598705,0.0129449838187702,0.0453074433656957,0.2427184466019417,0.0,0.029126213592233,0.0,0.0453074433656957,5,0.0,python,sebp/scikit-survival,Surv.from_arrays,2.2879794208470745
1,0,2,2,0,0,0,0,1,4,4,2,0,18,1,0,1,64,43,21,7,0.671875,0.328125,0.0,0.0625,0.28125,0.0,0.03125,0.0,0.109375,1,0.0,python,materialsproject/pymatgen,OrderDisorderElementComparator.are_equal,-1.7655964986771395
1,0,0,0,1,0,0,0,2,5,5,0,1,16,3,0,2,78,52,26,11,0.6666666666666666,0.3333333333333333,0.0128205128205128,0.0641025641025641,0.2051282051282051,0.0,0.0,0.0,0.141025641025641,2,0.0,python,quantopian/zipline,maybe_from_tuple,-1.5493284887213519
1,0,16,16,5,3,0,0,0,34,34,16,1,161,17,0,56,834,578,256,14,0.6930455635491607,0.3069544364508393,0.0095923261390887,0.0407673860911271,0.1930455635491606,0.0,0.0191846522781774,0.0,0.0167865707434052,9,0.0,python,guaix-ucm/numina,main,7.964280517209952
1,0,3,3,0,0,0,0,1,1,1,3,0,12,1,0,4,56,38,18,7,0.6785714285714286,0.3214285714285714,0.0,0.0178571428571428,0.2142857142857142,0.0,0.0535714285714285,0.0,0.125,1,0.0,python,PythonCharmers/python-future,_get_caller_globals_and_locals,-1.820473453618799
1,0,2,2,1,0,0,0,2,2,2,2,0,19,3,0,5,103,64,39,10,0.6213592233009708,0.3786407766990291,0.0097087378640776,0.0194174757281553,0.1844660194174757,0.0,0.0194174757281553,0.0,0.0970873786407767,2,0.0,python,brettcannon/gidgethub,_parse_content_type,-1.3116651256676033
1,0,7,7,3,1,0,0,0,21,20,7,0,100,6,0,10,405,274,131,13,0.6765432098765433,0.3234567901234568,0.0098765432098765,0.0518518518518518,0.2469135802469135,0.0,0.0172839506172839,0.0,0.0320987654320987,5,0.0,python,delfick/aws_syncr,Collector.prepare,2.6209547377211586
1,0,20,20,7,2,0,0,2,13,13,20,31,107,12,0,49,596,403,193,15,0.6761744966442953,0.3238255033557047,0.0151006711409395,0.0218120805369127,0.1795302013422818,0.0,0.0335570469798657,0.0,0.0251677852348993,10,0.0,python,spacetelescope/stsci.tools,IrafPar.pretty,7.097599667311714
1,0,1,1,0,0,0,0,1,2,2,1,0,15,1,0,2,64,45,19,7,0.703125,0.296875,0.0,0.03125,0.234375,0.0,0.015625,0.0,0.109375,1,0.0,python,razorpay/razorpay-python,Transfer.reversals,-2.003715703646251
1,0,0,0,0,0,0,0,0,1,1,0,0,11,1,0,1,40,27,13,7,0.675,0.325,0.0,0.025,0.275,0.0,0.0,0.0,0.175,1,0.0,python,NASA-AMMOS/AIT-Core,StreamCaptureManagerServer.start,-2.715355240189575
1,0,0,0,0,0,0,0,1,3,3,0,0,17,1,0,1,63,44,19,13,0.6984126984126984,0.3015873015873015,0.0,0.0476190476190476,0.2698412698412698,0.0,0.0,0.0,0.2063492063492063,1,0.0,python,riga/tfdeploy,Max,-2.238368792979913
1,0,8,8,6,1,0,0,1,17,17,8,7,91,8,0,18,401,273,128,21,0.6807980049875312,0.3192019950124688,0.0174563591022443,0.0423940149625935,0.226932668329177,0.0,0.0199501246882793,0.0,0.0523690773067331,8,0.0,python,astrocatalogs/astrocats,Catalog.journal_entries,3.688535935647667
1,0,4,4,1,0,0,0,1,8,8,4,0,34,4,0,12,179,118,61,12,0.659217877094972,0.3407821229050279,0.0055865921787709,0.0446927374301676,0.1899441340782122,0.0,0.0223463687150838,0.0,0.0670391061452514,2,0.0,python,Telefonica/toolium,DriverWrapper.get_config_window_bounds,-0.13165439022161715
1,0,12,12,4,2,0,0,1,8,8,12,0,66,10,0,31,431,308,123,14,0.7146171693735499,0.2853828306264501,0.0139211136890951,0.0185614849187935,0.1531322505800464,0.0,0.0278422273781902,0.0,0.0324825986078886,7,0.0,python,bitprophet/ssh,SSHConfig._expand_variables,3.5943098299169516
1,0,5,5,2,0,0,0,1,10,10,5,0,44,4,0,6,189,134,55,11,0.708994708994709,0.291005291005291,0.0105820105820105,0.0529100529100529,0.2328042328042328,0.0,0.0264550264550264,0.0,0.0582010582010582,3,0.0,python,bwohlberg/sporco,get_module_members,0.40451969861091086
1,0,3,3,0,0,0,0,1,3,3,3,1,25,1,0,11,126,91,35,8,0.7222222222222222,0.2777777777777778,0.0,0.0238095238095238,0.1984126984126984,0.0,0.0238095238095238,0.0,0.0634920634920634,1,0.0,python,devision-io/metasdk,MediaService.upload,-1.0624302154813983
1,0,13,13,12,0,1,0,1,23,23,13,0,133,25,0,42,707,471,236,20,0.6661951909476662,0.3338048090523338,0.0183875530410183,0.0325318246110325,0.1881188118811881,0.0,0.0183875530410183,0.0,0.0282885431400282,14,0.0,python,ultrabug/py3status,ConfigParser.parse,7.798707512488886
1,0,13,13,0,0,0,0,1,31,31,13,2,82,1,0,32,469,314,155,13,0.6695095948827292,0.3304904051172708,0.0,0.0660980810234541,0.1748400852878464,0.0,0.0277185501066098,0.0,0.0277185501066098,1,0.0,python,timeyyy/apptools,get_active_window_pos,3.422634911127149
1,0,4,4,0,0,0,0,1,0,0,4,7,17,1,0,5,67,47,20,7,0.7014925373134329,0.2985074626865671,0.0,0.0,0.2537313432835821,0.0,0.0597014925373134,0.0,0.1044776119402985,1,0.0,python,JdeRobot/base,demix1,-1.3921203368135322
1,0,0,0,0,0,0,0,0,5,5,0,0,10,1,0,1,53,33,20,11,0.6226415094339622,0.3773584905660377,0.0,0.0943396226415094,0.1886792452830188,0.0,0.0,0.0,0.2075471698113207,1,0.0,python,ironfroggy/django-better-cache,CacheModel.from_miss,-2.494341913031599
1,0,9,9,3,0,0,0,1,9,9,9,2,54,9,0,7,226,153,73,14,0.6769911504424779,0.3230088495575221,0.0132743362831858,0.0398230088495575,0.2389380530973451,0.0,0.0398230088495575,0.0,0.0619469026548672,4,0.0,python,jonathf/chaospy,sample_dist.sample,1.5798816938170872
1,0,1,1,1,0,0,0,0,5,5,1,0,14,2,0,2,81,51,30,10,0.6296296296296297,0.3703703703703703,0.0123456790123456,0.0617283950617283,0.1728395061728395,0.0,0.0123456790123456,0.0,0.1234567901234567,2,0.0,python,mitsei/dlkit,AssessmentOfferedForm.clear_duration,-1.6655311873081882
1,0,2,2,1,1,0,0,1,4,4,2,2,39,3,0,5,150,102,48,13,0.68,0.32,0.0133333333333333,0.0266666666666666,0.26,0.0,0.0133333333333333,0.0,0.0866666666666666,3,0.0,python,Esri/ArcREST,UsageReports.reports,-0.4801747074119476
1,0,0,0,1,0,0,0,2,1,1,0,1,11,4,0,4,62,40,22,11,0.6451612903225806,0.3548387096774194,0.0161290322580645,0.0161290322580645,0.1774193548387097,0.0,0.0,0.0,0.1774193548387097,2,0.0,python,pandas-dev/pandas,DataFrame._get_agg_axis,-1.9414765814139363
1,0,2,2,1,0,0,0,1,1,1,2,4,13,3,0,5,68,45,23,9,0.6617647058823529,0.3382352941176471,0.0147058823529411,0.0147058823529411,0.1911764705882352,0.0,0.0294117647058823,0.0,0.1323529411764706,2,0.0,python,acutesoftware/AIKIF,Value.match_value_to_text,-1.5058116692214245
1,0,2,2,2,0,0,0,1,3,3,2,3,49,3,0,7,181,128,53,10,0.7071823204419889,0.292817679558011,0.011049723756906,0.0165745856353591,0.2707182320441988,0.0,0.011049723756906,0.0,0.0552486187845303,3,0.0,python,SeabornGames/RequestClient,ConnectionBasic._create_api_call,-0.37966520837694223
1,0,2,2,2,0,0,0,1,6,6,2,1,31,3,0,1,112,75,37,9,0.6696428571428571,0.3303571428571428,0.0178571428571428,0.0535714285714285,0.2767857142857143,0.0,0.0178571428571428,0.0,0.0803571428571428,3,0.0,python,fabioz/PyDev.Debugger,Process.read,-0.7653904247648837
1,0,1,1,0,0,0,0,1,3,3,1,0,12,1,0,1,47,31,16,8,0.6595744680851063,0.3404255319148936,0.0,0.0638297872340425,0.2553191489361702,0.0,0.0212765957446808,0.0,0.1702127659574468,1,0.0,python,ARMmbed/mbed-cloud-sdk-python,UpdateAPI.get_firmware_image,-2.262660532030405
1,0,6,6,3,0,0,0,0,4,4,6,2,41,6,0,10,174,122,52,10,0.7011494252873564,0.2988505747126437,0.0172413793103448,0.0229885057471264,0.2356321839080459,0.0,0.0344827586206896,0.0,0.057471264367816,4,0.0,python,mapmyfitness/jtime,log,0.45253185614584274
1,0,2,2,0,0,0,0,0,6,6,2,0,27,4,0,2,114,73,41,11,0.6403508771929824,0.3596491228070175,0.0,0.0526315789473684,0.2368421052631578,0.0,0.0175438596491228,0.0,0.0964912280701754,1,0.0,python,twisted/vertex,PTCPConnection.connectionJustEstablished,-1.299361008944703
1,0,3,3,0,0,0,0,0,4,4,3,0,19,1,0,2,70,46,24,8,0.6571428571428571,0.3428571428571428,0.0,0.0571428571428571,0.2714285714285714,0.0,0.0428571428571428,0.0,0.1142857142857142,1,0.0,python,welbornprod/colr,ColorCode._init_hex,-1.6548272189617785
1,0,3,3,0,0,0,0,0,9,9,3,1,23,1,0,5,105,70,35,11,0.6666666666666666,0.3333333333333333,0.0,0.0857142857142857,0.219047619047619,0.0,0.0285714285714285,0.0,0.1047619047619047,1,0.0,python,yamcs/yamcs-python,print_packet_range,-1.0782116722079018
1,0,0,0,0,0,0,0,0,3,3,0,0,11,1,0,4,56,39,17,6,0.6964285714285714,0.3035714285714285,0.0,0.0535714285714285,0.1964285714285714,0.0,0.0,0.0,0.1071428571428571,1,0.0,python,bsmurphy/PyKrige,UniversalKriging.print_statistics,-2.2555090347181523
1,0,3,3,0,0,0,0,1,4,4,3,0,21,1,0,4,89,62,27,8,0.6966292134831461,0.3033707865168539,0.0,0.0449438202247191,0.2359550561797752,0.0,0.0337078651685393,0.0,0.0898876404494382,1,0.0,python,googleapis/google-cloud-python,get_signed_query_params_v2,-1.35374915060906
1,0,0,0,1,0,0,0,1,3,3,0,0,14,2,0,1,64,44,20,8,0.6875,0.3125,0.015625,0.046875,0.21875,0.0,0.0,0.0,0.125,2,0.0,python,mitsei/dlkit,AssessmentProxyManager.get_assessment_results_session_for_bank,-1.8603920403263434
1,0,5,5,2,0,0,0,1,13,13,5,3,36,7,0,17,245,158,87,15,0.6448979591836734,0.3551020408163265,0.0081632653061224,0.0530612244897959,0.1469387755102041,0.0,0.0204081632653061,0.0,0.0612244897959183,3,0.0,python,tgbugs/pyontutils,id_fix,0.9866636557250987
1,0,2,2,0,0,0,0,1,2,2,2,0,15,1,0,4,70,48,22,8,0.6857142857142857,0.3142857142857143,0.0,0.0285714285714285,0.2142857142857142,0.0,0.0285714285714285,0.0,0.1142857142857142,1,0.0,python,jpvanhal/flask-split,_is_robot,-1.8121848493395685
1,0,0,0,0,0,0,0,1,2,2,0,0,14,1,0,3,62,44,18,10,0.7096774193548387,0.2903225806451613,0.0,0.032258064516129,0.2258064516129032,0.0,0.0,0.0,0.1612903225806451,1,0.0,python,mozilla-releng/scriptworker,get_single_upstream_artifact_full_path,-2.231231948885545
1,0,5,5,0,0,0,0,0,8,8,5,0,43,1,0,4,140,101,39,8,0.7214285714285714,0.2785714285714286,0.0,0.0571428571428571,0.3071428571428571,0.0,0.0357142857142857,0.0,0.0571428571428571,1,0.0,python,apache/incubator-mxnet,KVStore._set_updater,-0.5167542774034022
1,0,1,1,2,0,0,0,3,1,1,1,0,21,3,0,3,77,53,24,7,0.6883116883116883,0.3116883116883117,0.0259740259740259,0.0129870129870129,0.2727272727272727,0.0,0.0129870129870129,0.0,0.0909090909090909,3,0.0,python,iotile/coretools,PersistGraphRecord.MatchQuality,-1.2035826129252496
1,0,8,8,4,4,0,0,1,20,20,8,2,73,11,0,13,335,225,110,19,0.6716417910447762,0.3283582089552239,0.0238805970149253,0.0597014925373134,0.217910447761194,0.0,0.0238805970149253,0.0,0.0567164179104477,9,0.0,python,django-leonardo/django-leonardo,find_all_templates,3.7975339328672697
1,0,0,0,1,0,0,0,2,2,2,0,0,12,3,0,1,55,35,20,8,0.6363636363636364,0.3636363636363636,0.0181818181818181,0.0363636363636363,0.2181818181818181,0.0,0.0,0.0,0.1454545454545454,2,0.0,python,kieferk/dfply,mean,-2.0010344480389866
1,0,3,3,0,0,0,0,1,4,4,3,0,20,1,0,7,101,70,31,7,0.693069306930693,0.3069306930693069,0.0,0.0396039603960396,0.198019801980198,0.0,0.0297029702970297,0.0,0.0693069306930693,1,0.0,python,alorence/pysvg-py3,ShapeBuilder.createPolyline,-1.2792784818145773
1,0,1,1,0,0,0,0,1,2,2,1,0,15,1,0,1,52,37,15,7,0.7115384615384616,0.2884615384615384,0.0,0.0384615384615384,0.2884615384615384,0.0,0.0192307692307692,0.0,0.1346153846153846,1,0.0,python,graphql-python/graphql-core,GraphQLQuiverCloudBackend.make_post_request,-2.105553522880918
1,0,4,4,2,2,1,0,1,5,5,4,0,30,6,0,3,120,80,40,11,0.6666666666666666,0.3333333333333333,0.0416666666666666,0.0416666666666666,0.25,0.0,0.0333333333333333,0.0,0.0916666666666666,6,0.0,python,DLR-RM/RAFCON,reduce_to_parent_states,0.6748237770931412
1,0,2,2,0,0,0,0,0,4,4,2,0,18,1,0,3,70,49,21,9,0.7,0.3,0.0,0.0571428571428571,0.2571428571428571,0.0,0.0285714285714285,0.0,0.1285714285714285,1,0.0,python,alexhayes/django-toolkit,EmailMultiRelated.attach_related_file,-1.7382234292931398
2,0,5,5,4,0,0,0,2,9,9,5,1,50,7,0,7,221,154,67,12,0.6968325791855203,0.3031674208144796,0.0180995475113122,0.0407239819004524,0.2262443438914027,0.0,0.0226244343891402,0.0,0.0542986425339366,5,0.0,python,google/grr,DualDBSystemCronJob,1.1949728620284175
1,0,1,1,1,0,0,0,1,3,3,1,0,12,2,0,2,56,37,19,9,0.6607142857142857,0.3392857142857143,0.0178571428571428,0.0535714285714285,0.2142857142857142,0.0,0.0178571428571428,0.0,0.1607142857142857,2,0.0,python,the01/python-flotils,Loadable.load_settings,-1.8231154876881273
1,0,3,3,2,0,0,0,1,1,1,3,0,23,5,0,1,83,58,25,10,0.6987951807228916,0.3012048192771084,0.0240963855421686,0.0120481927710843,0.2771084337349397,0.0,0.036144578313253,0.0,0.1204819277108433,3,0.0,python,fkarb/xltable,Table.get_data,-0.9000431467991851
1,0,6,6,3,0,0,0,0,11,11,6,0,53,7,0,15,262,178,84,15,0.6793893129770993,0.3206106870229007,0.0114503816793893,0.0419847328244274,0.2022900763358778,0.0,0.0229007633587786,0.0,0.0572519083969465,4,0.0,python,Gwildor/Pyromancer,Match.msg,1.2663553975789656
1,0,5,5,6,0,0,0,3,8,8,5,0,42,8,0,10,198,133,65,12,0.6717171717171717,0.3282828282828283,0.0303030303030303,0.0404040404040404,0.2121212121212121,0.0,0.0252525252525252,0.0,0.0606060606060606,7,0.0,python,michael-lazar/rtv,Terminal.clean,1.3994727031387408
1,0,2,2,1,1,0,0,0,5,4,2,3,32,3,0,4,140,95,45,12,0.6785714285714286,0.3214285714285714,0.0142857142857142,0.0357142857142857,0.2285714285714285,0.0,0.0142857142857142,0.0,0.0857142857142857,3,0.0,python,cisco-sas/kitty,GraphModel.check_loops_in_grpah,-0.6121302880591838
1,0,0,0,1,0,0,0,0,1,1,0,0,13,2,0,3,57,40,17,8,0.7017543859649122,0.2982456140350877,0.0175438596491228,0.0175438596491228,0.2280701754385964,0.0,0.0,0.0,0.1403508771929824,2,0.0,python,fabioz/PyDev.Debugger,SimpleXMLRPCRequestHandler.log_request,-2.068766213996231
1,0,8,8,2,0,0,0,0,15,15,8,1,105,15,0,31,564,388,176,13,0.6879432624113475,0.3120567375886525,0.0035460992907801,0.026595744680851,0.1861702127659574,0.0,0.0141843971631205,0.0,0.0230496453900709,3,0.0,python,dlintott/gns3-converter,Node.add_device_items,3.3398766372802813
1,0,0,0,0,0,0,0,0,2,2,0,0,10,1,0,1,37,25,12,6,0.6756756756756757,0.3243243243243243,0.0,0.054054054054054,0.2702702702702703,0.0,0.0,0.0,0.1621621621621621,1,0.0,python,CivicSpleen/ambry,Bundle.exception,-2.644277955862239
1,0,4,4,2,0,0,0,2,11,11,4,0,63,5,0,10,254,182,72,10,0.7165354330708661,0.2834645669291338,0.0078740157480314,0.0433070866141732,0.2480314960629921,0.0,0.0157480314960629,0.0,0.0393700787401574,3,0.0,python,quantopian/zipline,ensure_treasury_data,0.7723203974694813
1,0,3,3,1,0,0,0,0,6,6,3,0,26,3,0,3,121,80,41,11,0.6611570247933884,0.3388429752066115,0.0082644628099173,0.0495867768595041,0.2148760330578512,0.0,0.024793388429752,0.0,0.0909090909090909,2,0.0,python,diging/tethne,WoSParser.postprocess_WC,-0.892186289580162
1,0,6,6,0,0,0,0,1,14,14,6,12,50,1,0,15,217,152,65,11,0.7004608294930875,0.2995391705069124,0.0,0.064516129032258,0.2304147465437788,0.0,0.0276497695852534,0.0,0.0506912442396313,1,0.0,python,QUANTAXIS/QUANTAXIS,QA_indicator_RSI,0.6924030395631572
1,0,4,4,1,2,0,0,1,3,3,4,11,44,5,0,5,158,109,49,18,0.689873417721519,0.310126582278481,0.0189873417721519,0.0189873417721519,0.2784810126582278,0.0,0.0253164556962025,0.0,0.1139240506329113,4,0.0,python,SHTOOLS/SHTOOLS,_time_variable_part,0.477786688585762
1,0,2,2,0,0,0,0,1,2,2,2,0,18,1,0,2,67,45,22,6,0.6716417910447762,0.3283582089552239,0.0,0.0298507462686567,0.2686567164179104,0.0,0.0298507462686567,0.0,0.0895522388059701,1,0.0,python,radujica/baloo,Cache.cache_intermediate_result,-1.8448145711586408
1,0,3,3,1,0,0,0,1,4,4,3,2,28,2,0,3,105,73,32,10,0.6952380952380952,0.3047619047619048,0.0095238095238095,0.0380952380952381,0.2666666666666666,0.0,0.0285714285714285,0.0,0.0952380952380952,2,0.0,python,asciimoo/drawille,Canvas.set,-0.9259147468326819
1,0,11,11,8,0,0,0,0,44,44,11,12,198,14,0,34,845,573,272,11,0.6781065088757396,0.3218934911242603,0.0094674556213017,0.0520710059171597,0.2343195266272189,0.0,0.0130177514792899,0.0,0.0130177514792899,9,0.0,python,conchoecia/gloTK,BaseWrapper.run,7.512017347522666
1,0,7,7,0,0,0,0,1,7,7,7,0,66,1,0,6,211,152,59,8,0.7203791469194313,0.2796208530805687,0.0,0.0331753554502369,0.3127962085308057,0.0,0.0331753554502369,0.0,0.0379146919431279,1,0.0,python,oseledets/ttpy,eigb,0.1782987209882285
1,0,2,2,1,1,1,0,1,4,4,2,3,30,5,0,11,139,97,42,15,0.697841726618705,0.302158273381295,0.0215827338129496,0.0287769784172661,0.2158273381294964,0.0,0.014388489208633,0.0,0.1079136690647482,4,0.0,python,PmagPy/PmagPy,unpack,0.11266481208662231
1,0,11,11,2,0,0,0,1,5,5,11,7,36,5,0,17,179,123,56,10,0.6871508379888268,0.3128491620111732,0.0111731843575419,0.0279329608938547,0.2011173184357542,0.0,0.0614525139664804,0.0,0.0558659217877094,3,0.0,python,crocs-muni/roca,RocaFingerprinter.mark_and_add_effort,1.2125104805652598
1,0,3,3,1,0,2,0,0,2,2,3,0,15,5,0,4,79,51,28,11,0.6455696202531646,0.3544303797468354,0.0379746835443038,0.0253164556962025,0.189873417721519,0.0,0.0379746835443038,0.0,0.1392405063291139,4,0.0,python,maxfischer2781/chainlet,printlet,-0.34871530327849803
1,0,0,0,0,0,0,0,1,1,1,0,0,16,1,0,3,58,42,16,7,0.7241379310344828,0.2758620689655172,0.0,0.0172413793103448,0.2758620689655172,0.0,0.0,0.0,0.1206896551724138,1,0.0,python,markovmodel/msmtools,ReactiveFlux.pathways,-2.2363735974137926
1,0,1,1,1,0,0,0,0,1,1,1,0,11,2,0,1,42,28,14,7,0.6666666666666666,0.3333333333333333,0.0238095238095238,0.0238095238095238,0.2619047619047619,0.0,0.0238095238095238,0.0,0.1666666666666666,2,0.0,python,ddorn/GUI,SimpleText.color,-2.102073552593918
1,0,1,1,0,0,0,0,1,3,3,1,0,28,1,0,13,142,116,26,9,0.8169014084507042,0.1830985915492957,0.0,0.0211267605633802,0.1971830985915492,0.0,0.0070422535211267,0.0,0.0633802816901408,1,0.0,python,manns/pyspread,libvlc_audio_set_callbacks,-1.0685580909487984
1,0,4,4,1,1,0,0,1,14,14,4,0,50,3,0,5,202,137,65,13,0.6782178217821783,0.3217821782178218,0.0099009900990099,0.0693069306930693,0.2475247524752475,0.0,0.0198019801980198,0.0,0.0643564356435643,3,0.0,python,AndresMWeber/Nomenclate,NameParser.get_string_camel_patterns,0.5201892148851638
1,0,4,4,2,1,0,0,3,8,8,4,0,34,6,0,9,163,111,52,9,0.6809815950920245,0.3190184049079754,0.0184049079754601,0.0490797546012269,0.2085889570552147,0.0,0.0245398773006134,0.0,0.0552147239263803,4,0.0,python,OpenTreeOfLife/peyotl,GitActionBase._get_changed_docs,0.4632449047277592
1,0,2,2,0,0,0,0,1,4,4,2,0,14,1,0,1,55,36,19,8,0.6545454545454545,0.3454545454545454,0.0,0.0727272727272727,0.2545454545454545,0.0,0.0363636363636363,0.0,0.1454545454545454,1,0.0,python,google/pyu2f,LinuxHidDevice.Read,-1.9180054828051376
1,0,1,1,1,1,0,0,2,4,3,1,0,18,3,0,3,79,52,27,12,0.6582278481012658,0.3417721518987341,0.0253164556962025,0.050632911392405,0.2278481012658227,0.0,0.0126582278481012,0.0,0.1518987341772152,3,0.0,python,jeffh/pyconstraints,BacktrackingSolver.satisfies_constraints,-1.1604173986652697
1,0,3,3,4,1,0,0,0,18,18,3,0,82,6,0,8,312,212,100,15,0.6794871794871795,0.3205128205128205,0.016025641025641,0.0576923076923076,0.2628205128205128,0.0,0.0096153846153846,0.0,0.048076923076923,6,0.0,python,materialsproject/pymatgen,Flow.show_history,1.779560730691741
1,0,0,0,2,1,0,0,0,2,2,0,0,19,5,0,1,80,53,27,13,0.6625,0.3375,0.0375,0.025,0.2375,0.0,0.0,0.0,0.1625,4,0.0,python,jaseg/python-mpv,MPV.unregister_message_handler,-1.2324747755735166
1,0,4,4,3,0,0,0,3,0,0,4,4,33,6,0,6,134,89,45,9,0.664179104477612,0.3358208955223881,0.0223880597014925,0.0,0.2462686567164179,0.0,0.0298507462686567,0.0,0.0671641791044776,4,0.0,python,sanger-pathogens/ariba,sam_pair_to_insert,-0.08593440588258834
1,0,8,8,3,2,0,0,1,46,46,8,0,98,8,0,64,792,528,264,17,0.6666666666666666,0.3333333333333333,0.0063131313131313,0.058080808080808,0.1237373737373737,0.0,0.0101010101010101,0.0,0.0214646464646464,6,0.0,python,belbio/bel,hash_nanopub,6.226219337112186
1,0,4,4,1,1,0,0,1,5,5,4,1,20,5,0,9,145,95,50,14,0.6551724137931034,0.3448275862068966,0.0137931034482758,0.0344827586206896,0.1379310344827586,0.0,0.0275862068965517,0.0,0.096551724137931,3,0.0,python,bcbio/bcbio-nextgen,locale_export,-0.17162226250555854
1,0,8,8,1,0,0,0,1,14,14,8,7,52,2,0,6,212,144,68,11,0.6792452830188679,0.320754716981132,0.0047169811320754,0.0660377358490566,0.2452830188679245,0.0,0.0377358490566037,0.0,0.0518867924528301,2,0.0,python,erkghlerngm44/malaffinity,pearson,0.956801083858283
1,0,14,14,2,0,0,0,1,11,11,14,5,69,8,0,25,335,232,103,14,0.6925373134328359,0.3074626865671642,0.0059701492537313,0.0328358208955223,0.2059701492537313,0.0,0.0417910447761194,0.0,0.0417910447761194,3,0.0,python,PMEAL/OpenPNM,isoutside,2.8624556995247254
1,0,1,1,1,1,0,0,1,3,3,1,0,13,3,0,3,72,47,25,9,0.6527777777777778,0.3472222222222222,0.0277777777777777,0.0416666666666666,0.1805555555555555,0.0,0.0138888888888888,0.0,0.125,3,0.0,python,log2timeline/plaso,AttributeContainer.GetAttributeNames,-1.3298044841427645
1,0,2,2,1,0,0,0,1,4,4,2,0,26,2,0,4,100,71,29,13,0.71,0.29,0.01,0.04,0.26,0.0,0.02,0.0,0.13,2,0.0,python,kensho-technologies/graphql-compiler,get_column,-1.104647552996572
1,0,2,2,0,0,0,0,0,5,5,2,1,14,3,0,3,76,48,28,10,0.631578947368421,0.3684210526315789,0.0,0.0657894736842105,0.1842105263157894,0.0,0.0263157894736842,0.0,0.131578947368421,1,0.0,python,pyroscope/pyrocore,_write_pidfile,-1.6997252857815266
1,0,9,9,7,1,0,0,0,8,8,9,3,62,15,0,51,532,369,163,17,0.693609022556391,0.306390977443609,0.0150375939849624,0.0150375939849624,0.1165413533834586,0.0,0.0169172932330827,0.0,0.0319548872180451,9,0.0,python,pypa/pipenv,to_genshi,4.242934026459224
1,0,0,0,0,1,0,0,1,2,2,0,0,12,2,0,2,50,33,17,9,0.66,0.34,0.02,0.04,0.24,0.0,0.0,0.0,0.18,2,0.0,python,KelSolaar/Umbra,GraphModelNode.node_changed,-2.074931498490923
1,0,15,15,7,0,0,0,4,26,26,15,8,130,12,0,10,485,325,160,15,0.6701030927835051,0.3298969072164948,0.0144329896907216,0.0536082474226804,0.268041237113402,0.0,0.0309278350515463,0.0,0.0309278350515463,8,0.0,python,dfm/george,GP.grad_log_likelihood,5.594822609949531
1,0,11,11,4,1,0,0,0,16,16,11,0,71,6,0,9,284,191,93,12,0.6725352112676056,0.3274647887323944,0.0176056338028169,0.056338028169014,0.25,0.0,0.0387323943661971,0.0,0.0422535211267605,6,0.0,python,ulule/django-badgify,reset_awards,2.576749584822281
1,0,2,2,0,0,0,0,1,3,3,2,0,12,1,0,8,75,53,22,10,0.7066666666666667,0.2933333333333333,0.0,0.04,0.16,0.0,0.0266666666666666,0.0,0.1333333333333333,1,0.0,python,se-esss-litterbox/Pynac,Steerer.from_dynacRepr,-1.657417199883792
1,0,3,3,2,1,0,0,1,4,4,3,0,32,4,0,4,117,83,34,9,0.7094017094017094,0.2905982905982906,0.0256410256410256,0.0341880341880341,0.2735042735042735,0.0,0.0256410256410256,0.0,0.0769230769230769,4,0.0,python,Bystroushaak/pyDHTMLParser,HTMLQuery.findAll,-0.26928874348611004
1,0,0,0,0,0,0,0,1,2,2,0,2,10,1,0,3,59,40,19,12,0.6779661016949152,0.3220338983050847,0.0,0.0338983050847457,0.1694915254237288,0.0,0.0,0.0,0.2033898305084746,1,0.0,python,Julian/txmusicbrainz,BoundEntityRetriever.search,-2.361762549772822
1,0,0,0,0,0,0,0,0,1,1,0,0,33,1,0,1,79,71,8,6,0.8987341772151899,0.1012658227848101,0.0,0.0126582278481012,0.4177215189873418,0.0,0.0,0.0,0.0759493670886076,1,0.0,python,gwastro/pycbc,spa_tmplt_engine,-1.6730673862305985
1,0,1,1,1,0,0,0,0,3,3,1,0,13,2,0,2,53,36,17,8,0.6792452830188679,0.320754716981132,0.0188679245283018,0.0566037735849056,0.2452830188679245,0.0,0.0188679245283018,0.0,0.1509433962264151,2,0.0,python,rootpy/rootpy,BaseTree.create_branches,-1.8490893354782039
1,0,8,8,2,1,0,0,1,10,10,8,0,67,4,0,7,252,172,80,12,0.6825396825396826,0.3174603174603174,0.0119047619047619,0.0396825396825396,0.2658730158730158,0.0,0.0317460317460317,0.0,0.0476190476190476,4,0.0,python,DLR-RM/RAFCON,SemanticDataEditorController.key_edited,1.3797238347933407
1,0,3,3,0,0,0,0,0,3,3,3,0,21,1,0,1,81,54,27,7,0.6666666666666666,0.3333333333333333,0.0,0.037037037037037,0.2592592592592592,0.0,0.037037037037037,0.0,0.0864197530864197,1,0.0,python,KarchinLab/probabilistic2020,GeneSequence._to_upper,-1.6241250629519541
1,0,1,1,0,0,0,0,1,2,2,1,0,12,1,0,1,45,31,14,7,0.6888888888888889,0.3111111111111111,0.0,0.0444444444444444,0.2666666666666666,0.0,0.0222222222222222,0.0,0.1555555555555555,1,0.0,python,materialsproject/pymatgen,AbinitTask.find_optconf,-2.254879562153443
1,0,8,8,4,0,0,0,2,17,15,8,2,71,5,0,19,352,234,118,12,0.6647727272727273,0.3352272727272727,0.0113636363636363,0.0482954545454545,0.2017045454545454,0.0,0.0227272727272727,0.0,0.034090909090909,5,0.0,python,quantumlib/Cirq,pack_results,2.360457158751333
1,0,1,1,1,0,0,0,2,2,2,1,0,18,3,0,4,72,51,21,8,0.7083333333333334,0.2916666666666667,0.0138888888888888,0.0277777777777777,0.25,0.0,0.0138888888888888,0.0,0.1111111111111111,2,0.0,python,brutus/wdiffhtml,wdiff,-1.4702406347936283
1,0,1,1,3,0,0,0,2,6,6,1,0,21,4,0,5,105,69,36,9,0.6571428571428571,0.3428571428571428,0.0285714285714285,0.0571428571428571,0.2,0.0,0.0095238095238095,0.0,0.0857142857142857,4,0.0,python,ngmarchant/oasis,verify_identifiers,-0.6591001098727266
1,0,7,7,2,0,0,0,0,9,9,7,0,46,6,0,12,230,152,78,16,0.6608695652173913,0.3391304347826087,0.008695652173913,0.0391304347826087,0.2,0.0,0.0304347826086956,0.0,0.0695652173913043,3,0.0,python,materialsproject/pymatgen-db,QueryEngine.set_aliases_and_defaults,0.8975954770215377
1,0,20,20,3,0,0,0,1,4,4,20,0,85,4,0,20,386,269,117,10,0.6968911917098446,0.3031088082901554,0.0077720207253886,0.0103626943005181,0.2202072538860103,0.0,0.0518134715025906,0.0,0.0259067357512953,4,0.0,python,SBRG/ssbio,Protein.protein_statistics,3.2994315722778116
31,0,68,68,29,4,0,0,30,107,111,68,2,725,102,0,50,2811,1918,893,21,0.6823194592671648,0.3176805407328353,0.0117395944503735,0.0380647456421202,0.2579153326218427,0.0,0.0241906794734969,0.0,0.007470651013874,34,0.0,python,rominf/module-wrapper,_wrap,40.51723118551301
1,0,2,2,2,0,0,0,6,14,13,2,0,60,8,0,4,246,167,79,12,0.6788617886178862,0.3211382113821138,0.008130081300813,0.056910569105691,0.2439024390243902,0.0,0.008130081300813,0.0,0.048780487804878,3,0.0,python,kubernetes-client/python,ApiClient.sanitize_for_serialization,0.920153084877628
1,0,2,2,0,0,0,0,0,1,1,2,2,18,1,0,3,64,49,15,6,0.765625,0.234375,0.0,0.015625,0.28125,0.0,0.03125,0.0,0.09375,1,0.0,python,marcharper/python-ternary,left_parallel_line,-1.7385902094801597
1,0,0,0,0,0,0,0,2,2,2,0,0,15,3,0,3,71,47,24,10,0.6619718309859155,0.3380281690140845,0.0,0.028169014084507,0.2112676056338028,0.0,0.0,0.0,0.1408450704225352,1,0.0,python,yunojuno/elasticsearch-django,_in_search_queryset,-2.064656301153731
1,0,4,4,0,0,0,0,0,3,3,4,1,33,1,0,12,176,122,54,9,0.6931818181818182,0.3068181818181818,0.0,0.0170454545454545,0.1875,0.0,0.0227272727272727,0.0,0.0511363636363636,1,0.0,python,CenturyLinkCloud/clc-python-sdk,Group.Refresh,-0.7797009235528223
1,0,3,3,1,0,0,0,1,7,7,3,2,29,3,0,6,135,89,46,14,0.6592592592592592,0.3407407407407407,0.0074074074074074,0.0518518518518518,0.2148148148148148,0.0,0.0222222222222222,0.0,0.1037037037037037,2,0.0,python,bcbio/bcbio-nextgen,index,-0.5776641366146331
1,0,6,6,2,1,0,0,0,13,13,6,4,78,5,0,8,328,222,106,15,0.676829268292683,0.3231707317073171,0.0091463414634146,0.0396341463414634,0.2378048780487804,0.0,0.0182926829268292,0.0,0.0457317073170731,4,0.0,python,array-split/array_split,ShapeSplitter.set_split_extents_by_split_size,1.6765260742414954
1,0,1,1,0,0,0,0,1,3,3,1,1,12,1,0,2,53,35,18,10,0.660377358490566,0.3396226415094339,0.0,0.0566037735849056,0.2264150943396226,0.0,0.0188679245283018,0.0,0.1886792452830188,1,0.0,python,vmalloc/dessert,AssertionRewriter.variable,-2.2111660414707845
1,0,8,8,7,1,0,0,3,8,8,8,0,53,14,0,24,326,218,108,13,0.6687116564417178,0.3312883435582822,0.0245398773006134,0.0245398773006134,0.1625766871165644,0.0,0.0245398773006134,0.0,0.0398773006134969,9,0.0,python,saltstack/salt,user_verify_password,3.095134286301735
1,0,0,0,0,0,0,0,1,3,3,0,1,10,1,0,3,51,33,18,8,0.6470588235294118,0.3529411764705882,0.0,0.0588235294117647,0.196078431372549,0.0,0.0,0.0,0.1568627450980392,1,0.0,python,ev3dev/ev3dev-lang-python,UltrasonicSensor.distance_inches_continuous,-2.396777000022658
1,0,2,2,0,0,0,0,1,3,3,2,3,15,1,0,4,79,52,27,11,0.6582278481012658,0.3417721518987341,0.0,0.0379746835443038,0.189873417721519,0.0,0.0253164556962025,0.0,0.1392405063291139,1,0.0,python,pyannote/pyannote-metrics,reindex,-1.7052870646822682
1,0,0,0,0,0,0,0,1,2,1,0,0,10,1,0,2,46,31,15,8,0.6739130434782609,0.3260869565217391,0.0,0.0434782608695652,0.217391304347826,0.0,0.0,0.0,0.1739130434782608,1,0.0,python,PyCQA/astroid,AsStringVisitor.visit_extslice,-2.5299572379325723
1,0,3,3,2,0,0,0,3,10,10,3,0,33,3,0,7,157,107,50,11,0.6815286624203821,0.3184713375796178,0.0127388535031847,0.0636942675159235,0.2101910828025477,0.0,0.019108280254777,0.0,0.0700636942675159,3,0.0,python,scanny/python-pptx,BaseShapeFactory,0.004367366997898096
1,0,0,0,1,0,0,0,1,17,17,0,0,31,5,0,22,282,186,96,15,0.6595744680851063,0.3404255319148936,0.0035460992907801,0.0602836879432624,0.1099290780141844,0.0,0.0,0.0,0.0531914893617021,2,0.0,python,inspirehep/inspire-dojson,related_records2marc,0.32416901156092404
1,0,3,3,1,0,0,0,1,7,9,3,2,28,6,0,11,158,104,54,11,0.6582278481012658,0.3417721518987341,0.0063291139240506,0.0443037974683544,0.1772151898734177,0.0,0.0189873417721519,0.0,0.0696202531645569,2,0.0,python,SiLab-Bonn/pylandau,fwhm,-0.29487478564334757
1,0,21,21,4,0,0,0,1,6,6,21,73,121,10,0,47,557,383,174,16,0.6876122082585279,0.3123877917414722,0.0071813285457809,0.0107719928186714,0.2172351885098743,0.0,0.03770197486535,0.0,0.0287253141831238,5,0.0,python,CalebBell/fluids,Chisholm,6.691484110293574
1,0,8,8,0,0,0,0,1,3,3,8,0,35,1,0,8,147,106,41,8,0.7210884353741497,0.2789115646258503,0.0,0.0204081632653061,0.238095238095238,0.0,0.0544217687074829,0.0,0.0544217687074829,1,0.0,python,materialsproject/pymatgen,SlabEntry.from_dict,-0.22890400706969782
1,0,7,7,2,1,0,0,1,11,11,7,0,57,8,0,5,227,148,79,10,0.6519823788546255,0.3480176211453744,0.013215859030837,0.0484581497797356,0.2511013215859031,0.0,0.0308370044052863,0.0,0.0440528634361233,4,0.0,python,ejeschke/ginga,SaveImage.update_channels,1.216709734887424
3,0,1,1,0,0,0,0,3,3,3,1,0,17,3,0,1,69,46,23,12,0.6666666666666666,0.3333333333333333,0.0,0.0434782608695652,0.2463768115942029,0.0,0.0144927536231884,0.0,0.1739130434782608,1,0.0,python,Erotemic/utool,compose_functions,-1.6106929121112463
1,0,13,13,0,0,0,0,1,9,9,13,0,45,1,0,29,229,161,68,6,0.7030567685589519,0.296943231441048,0.0,0.0393013100436681,0.1965065502183406,0.0,0.056768558951965,0.0,0.0262008733624454,1,0.0,python,tensorflow/tensor2tensor,transformer_nat_small,1.2526307085206523
1,0,22,22,7,0,0,0,0,29,29,22,10,167,18,0,31,754,501,253,17,0.6644562334217506,0.3355437665782493,0.0092838196286472,0.0384615384615384,0.2214854111405835,0.0,0.0291777188328912,0.0,0.0225464190981432,8,0.0,python,fred49/argtoolbox,Element._load,8.014545337609938
1,0,2,2,0,0,0,0,1,2,2,2,0,18,1,0,3,71,49,22,7,0.6901408450704225,0.3098591549295774,0.0,0.028169014084507,0.2535211267605634,0.0,0.028169014084507,0.0,0.0985915492957746,1,0.0,python,lk-geimfari/mimesis,RussiaSpecProvider.patronymic,-1.77906565615682
1,0,0,0,0,0,0,0,1,2,2,0,3,14,1,0,8,97,65,32,13,0.6701030927835051,0.3298969072164948,0.0,0.0206185567010309,0.1443298969072164,0.0,0.0,0.0,0.134020618556701,1,0.0,python,tjcsl/ion,User.last_first_initial,-1.88180035669172
1,0,0,0,5,0,0,0,4,4,4,0,0,30,6,0,7,141,93,48,9,0.6595744680851063,0.3404255319148936,0.0354609929078014,0.0283687943262411,0.2127659574468085,0.0,0.0,0.0,0.0638297872340425,6,0.0,python,chaoss/grimoirelab-sortinghat,EmailMatcher.match_filtered_identities,-0.07695671608352378
1,0,1,1,0,0,0,0,0,1,1,1,0,10,1,0,1,36,26,10,6,0.7222222222222222,0.2777777777777778,0.0,0.0277777777777777,0.2777777777777778,0.0,0.0277777777777777,0.0,0.1666666666666666,1,0.0,python,refinery29/chassis,ServiceFactory._replace_service_arg,-2.420767575684079
1,0,3,3,2,1,0,0,2,8,8,3,1,37,5,0,9,163,109,54,12,0.6687116564417178,0.3312883435582822,0.0184049079754601,0.0490797546012269,0.2269938650306748,0.0,0.0184049079754601,0.0,0.0736196319018405,4,0.0,python,bibanon/BASC-py4chan,download_file,0.26124656884891057
1,0,3,3,1,0,0,0,3,11,11,3,0,40,4,0,7,173,118,55,14,0.6820809248554913,0.3179190751445087,0.0057803468208092,0.0635838150289017,0.2312138728323699,0.0,0.0173410404624277,0.0,0.0809248554913294,2,0.0,python,senaite/senaite.core,UniqueFieldValidator.query_parent_objects,0.060976660294465516
1,0,7,7,2,0,0,0,0,13,13,7,0,90,4,0,15,363,252,111,12,0.6942148760330579,0.3057851239669421,0.0055096418732782,0.0358126721763085,0.2479338842975206,0.0,0.0192837465564738,0.0,0.0330578512396694,3,0.0,python,nteract/bookstore,BookstorePublishHandler._publish,1.6510483913433274
1,0,2,2,3,0,0,0,0,7,7,2,3,34,6,0,7,162,107,55,13,0.6604938271604939,0.3395061728395062,0.0185185185185185,0.0432098765432098,0.2098765432098765,0.0,0.0123456790123456,0.0,0.0802469135802469,4,0.0,python,softlayer/softlayer-python,cli,-0.1024304159578057
1,0,1,1,0,0,0,0,1,6,6,1,0,18,1,0,2,79,52,27,11,0.6582278481012658,0.3417721518987341,0.0,0.0759493670886076,0.2278481012658227,0.0,0.0126582278481012,0.0,0.1392405063291139,1,0.0,python,mitodl/edx-api-client,CourseDetails.get_detail,-1.7644475351111597
1,0,1,1,0,0,0,0,1,2,2,1,0,13,1,0,1,53,34,19,8,0.6415094339622641,0.3584905660377358,0.0,0.0377358490566037,0.2452830188679245,0.0,0.0188679245283018,0.0,0.1509433962264151,1,0.0,python,fastai/fastai,trainable_params,-2.2909918235430182
1,0,2,2,2,0,0,0,1,2,2,2,0,16,4,0,3,75,48,27,9,0.64,0.36,0.0266666666666666,0.0266666666666666,0.2133333333333333,0.0,0.0266666666666666,0.0,0.12,3,0.0,python,portfoliome/postpy,MaterializedView.create,-1.2321579098921742
1,0,1,1,0,0,0,0,1,2,2,1,0,20,1,0,2,71,49,22,8,0.6901408450704225,0.3098591549295774,0.0,0.028169014084507,0.2816901408450704,0.0,0.0140845070422535,0.0,0.1126760563380281,1,0.0,python,maas/python-libmaas,MachineSSHMixin._check_ssh,-1.9616366524301276
1,0,1,1,0,0,0,0,0,3,3,1,0,18,1,0,2,66,45,21,8,0.6818181818181818,0.3181818181818182,0.0,0.0454545454545454,0.2727272727272727,0.0,0.0151515151515151,0.0,0.1212121212121212,1,0.0,python,CodeReclaimers/neat-python,DistributedEvaluator._reset_em,-2.0441698037007066
1,0,0,0,2,0,0,0,6,6,6,0,0,23,8,0,1,109,69,40,11,0.6330275229357798,0.3669724770642202,0.018348623853211,0.055045871559633,0.2110091743119266,0.0,0.0,0.0,0.1009174311926605,3,0.0,python,saltstack/salt,decode_embedded_strs,-0.613018821230471
1,0,18,18,3,2,0,0,1,23,23,18,6,135,8,0,26,556,396,160,13,0.7122302158273381,0.2877697841726618,0.0089928057553956,0.0413669064748201,0.2428057553956834,0.0,0.0323741007194244,0.0,0.0233812949640287,6,0.0,python,brainiak/brainiak,bootstrap_isc,5.627338104531832
1,0,0,0,1,0,0,0,3,4,4,0,1,17,5,0,10,140,90,50,12,0.6428571428571429,0.3571428571428571,0.0071428571428571,0.0285714285714285,0.1214285714285714,0.0,0.0,0.0,0.0857142857142857,2,0.0,python,bwohlberg/sporco,ADMMTwoBlockCnstrnt.getmin,-1.0292670964044865
1,0,10,10,3,2,0,0,1,17,17,10,4,82,11,0,4,297,198,99,13,0.6666666666666666,0.3333333333333333,0.0168350168350168,0.0572390572390572,0.2760942760942761,0.0,0.0336700336700336,0.0,0.0437710437710437,6,0.0,python,apache/spark,CloudPickler.save_inst,2.9990645774585607
1,0,2,2,0,0,0,0,0,3,3,2,0,13,1,0,3,59,40,19,9,0.6779661016949152,0.3220338983050847,0.0,0.0508474576271186,0.2203389830508474,0.0,0.0338983050847457,0.0,0.1525423728813559,1,0.0,python,romanz/trezor-agent,_key_info,-1.9722233910801434
1,0,6,6,2,0,0,0,0,7,7,6,1,61,8,0,14,249,172,77,12,0.6907630522088354,0.3092369477911647,0.0080321285140562,0.0281124497991967,0.2449799196787148,0.0,0.0240963855421686,0.0,0.0481927710843373,3,0.0,python,angr/angr,SimCC.set_return_val,0.9007109613192974
1,0,0,0,1,0,0,0,1,3,3,0,0,13,2,0,3,78,52,26,12,0.6666666666666666,0.3333333333333333,0.0128205128205128,0.0384615384615384,0.1666666666666666,0.0,0.0,0.0,0.1538461538461538,2,0.0,python,krischer/django-plugins,SyncPlugins.all,-1.821466076462076
1,0,3,3,2,0,0,0,0,9,9,3,0,39,3,0,5,156,105,51,9,0.6730769230769231,0.3269230769230769,0.0128205128205128,0.0576923076923076,0.25,0.0,0.0192307692307692,0.0,0.0576923076923076,3,0.0,python,DC23/scriptabit,copy_default_config_to_user_directory,-0.3125408228126357
1,0,0,0,0,0,0,0,1,1,1,0,0,18,1,0,1,75,50,25,16,0.6666666666666666,0.3333333333333333,0.0,0.0133333333333333,0.24,0.0,0.0,0.0,0.2133333333333333,1,0.0,python,pettarin/ipapy,IPAString.cns_vwl_str_len_wb,-2.297660563785747
1,0,1,1,1,0,0,0,1,2,2,1,0,14,2,0,2,57,39,18,8,0.6842105263157895,0.3157894736842105,0.0175438596491228,0.0350877192982456,0.2456140350877192,0.0,0.0175438596491228,0.0,0.1403508771929824,2,0.0,python,jwodder/doapi,Droplet.restore,-1.7926024114957102
1,0,1,1,1,0,0,0,1,2,2,1,0,15,3,0,4,68,47,21,10,0.6911764705882353,0.3088235294117647,0.0147058823529411,0.0294117647058823,0.2205882352941176,0.0,0.0147058823529411,0.0,0.1470588235294117,2,0.0,python,neithere/monk,one_of,-1.6492419813939232
1,0,0,0,1,0,0,0,1,1,1,0,0,10,2,0,2,45,29,16,9,0.6444444444444445,0.3555555555555555,0.0222222222222222,0.0222222222222222,0.2222222222222222,0.0,0.0,0.0,0.2,2,0.0,python,pysathq/pysat,MapleCM.get_core,-2.3191106088544826
1,0,2,2,0,0,0,0,0,2,2,2,0,14,1,0,1,50,35,15,7,0.7,0.3,0.0,0.04,0.28,0.0,0.04,0.0,0.14,1,0.0,python,jmgilman/Neolib,Context.addProxyObject,-2.0427904901634317
1,0,2,2,1,0,0,0,1,4,4,2,0,16,2,0,5,81,54,27,9,0.6666666666666666,0.3333333333333333,0.0123456790123456,0.0493827160493827,0.1975308641975308,0.0,0.0246913580246913,0.0,0.1111111111111111,2,0.0,python,lrq3000/pyFileFixity,SortedDict.popitem,-1.3520080232465554
1,0,3,3,1,0,0,0,1,2,2,3,1,19,2,0,4,87,59,28,11,0.6781609195402298,0.3218390804597701,0.0114942528735632,0.0229885057471264,0.2183908045977011,0.0,0.0344827586206896,0.0,0.1264367816091954,2,0.0,python,pypa/pipenv,ParseBaseException.markInputline,-1.2235015918462884
1,0,2,2,1,0,0,0,1,5,4,2,3,23,2,0,7,120,83,37,11,0.6916666666666667,0.3083333333333333,0.0083333333333333,0.0416666666666666,0.1916666666666666,0.0,0.0166666666666666,0.0,0.0916666666666666,2,0.0,python,abe-winter/pg13-py,Row.select,-0.9436032025685791
1,0,2,2,0,0,0,0,1,1,1,2,0,13,1,0,3,52,37,15,7,0.7115384615384616,0.2884615384615384,0.0,0.0192307692307692,0.25,0.0,0.0384615384615384,0.0,0.1346153846153846,1,0.0,python,reingart/pyafipws,WSLTV.AgregarBonificacion,-1.9733662211236451
1,0,9,9,2,0,0,0,1,13,13,9,0,52,4,0,25,318,221,97,11,0.6949685534591195,0.3050314465408805,0.0062893081761006,0.040880503144654,0.1635220125786163,0.0,0.0283018867924528,0.0,0.0345911949685534,3,0.0,python,empirical-org/Quill-NLP-Tools-and-Datasets,training_data,1.7367768280588427
1,0,0,0,0,0,0,0,1,3,3,0,0,17,1,0,1,69,47,22,10,0.6811594202898551,0.3188405797101449,0.0,0.0434782608695652,0.2463768115942029,0.0,0.0,0.0,0.144927536231884,1,0.0,python,hardbyte/python-can,UcanServer.check_version_is_equal_or_higher,-2.1620662501107386
1,0,14,14,5,1,0,0,0,17,17,14,9,89,9,0,46,563,382,181,20,0.6785079928952042,0.3214920071047957,0.0106571936056838,0.0301953818827708,0.1580817051509769,0.0,0.0248667850799289,0.0,0.0355239786856127,7,0.0,python,materialsproject/custodian,VaspJob.full_opt_run,5.123938095388493
1,0,0,0,0,0,0,0,1,1,1,0,0,11,1,0,5,63,44,19,9,0.6984126984126984,0.3015873015873015,0.0,0.0158730158730158,0.1746031746031746,0.0,0.0,0.0,0.1428571428571428,1,0.0,python,pyviz/param,ParameterizedFunction.script_repr,-2.28444132223052
1,0,2,2,0,0,0,0,1,2,2,2,0,17,1,0,1,55,39,16,6,0.7090909090909091,0.2909090909090909,0.0,0.0363636363636363,0.3090909090909091,0.0,0.0363636363636363,0.0,0.109090909090909,1,0.0,python,openclimatedata/pymagicc,_Reader.process_data,-1.8598414583129772
1,0,1,1,0,0,0,0,0,3,3,1,0,14,3,0,3,70,44,26,11,0.6285714285714286,0.3714285714285714,0.0,0.0428571428571428,0.2,0.0,0.0142857142857142,0.0,0.1571428571428571,1,0.0,python,Duke-GCB/lando-messaging,WorkQueueProcessor.process_messages_loop,-2.0794340383664576
1,0,3,3,3,0,0,0,1,7,7,3,0,34,4,0,5,154,100,54,12,0.6493506493506493,0.3506493506493506,0.0194805194805194,0.0454545454545454,0.2207792207792207,0.0,0.0194805194805194,0.0,0.0779220779220779,4,0.0,python,ramses-tech/ramses,ESBaseView.get_item_es,-0.12774989622854843
1,0,3,3,2,0,0,0,0,7,7,3,0,31,3,0,16,199,135,64,15,0.678391959798995,0.321608040201005,0.0100502512562814,0.0351758793969849,0.1557788944723618,0.0,0.0150753768844221,0.0,0.0753768844221105,3,0.0,python,volafiled/python-volapi,User.register,-0.056055374716574326
1,0,2,2,3,0,0,0,2,10,10,2,0,35,4,0,14,216,146,70,14,0.6759259259259259,0.324074074074074,0.0138888888888888,0.0462962962962962,0.162037037037037,0.0,0.0092592592592592,0.0,0.0648148148148148,4,0.0,python,pyinvoke/invocations,_find_package,0.35905050854960413
1,0,13,13,2,0,0,0,0,22,22,13,10,95,3,0,18,426,291,135,15,0.6830985915492958,0.3169014084507042,0.0046948356807511,0.0516431924882629,0.2230046948356807,0.0,0.0305164319248826,0.0,0.0352112676056338,3,0.0,python,chbrown/viz,hist,3.3855423775714573
1,0,1,1,0,1,0,0,1,2,2,1,0,18,2,0,2,72,53,19,10,0.7361111111111112,0.2638888888888889,0.0138888888888888,0.0277777777777777,0.25,0.0,0.0138888888888888,0.0,0.1388888888888889,2,0.0,python,mcieslik-mctp/papy,_comp_task,-1.5098044009433116
1,0,3,3,0,1,0,0,1,4,4,3,0,30,2,0,2,105,76,29,11,0.7238095238095238,0.2761904761904762,0.0095238095238095,0.0380952380952381,0.2857142857142857,0.0,0.0285714285714285,0.0,0.1047619047619047,2,0.0,python,gwastro/pycbc,segment_snrs,-0.8368537028504256
1,0,6,6,4,1,0,0,3,12,11,6,1,63,6,0,15,283,195,88,11,0.6890459363957597,0.3109540636042402,0.0176678445229682,0.0424028268551236,0.2226148409893993,0.0,0.0212014134275618,0.0,0.03886925795053,6,0.0,python,angr/claripy,StridedInterval.least_upper_bound,1.9283789415118588
1,0,2,2,1,0,0,0,0,9,9,2,0,39,2,0,7,167,115,52,11,0.688622754491018,0.311377245508982,0.0059880239520958,0.0538922155688622,0.2335329341317365,0.0,0.0119760479041916,0.0,0.0658682634730539,2,0.0,python,gmr/tredis,Client._on_cluster_data_moved,-0.577111789154677
1,0,13,13,6,1,0,0,1,12,12,13,1,64,10,0,35,405,278,127,15,0.6864197530864198,0.3135802469135803,0.0172839506172839,0.0296296296296296,0.1580246913580247,0.0,0.0320987654320987,0.0,0.037037037037037,8,0.0,python,useblocks/sphinxcontrib-needs,procces_filters,3.9864587734713157
1,0,1,1,0,0,0,0,1,2,2,1,1,16,2,0,2,61,40,21,9,0.6557377049180327,0.3442622950819672,0.0,0.0327868852459016,0.2622950819672131,0.0,0.0163934426229508,0.0,0.1475409836065573,1,0.0,python,dairiki/python-libtcd,Tcd.append,-2.09704823702384
1,0,0,0,0,0,0,0,1,2,2,0,0,17,1,0,6,69,52,17,6,0.7536231884057971,0.2463768115942029,0.0,0.0289855072463768,0.2463768115942029,0.0,0.0,0.0,0.0869565217391304,1,0.0,python,glue-viz/glue-vispy-viewers,EmitterGroup.connect,-1.9575097669812218
1,0,2,2,1,0,0,0,6,12,12,2,4,51,6,0,9,231,153,78,10,0.6623376623376623,0.3376623376623376,0.0043290043290043,0.0519480519480519,0.2207792207792207,0.0,0.0086580086580086,0.0,0.0432900432900432,2,0.0,python,esterhui/pypu,service_flickr._update_config,0.5279775417368926
1,0,0,0,1,2,0,0,0,2,2,0,1,16,4,0,1,63,42,21,11,0.6666666666666666,0.3333333333333333,0.0476190476190476,0.0317460317460317,0.2539682539682539,0.0,0.0,0.0,0.1746031746031746,4,0.0,python,bigchaindb/bigchaindb,Exchange.dispatch,-1.2871168496404182
2,0,1,1,1,0,0,0,2,3,3,1,0,15,3,0,2,72,46,26,11,0.6388888888888888,0.3611111111111111,0.0138888888888888,0.0416666666666666,0.2083333333333333,0.0,0.0138888888888888,0.0,0.1527777777777778,2,0.0,python,awslabs/sockeye,regular_file,-1.5368896106321295
1,0,22,22,7,7,0,0,1,27,27,22,0,145,18,0,28,624,420,204,18,0.6730769230769231,0.3269230769230769,0.0224358974358974,0.0432692307692307,0.2323717948717948,0.0,0.0352564102564102,0.0,0.0288461538461538,15,0.0,python,thespacedoctor/tastic,baseClass.sort_tasks,8.828896117627725
1,0,3,3,1,0,0,0,2,8,8,3,0,30,5,0,14,194,127,67,18,0.654639175257732,0.345360824742268,0.0051546391752577,0.0412371134020618,0.1546391752577319,0.0,0.0154639175257731,0.0,0.0927835051546391,2,0.0,python,jmgilman/Neolib,KitchenQuest.submitQuest,0.02008302252548361
1,0,4,4,3,0,0,0,1,7,7,4,6,37,6,0,7,179,119,60,11,0.664804469273743,0.3351955307262569,0.0167597765363128,0.0391061452513966,0.2067039106145251,0.0,0.0223463687150838,0.0,0.0614525139664804,4,0.0,python,dourvaris/nano-python,convert,0.37051197916435363
1,0,1,1,1,0,0,0,2,3,3,1,0,14,2,0,6,86,59,27,11,0.686046511627907,0.313953488372093,0.0116279069767441,0.0348837209302325,0.1627906976744186,0.0,0.0116279069767441,0.0,0.127906976744186,2,0.0,python,thorgate/django-esteid,ocsp_responder_certificate_path,-1.4360630812432953
1,0,1,1,0,0,0,0,1,1,1,1,0,16,1,0,2,64,45,19,7,0.703125,0.296875,0.0,0.015625,0.25,0.0,0.015625,0.0,0.109375,1,0.0,python,CZ-NIC/yangson,SchemaNode._iname2qname,-2.0605368035005007
1,0,1,1,2,0,0,0,1,9,9,1,0,33,3,0,16,190,133,57,10,0.7,0.3,0.0105263157894736,0.0473684210526315,0.1736842105263158,0.0,0.0052631578947368,0.0,0.0526315789473684,3,0.0,python,saltstack/salt,archive,-0.2586901656159303
2,0,1,1,0,0,0,0,2,2,2,1,0,33,2,0,6,125,92,33,9,0.736,0.264,0.0,0.016,0.264,0.0,0.008,0.0,0.072,1,0.0,python,Zsailer/phylopandas,_write_method,-1.202704985638213
1,0,5,5,0,2,0,0,1,11,11,5,2,48,3,0,4,184,125,59,14,0.6793478260869565,0.3206521739130434,0.0108695652173913,0.0597826086956521,0.2608695652173913,0.0,0.0271739130434782,0.0,0.0760869565217391,3,0.0,python,materialsproject/pymatgen,get_symbol_list,0.5632793929375581
1,0,0,0,0,0,0,0,1,1,1,0,0,12,1,0,2,48,34,14,8,0.7083333333333334,0.2916666666666667,0.0,0.0208333333333333,0.25,0.0,0.0,0.0,0.1666666666666666,1,0.0,python,mcs07/ChemDataExtractor,ListType.serialize,-2.458563842313544
1,0,2,2,0,0,0,0,1,5,5,2,1,18,1,0,5,94,64,30,10,0.6808510638297872,0.3191489361702128,0.0,0.0531914893617021,0.1914893617021276,0.0,0.0212765957446808,0.0,0.1063829787234042,1,0.0,python,globocom/GloboNetworkAPI-client-python,ApiEnvironment.update,-1.449224869251244
1,0,2,2,0,0,0,0,1,2,2,2,0,15,1,0,3,65,45,20,8,0.6923076923076923,0.3076923076923077,0.0,0.0307692307692307,0.2307692307692307,0.0,0.0307692307692307,0.0,0.123076923076923,1,0.0,python,fprimex/zdesk,ZendeskAPI.view_delete,-1.847447771271819
1,0,1,1,1,0,0,0,2,2,2,1,0,13,2,0,1,55,38,17,8,0.6909090909090909,0.3090909090909091,0.0181818181818181,0.0363636363636363,0.2363636363636363,0.0,0.0181818181818181,0.0,0.1454545454545454,2,0.0,python,spacetelescope/stsci.tools,Section.as_list,-1.7369217210482983
1,0,0,0,1,0,0,0,0,3,3,0,0,16,2,0,1,72,48,24,9,0.6666666666666666,0.3333333333333333,0.0138888888888888,0.0416666666666666,0.2222222222222222,0.0,0.0,0.0,0.125,2,0.0,python,note35/sinon,SinonAssertion.alwaysCalledWithMatch,-1.9243464136362
1,0,0,0,0,0,0,0,1,2,2,0,0,12,1,0,3,72,46,26,10,0.6388888888888888,0.3611111111111111,0.0,0.0277777777777777,0.1666666666666666,0.0,0.0,0.0,0.1388888888888889,1,0.0,python,Opentrons/opentrons,known_pipettes,-2.2920287771019345
1,0,1,1,0,0,0,0,1,3,3,1,0,10,1,0,9,90,62,28,8,0.6888888888888889,0.3111111111111111,0.0,0.0333333333333333,0.1111111111111111,0.0,0.0111111111111111,0.0,0.0888888888888888,1,0.0,python,python-diamond/Diamond,CephCollector.get_default_config,-1.7539010648662299
1,0,0,0,1,0,0,0,1,4,4,0,1,11,2,0,2,66,42,24,12,0.6363636363636364,0.3636363636363636,0.0151515151515151,0.0606060606060606,0.1666666666666666,0.0,0.0,0.0,0.1818181818181818,2,0.0,python,rene-aguirre/pywinusb,winapi_result,-1.9394835780187194
1,0,1,1,0,0,0,0,0,0,0,1,0,10,1,0,1,35,26,9,7,0.7428571428571429,0.2571428571428571,0.0,0.0,0.2857142857142857,0.0,0.0285714285714285,0.0,0.2,1,0.0,python,nicolargo/glances,GlancesWebList.set_server,-2.531993623799304
1,0,0,0,1,0,0,0,2,5,5,0,0,22,3,0,3,111,73,38,12,0.6576576576576577,0.3423423423423423,0.009009009009009,0.045045045045045,0.1981981981981982,0.0,0.0,0.0,0.1081081081081081,2,0.0,python,deepmind/sonnet,BatchNormLSTM.state_size,-1.3348818587210975
1,0,1,1,2,0,0,0,3,2,2,1,0,16,3,0,5,80,54,26,11,0.675,0.325,0.025,0.025,0.2,0.0,0.0125,0.0,0.1375,3,0.0,python,wuher/devil,PermissionController._has_perm,-1.1871070868911608
1,0,2,2,1,0,0,0,0,8,8,2,0,42,5,0,5,164,112,52,14,0.6829268292682927,0.3170731707317073,0.0060975609756097,0.048780487804878,0.2560975609756097,0.0,0.0121951219512195,0.0,0.0853658536585365,2,0.0,python,ARMmbed/icetea,PluginManager.start_external_service,-0.45880490551988673
1,0,0,0,0,0,0,0,0,71,71,0,0,327,1,0,3,1012,695,317,11,0.6867588932806324,0.3132411067193676,0.0,0.0701581027667984,0.3231225296442688,0.0,0.0,0.0,0.0108695652173913,1,0.0,python,evhub/coconut,Compiler.bind,6.072409507905536
1,0,0,0,1,0,0,0,0,1,1,0,0,13,6,0,4,78,48,30,15,0.6153846153846154,0.3846153846153846,0.0128205128205128,0.0128205128205128,0.1666666666666666,0.0,0.0,0.0,0.1923076923076923,2,0.0,python,RedHatInsights/insights-core,get_pool,-1.941716708169832
1,0,6,6,1,0,0,0,1,3,3,6,0,20,3,0,8,95,64,31,10,0.6736842105263158,0.3263157894736842,0.0105263157894736,0.031578947368421,0.2105263157894736,0.0,0.0631578947368421,0.0,0.1052631578947368,2,0.0,python,fananimi/pyzk,ZK.poweroff,-0.5718483761252451
1,0,0,0,0,0,0,0,1,3,3,0,0,12,1,0,5,68,46,22,11,0.6764705882352942,0.3235294117647059,0.0,0.0441176470588235,0.1764705882352941,0.0,0.0,0.0,0.1617647058823529,1,0.0,python,fabioz/PyDev.Debugger,SortImports._add_comments,-2.1775119184256386
1,0,1,1,0,0,0,0,1,8,6,1,0,29,3,0,4,139,91,48,14,0.6546762589928058,0.3453237410071942,0.0,0.0575539568345323,0.2086330935251798,0.0,0.0071942446043165,0.0,0.1007194244604316,1,0.0,python,icemac/toll,commands,-1.1318420219269247
1,0,9,9,4,1,0,0,1,9,9,9,1,50,9,0,9,228,154,74,18,0.6754385964912281,0.3245614035087719,0.0219298245614035,0.0394736842105263,0.219298245614035,0.0,0.0394736842105263,0.0,0.0789473684210526,6,0.0,python,django-leonardo/django-leonardo,Leonardo.get_app_modules,2.0855808921384362
1,0,2,2,0,1,0,0,1,1,1,2,0,13,2,0,2,54,37,17,7,0.6851851851851852,0.3148148148148148,0.0185185185185185,0.0185185185185185,0.2407407407407407,0.0,0.037037037037037,0.0,0.1296296296296296,2,0.0,python,blazelibs/blazeutils,csvtolist,-1.6109363296460053
1,0,10,10,2,1,0,0,1,11,10,10,7,61,4,0,19,285,195,90,11,0.6842105263157895,0.3157894736842105,0.0105263157894736,0.0385964912280701,0.2140350877192982,0.0,0.0350877192982456,0.0,0.0385964912280701,4,0.0,python,hollenstein/maspy,calcPeptideMass,2.0084228728994513
1,0,1,1,1,0,0,0,1,7,7,1,0,24,4,0,3,109,69,40,10,0.6330275229357798,0.3669724770642202,0.0091743119266055,0.0642201834862385,0.2201834862385321,0.0,0.0091743119266055,0.0,0.091743119266055,2,0.0,python,jefflovejapan/drench,Peer.read,-1.1612207347185703
1,0,2,2,1,1,0,0,2,5,5,2,0,23,3,0,2,89,59,30,10,0.6629213483146067,0.3370786516853932,0.0224719101123595,0.0561797752808988,0.2584269662921348,0.0,0.0224719101123595,0.0,0.1123595505617977,3,0.0,python,ambitioninc/django-query-builder,Table.remove_field,-0.8328932724303935
2,0,4,4,5,1,0,0,1,10,10,4,0,64,11,0,19,285,201,84,11,0.7052631578947368,0.2947368421052631,0.0210526315789473,0.0350877192982456,0.2245614035087719,0.0,0.0140350877192982,0.0,0.0385964912280701,7,0.0,python,pygobject/pgi,ActionGroup.add_radio_actions,1.9989063413990213
1,0,0,0,0,0,1,0,0,1,1,0,0,9,2,0,3,42,29,13,8,0.6904761904761905,0.3095238095238095,0.0238095238095238,0.0238095238095238,0.2142857142857142,0.0,0.0,0.0,0.1904761904761904,2,0.0,python,njharman/die,Roll.iter,-2.051002363289219
1,0,8,8,2,1,0,0,0,15,15,8,4,52,4,0,10,231,158,73,13,0.683982683982684,0.316017316017316,0.0129870129870129,0.0649350649350649,0.2251082251082251,0.0,0.0346320346320346,0.0,0.0562770562770562,4,0.0,python,totalgood/pugnlp,Detector.candidates,1.550217786330915
2,0,7,7,1,1,0,0,3,14,14,7,4,59,5,0,3,238,163,75,15,0.6848739495798319,0.315126050420168,0.0084033613445378,0.0588235294117647,0.2478991596638655,0.0,0.0294117647058823,0.0,0.0630252100840336,3,0.0,python,stan-dev/pystan,_pars_total_indexes,1.5750879553099375
1,0,1,1,0,0,0,0,1,5,5,1,1,15,1,0,3,80,52,28,12,0.65,0.35,0.0,0.0625,0.1875,0.0,0.0125,0.0,0.15,1,0.0,python,gmr/tinman,Model.sha1,-1.8229439881018392
1,0,5,5,2,0,0,0,0,8,8,5,1,46,4,0,3,169,112,57,9,0.6627218934911243,0.3372781065088757,0.0118343195266272,0.0473372781065088,0.272189349112426,0.0,0.029585798816568,0.0,0.0532544378698224,3,0.0,python,spyder-ide/spyder,LineNumberArea.mouseMoveEvent,0.03491418819663332
5,0,54,54,15,5,0,0,3,108,108,54,16,553,33,0,201,2775,1946,829,19,0.7012612612612613,0.2987387387387387,0.0072072072072072,0.0389189189189189,0.1992792792792792,0.0,0.0194594594594594,0.0,0.0068468468468468,21,0.0,python,openego/ding0,plot_mv_topology,29.867044764097212
1,0,0,0,1,0,0,0,5,13,10,0,0,36,5,0,1,149,99,50,12,0.6644295302013423,0.3355704697986577,0.0067114093959731,0.087248322147651,0.2416107382550335,0.0,0.0,0.0,0.0805369127516778,2,0.0,python,jaepil/twkorean,to_utf8,-0.40899861954018857
1,0,0,0,1,0,0,0,3,3,3,0,0,17,4,0,3,75,50,25,9,0.6666666666666666,0.3333333333333333,0.0133333333333333,0.04,0.2266666666666666,0.0,0.0,0.0,0.12,2,0.0,python,danilobellini/audiolazy,lpc,-1.5577617711544147
1,0,3,3,0,0,0,0,1,3,3,3,0,13,1,0,4,68,46,22,8,0.6764705882352942,0.3235294117647059,0.0,0.0441176470588235,0.1911764705882352,0.0,0.0441176470588235,0.0,0.1176470588235294,1,0.0,python,fracpete/python-weka-wrapper3,OptionHandler.to_dict,-1.6236985946755196
1,0,2,2,0,0,0,0,0,4,4,2,0,14,1,0,3,62,42,20,8,0.6774193548387096,0.3225806451612903,0.0,0.064516129032258,0.2258064516129032,0.0,0.032258064516129,0.0,0.1290322580645161,1,0.0,python,halcy/Mastodon.py,Mastodon.status_delete,-1.8584075262617286
1,0,3,3,3,0,0,0,0,2,2,3,0,21,4,0,4,94,63,31,11,0.6702127659574468,0.3297872340425531,0.0319148936170212,0.0212765957446808,0.2234042553191489,0.0,0.0319148936170212,0.0,0.1170212765957446,4,0.0,python,xtrementl/focus,SettingLexer._new_token,-0.7201534952965346
1,0,3,3,0,0,0,0,1,3,3,3,0,16,3,0,5,90,63,27,9,0.7,0.3,0.0,0.0333333333333333,0.1777777777777777,0.0,0.0333333333333333,0.0,0.1,1,0.0,python,ttinies/sc2gameLobby,getLocalIPaddress,-1.3201179931330522
1,0,0,0,1,0,0,0,0,2,2,0,0,13,3,0,4,80,51,29,10,0.6375,0.3625,0.0125,0.025,0.1625,0.0,0.0,0.0,0.125,2,0.0,python,libtcod/python-tcod,BSP.in_order,-1.9328976701337475
1,0,17,17,7,1,0,0,1,47,47,17,2,151,13,0,66,905,610,295,12,0.6740331491712708,0.3259668508287293,0.0088397790055248,0.0519337016574585,0.1668508287292817,0.0,0.0187845303867403,0.0,0.0132596685082872,9,0.0,python,geophysics-ubonn/reda,compute_K,8.64361948413326
1,0,6,6,2,0,0,0,1,10,10,6,0,53,5,0,1,181,124,57,11,0.6850828729281768,0.3149171270718232,0.011049723756906,0.0552486187845303,0.292817679558011,0.0,0.0331491712707182,0.0,0.0607734806629834,3,0.0,python,LeKono/pyhgnc,QueryManager._one_to_many_query,0.520064298854927
1,0,11,11,8,0,0,0,1,9,9,11,0,72,10,0,36,428,300,128,9,0.7009345794392523,0.2990654205607476,0.0186915887850467,0.0210280373831775,0.1682242990654205,0.0,0.0257009345794392,0.0,0.0210280373831775,9,0.0,python,Microsoft/azure-devops-python-api,TaskClient.get_attachment_content,3.6056739481788433
1,0,1,1,1,1,0,0,1,4,4,1,0,13,3,0,2,59,38,21,9,0.6440677966101694,0.3559322033898305,0.0338983050847457,0.0677966101694915,0.2203389830508474,0.0,0.0169491525423728,0.0,0.1525423728813559,3,0.0,python,hollenstein/maspy,_findUniqueMappingValues,-1.3647144145663588
1,0,1,1,2,0,0,0,0,2,2,1,0,22,3,0,16,144,102,42,11,0.7083333333333334,0.2916666666666667,0.0138888888888888,0.0138888888888888,0.1527777777777778,0.0,0.0069444444444444,0.0,0.0763888888888889,3,0.0,python,minhhoit/yacms,BaseImporterCommand.add_comment,-0.8796230852106144
1,0,3,3,0,0,0,0,0,2,2,3,0,15,1,0,4,60,43,17,8,0.7166666666666667,0.2833333333333333,0.0,0.0333333333333333,0.25,0.0,0.05,0.0,0.1333333333333333,1,0.0,python,odlgroup/odl,TheanoOperator.perform,-1.7177848224362695
1,0,1,1,0,0,0,0,1,2,2,1,0,15,1,0,8,84,60,24,9,0.7142857142857143,0.2857142857142857,0.0,0.0238095238095238,0.1785714285714285,0.0,0.0119047619047619,0.0,0.1071428571428571,1,0.0,python,LuqueDaniel/pybooru,DanbooruApi_Mixin.forum_topic_update,-1.7786055296842482
1,0,0,0,0,0,0,0,1,2,2,0,0,13,1,0,2,54,37,17,10,0.6851851851851852,0.3148148148148148,0.0,0.037037037037037,0.2407407407407407,0.0,0.0,0.0,0.1851851851851851,1,0.0,python,heikomuller/sco-datastore,DefaultImageManager.get_directory,-2.408660982262016
1,0,1,1,1,0,0,0,3,2,2,1,0,18,4,0,3,88,58,30,12,0.6590909090909091,0.3409090909090909,0.0113636363636363,0.0227272727272727,0.2045454545454545,0.0,0.0113636363636363,0.0,0.1363636363636363,2,0.0,python,saltstack/salt,show_conf,-1.3827162655241403
1,0,2,2,1,0,0,0,2,2,2,2,0,27,2,0,5,109,77,32,9,0.7064220183486238,0.2935779816513761,0.0091743119266055,0.018348623853211,0.2477064220183486,0.0,0.018348623853211,0.0,0.0825688073394495,2,0.0,python,mehmetg/streak_client,StreakClient.delete_pipeline_stage,-1.108976239487512
1,0,2,2,0,0,0,0,1,5,5,2,0,38,2,0,6,157,110,47,10,0.7006369426751592,0.2993630573248407,0.0,0.0318471337579617,0.2420382165605095,0.0,0.0127388535031847,0.0,0.0636942675159235,1,0.0,python,saltstack/salt,AsyncClientMixin.asynchronous,-0.9535383593678659
1,0,3,3,0,1,0,0,0,13,13,3,1,46,3,0,4,178,118,60,13,0.6629213483146067,0.3370786516853932,0.0056179775280898,0.0730337078651685,0.2584269662921348,0.0,0.0168539325842696,0.0,0.0730337078651685,2,0.0,python,Rockhopper-Technologies/enlighten,download,-0.06329936886713346
1,0,1,1,0,0,0,0,0,2,2,1,0,17,1,0,3,60,43,17,7,0.7166666666666667,0.2833333333333333,0.0,0.0333333333333333,0.2833333333333333,0.0,0.0166666666666666,0.0,0.1166666666666666,1,0.0,python,Iotic-Labs/py-IoticAgent,Feed.share,-2.0575497154133284
1,0,0,0,1,1,0,0,0,5,5,0,0,15,3,0,1,71,45,26,13,0.6338028169014085,0.3661971830985915,0.028169014084507,0.0704225352112676,0.2112676056338028,0.0,0.0,0.0,0.1830985915492957,3,0.0,python,spyder-ide/spyder,EditorStack.save_all,-1.5545639491982746
1,0,3,3,0,0,0,0,1,4,4,3,1,15,1,0,3,67,44,23,9,0.6567164179104478,0.3432835820895522,0.0,0.0597014925373134,0.2238805970149253,0.0,0.044776119402985,0.0,0.1343283582089552,1,0.0,python,bwhite/hadoopy,isempty,-1.605214842694807
1,0,2,2,1,1,0,0,1,3,3,2,0,19,4,0,3,89,59,30,11,0.6629213483146067,0.3370786516853932,0.0224719101123595,0.0337078651685393,0.2134831460674157,0.0,0.0224719101123595,0.0,0.1235955056179775,3,0.0,python,mjirik/io3d,_expand_dataset_packages,-0.9851842217729115
1,0,11,11,2,5,0,0,1,18,18,11,1,81,10,0,19,421,283,138,19,0.672209026128266,0.3277909738717339,0.0166270783847981,0.0427553444180522,0.1923990498812351,0.0,0.0261282660332541,0.0,0.0451306413301662,8,0.0,python,tamasgal/km3pipe,convert_runsummary_to_json,4.306821852870819
1,0,2,2,2,2,0,0,1,8,8,2,0,28,5,0,8,154,105,49,13,0.6818181818181818,0.3181818181818182,0.0259740259740259,0.0519480519480519,0.1818181818181818,0.0,0.0129870129870129,0.0,0.0844155844155844,5,0.0,python,mthornhill/django-postal,Resource.cleanup_request,0.23236598858369725
1,0,3,3,1,0,0,0,1,7,7,3,0,29,2,0,9,130,87,43,7,0.6692307692307692,0.3307692307692307,0.0076923076923076,0.0538461538461538,0.2230769230769231,0.0,0.023076923076923,0.0,0.0538461538461538,2,0.0,python,nugget/python-insteonplm,IM._get_first_all_link_record,-0.7223821226659988
1,0,2,2,0,2,0,0,0,8,8,2,2,37,3,0,8,161,108,53,13,0.6708074534161491,0.3291925465838509,0.0124223602484472,0.0496894409937888,0.2298136645962732,0.0,0.0124223602484472,0.0,0.0807453416149068,3,0.0,python,coghost/izen,TermTable._print_value,-0.2380087425144913
1,0,0,0,0,0,0,0,1,1,1,0,0,10,1,0,2,50,33,17,9,0.66,0.34,0.0,0.02,0.2,0.0,0.0,0.0,0.18,1,0.0,python,dreipol/djangocms-spa,DjangoCmsMixin.get_placeholder_field_names,-2.5808793356453754
1,0,0,0,0,0,0,0,1,1,1,0,0,13,1,0,3,53,38,15,8,0.7169811320754716,0.2830188679245283,0.0,0.0188679245283018,0.2452830188679245,0.0,0.0,0.0,0.1509433962264151,1,0.0,python,facetoe/zenpy,UserApi.group_memberships,-2.351923397259512
1,0,5,5,0,0,0,0,0,2,2,5,0,23,1,0,5,84,59,25,8,0.7023809523809523,0.2976190476190476,0.0,0.0238095238095238,0.2738095238095238,0.0,0.0595238095238095,0.0,0.0952380952380952,1,0.0,python,nateshmbhat/pyttsx3,Engine._init__,-1.2029263385176299
1,0,4,4,1,0,1,0,1,1,1,4,4,21,4,0,5,88,59,29,10,0.6704545454545454,0.3295454545454545,0.0227272727272727,0.0113636363636363,0.2386363636363636,0.0,0.0454545454545454,0.0,0.1136363636363636,3,0.0,python,Carbonara-Project/Guanciale,binary_search,-0.47332851820284266
1,0,0,0,1,1,0,0,0,4,3,0,0,19,3,0,3,89,58,31,16,0.651685393258427,0.348314606741573,0.0224719101123595,0.0449438202247191,0.2134831460674157,0.0,0.0,0.0,0.1797752808988764,3,0.0,python,pantsbuild/pants,_DependentGraph._validate,-1.4228463957072677
1,0,3,3,1,1,0,0,1,6,6,3,0,25,3,0,13,169,114,55,13,0.6745562130177515,0.3254437869822485,0.0118343195266272,0.0355029585798816,0.1479289940828402,0.0,0.0177514792899408,0.0,0.0769230769230769,3,0.0,python,saltstack/salt,_get_patches,-0.19693408000172424
1,0,6,6,8,0,0,0,2,12,12,6,1,87,11,0,15,359,248,111,14,0.6908077994428969,0.309192200557103,0.022284122562674,0.0334261838440111,0.2423398328690807,0.0,0.0167130919220055,0.0,0.0389972144846796,9,0.0,python,google/grr,Factory.Create,2.9953437169675836
1,0,3,3,0,0,0,0,1,6,6,3,0,27,1,0,5,101,69,32,7,0.6831683168316832,0.3168316831683168,0.0,0.0594059405940594,0.2673267326732673,0.0,0.0297029702970297,0.0,0.0693069306930693,1,0.0,python,AndrewAnnex/SpiceyPy,diags2,-1.1723566879233343
1,0,1,1,0,0,0,0,1,2,2,1,0,17,1,0,2,64,46,18,7,0.71875,0.28125,0.0,0.03125,0.265625,0.0,0.015625,0.0,0.109375,1,0.0,python,razorpay/razorpay-python,Client.delete,-1.9576006869065068
1,0,0,0,1,0,0,0,2,3,3,0,0,14,3,0,6,88,60,28,10,0.6818181818181818,0.3181818181818182,0.0113636363636363,0.034090909090909,0.1590909090909091,0.0,0.0,0.0,0.1136363636363636,2,0.0,python,CitrineInformatics/pif-dft,PwscfParser._is_converged,-1.5480636185569618
1,0,2,2,2,0,0,0,1,4,4,2,0,26,3,0,8,139,96,43,10,0.6906474820143885,0.3093525179856115,0.014388489208633,0.0287769784172661,0.1870503597122302,0.0,0.014388489208633,0.0,0.0719424460431654,3,0.0,python,fprimex/zdesk,ZendeskAPI.problems_autocomplete,-0.6907748705394935
1,0,3,3,1,0,0,0,1,2,2,3,0,15,3,0,3,62,42,20,8,0.6774193548387096,0.3225806451612903,0.0161290322580645,0.032258064516129,0.2419354838709677,0.0,0.0483870967741935,0.0,0.1290322580645161,2,0.0,python,helixyte/everest,get_nested_attribute,-1.3497120603627994
1,0,3,3,0,0,0,0,1,1,1,3,0,14,1,0,1,45,31,14,6,0.6888888888888889,0.3111111111111111,0.0,0.0222222222222222,0.3111111111111111,0.0,0.0666666666666666,0.0,0.1333333333333333,1,0.0,python,scott-griffiths/bitstring,ConstBitStream.peek,-1.8813274803180307
1,0,4,4,0,1,0,0,1,6,6,4,6,30,2,0,8,138,93,45,14,0.6739130434782609,0.3260869565217391,0.0072463768115942,0.0434782608695652,0.217391304347826,0.0,0.0289855072463768,0.0,0.1014492753623188,2,0.0,python,shunsukeaihara/pyssp,lpr_kurtosis,-0.30645570082858564
1,0,1,1,0,0,0,0,1,4,4,1,0,17,1,0,2,66,46,20,9,0.696969696969697,0.303030303030303,0.0,0.0606060606060606,0.2575757575757575,0.0,0.0151515151515151,0.0,0.1363636363636363,1,0.0,python,hazelcast/hazelcast-python-client,MultiMap.contains_key,-1.8948546555802788
1,0,8,8,1,3,0,0,1,11,11,8,0,47,7,0,11,223,150,73,10,0.672645739910314,0.3273542600896861,0.0179372197309417,0.0493273542600896,0.210762331838565,0.0,0.0358744394618834,0.0,0.0448430493273542,5,0.0,python,pzs741/TEDT,list_mapping,1.662440364168672
1,0,8,8,1,1,0,0,1,6,6,8,0,32,6,0,4,135,91,44,14,0.674074074074074,0.3259259259259259,0.0148148148148148,0.0444444444444444,0.237037037037037,0.0,0.0592592592592592,0.0,0.1037037037037037,3,0.0,python,codenerix/django-codenerix,objectatrib,0.526221170562713
1,0,4,4,1,0,0,0,1,8,8,4,1,29,2,0,8,129,88,41,10,0.6821705426356589,0.3178294573643411,0.0077519379844961,0.0620155038759689,0.2248062015503876,0.0,0.0310077519379844,0.0,0.0775193798449612,2,0.0,python,praekelt/django-moderator,CommentAdmin.queryset,-0.44585617456610654
1,0,14,14,8,0,0,0,2,22,22,14,7,146,14,0,13,544,370,174,16,0.6801470588235294,0.3198529411764705,0.0147058823529411,0.0404411764705882,0.2683823529411764,0.0,0.025735294117647,0.0,0.0294117647058823,9,0.0,python,DataDog/integrations-core,Server.send_message_with_response,5.705000160497558
1,0,1,1,2,0,0,0,3,1,1,1,0,14,3,0,3,62,42,20,7,0.6774193548387096,0.3225806451612903,0.032258064516129,0.0161290322580645,0.2258064516129032,0.0,0.0161290322580645,0.0,0.1129032258064516,3,0.0,python,Erotemic/utool,safe_listget,-1.327173567607065
1,0,1,1,0,0,0,0,1,1,1,1,0,16,1,0,12,95,70,25,7,0.7368421052631579,0.2631578947368421,0.0,0.0105263157894736,0.1684210526315789,0.0,0.0105263157894736,0.0,0.0736842105263157,1,0.0,python,LuqueDaniel/pybooru,DanbooruApi_Mixin.post_flag_list,-1.6673534071799507
1,0,0,0,0,0,0,0,1,5,5,0,0,20,1,0,1,81,52,29,14,0.6419753086419753,0.3580246913580246,0.0,0.0617283950617283,0.2469135802469135,0.0,0.0,0.0,0.1728395061728395,1,0.0,python,pybel/pybel,NetworkManager.has_name_version,-2.022431696841434
1,0,5,5,2,0,0,0,1,5,5,5,1,31,3,0,3,116,78,38,10,0.6724137931034483,0.3275862068965517,0.0172413793103448,0.043103448275862,0.2672413793103448,0.0,0.043103448275862,0.0,0.0862068965517241,3,0.0,python,larsmans/seqlearn,validate_lengths,-0.30094004638423094
1,0,3,3,1,0,0,0,1,4,4,3,0,14,2,0,4,70,46,24,9,0.6571428571428571,0.3428571428571428,0.0142857142857142,0.0571428571428571,0.2,0.0,0.0428571428571428,0.0,0.1285714285714285,2,0.0,python,thomasballinger/trellocardupdate,TrelloUpdater.ask_for_board_id,-1.283846073406944
1,0,12,12,0,3,0,0,0,15,15,12,5,73,4,0,18,318,219,99,10,0.6886792452830188,0.3113207547169811,0.0094339622641509,0.0471698113207547,0.2295597484276729,0.0,0.0377358490566037,0.0,0.0314465408805031,4,0.0,python,atztogo/phonopy,write_dftbp,2.638854241537386
1,0,6,6,1,0,0,0,1,8,8,6,0,45,3,0,15,218,152,66,10,0.6972477064220184,0.3027522935779816,0.0045871559633027,0.036697247706422,0.2064220183486238,0.0,0.0275229357798165,0.0,0.0458715596330275,2,0.0,python,bcbio/bcbio-nextgen,_write_config_file,0.3699414605310186
1,0,3,3,0,0,0,0,1,5,5,3,0,24,1,0,2,90,60,30,9,0.6666666666666666,0.3333333333333333,0.0,0.0555555555555555,0.2666666666666666,0.0,0.0333333333333333,0.0,0.1,1,0.0,python,illagrenan/django-upload-path,auto_cleaned_path_stripped_uuid4,-1.3624075014678891
1,0,0,0,0,0,0,0,1,1,1,0,0,15,1,0,3,54,41,13,7,0.7592592592592593,0.2407407407407407,0.0,0.0185185185185185,0.2777777777777778,0.0,0.0,0.0,0.1296296296296296,1,0.0,python,openeemeter/eeweather,ISDStation.load_tmy3_hourly_temp_data,-2.2067621626117337
1,0,3,3,3,0,0,0,1,6,6,3,0,22,4,0,7,109,70,39,11,0.6422018348623854,0.3577981651376147,0.0275229357798165,0.055045871559633,0.2018348623853211,0.0,0.0275229357798165,0.0,0.1009174311926605,4,0.0,python,wummel/linkchecker,from_text,-0.3953533259927637
2,0,12,12,4,0,0,0,3,16,16,12,0,110,9,0,11,407,282,125,13,0.6928746928746928,0.3071253071253071,0.0098280098280098,0.0393120393120393,0.2702702702702703,0.0,0.0294840294840294,0.0,0.0319410319410319,5,0.0,python,4Catalyzer/flask-resty,Api.add_resource,3.5926589407286453
1,0,8,8,1,0,0,0,0,3,3,8,1,44,3,0,3,147,101,46,10,0.6870748299319728,0.3129251700680272,0.0068027210884353,0.0204081632653061,0.2993197278911564,0.0,0.0544217687074829,0.0,0.0680272108843537,2,0.0,python,google/grr,GRRHunt.ProcessClientResourcesStats,-0.03032329591568686
1,0,6,6,4,0,0,0,5,14,14,6,2,61,9,0,20,357,237,120,15,0.6638655462184874,0.3361344537815126,0.011204481792717,0.0392156862745098,0.1708683473389355,0.0,0.0168067226890756,0.0,0.042016806722689,5,0.0,python,GoogleCloudPlatform/cloud-debug-python,PythonBreakpoint._BreakpointEvent,2.4556506003749536
1,0,6,6,0,2,0,0,1,9,9,6,0,53,7,0,2,204,136,68,14,0.6666666666666666,0.3333333333333333,0.0098039215686274,0.0441176470588235,0.2598039215686274,0.0,0.0294117647058823,0.0,0.0686274509803921,3,0.0,python,epfl-lts2/pygsp,IOMixIn.from_networkx,0.8038087602555595
1,0,30,30,1,2,0,0,0,31,31,30,3,238,4,0,47,927,655,272,11,0.7065803667745415,0.2934196332254584,0.0032362459546925,0.0334412081984897,0.2567421790722761,0.0,0.0323624595469255,0.0,0.011866235167206,4,0.0,python,apple/turicreate,StyleTransfer.export_coreml,8.805362506133125
1,0,9,9,3,1,0,0,3,6,6,9,0,47,7,0,24,305,211,94,13,0.6918032786885245,0.3081967213114754,0.0131147540983606,0.0196721311475409,0.1540983606557377,0.0,0.0295081967213114,0.0,0.0426229508196721,5,0.0,python,SuperCowPowers/workbench,VTQuery.execute,2.073200622991995
1,0,13,13,3,0,0,0,0,4,4,13,2,69,5,0,12,272,186,86,11,0.6838235294117647,0.3161764705882353,0.0110294117647058,0.0147058823529411,0.2536764705882353,0.0,0.0477941176470588,0.0,0.0404411764705882,4,0.0,python,brentp/cruzdb,Genome.create_url,1.8494726607663328
1,0,0,0,0,0,0,0,1,1,1,0,0,12,1,0,6,69,53,16,8,0.7681159420289855,0.2318840579710145,0.0,0.0144927536231884,0.1739130434782608,0.0,0.0,0.0,0.1159420289855072,1,0.0,python,cameronbwhite/Flask-CAS,create_cas_login_url,-2.0393239837476953
1,0,0,0,0,0,0,0,1,1,1,0,0,10,1,0,1,34,26,8,6,0.7647058823529411,0.2352941176470588,0.0,0.0294117647058823,0.2941176470588235,0.0,0.0,0.0,0.1764705882352941,1,0.0,python,poppy-project/pypot,simxSetFloatingParameter,-2.5031788977812313
1,0,7,7,1,2,0,0,1,10,10,7,0,52,4,0,9,206,145,61,14,0.7038834951456311,0.2961165048543689,0.0145631067961165,0.0485436893203883,0.2524271844660194,0.0,0.0339805825242718,0.0,0.0679611650485436,4,0.0,python,SiLab-Bonn/pyBAR,get_charge,1.195129563245624
1,0,0,0,1,0,0,0,0,3,3,0,0,11,2,0,4,69,45,24,10,0.6521739130434783,0.3478260869565217,0.0144927536231884,0.0434782608695652,0.1594202898550724,0.0,0.0,0.0,0.144927536231884,2,0.0,python,QualiSystems/cloudshell-networking-devices,ConfigurationRunner._validate_configuration_type,-1.983955995096524
1,0,10,10,1,2,0,0,1,7,7,10,1,40,4,0,4,154,103,51,10,0.6688311688311688,0.3311688311688311,0.0194805194805194,0.0454545454545454,0.2597402597402597,0.0,0.0649350649350649,0.0,0.0649350649350649,4,0.0,python,openmicroanalysis/pyxray,convert_formula_to_atomic_fractions,1.093707456164677
1,0,2,2,0,0,0,0,1,2,2,2,1,12,1,0,2,50,33,17,7,0.66,0.34,0.0,0.04,0.24,0.0,0.04,0.0,0.14,1,0.0,python,GoogleCloudPlatform/appengine-gcs-client,posix_to_dt_str,-2.037624677651823
1,0,1,1,0,0,0,0,1,2,2,1,0,14,1,0,2,58,39,19,9,0.6724137931034483,0.3275862068965517,0.0,0.0344827586206896,0.2413793103448276,0.0,0.0172413793103448,0.0,0.1551724137931034,1,0.0,python,philgyford/django-spectator,WorkMixin.get_work_kind,-2.172395818677854
1,0,9,9,2,2,0,0,1,19,19,9,5,100,10,0,14,434,291,143,17,0.6705069124423964,0.3294930875576037,0.0092165898617511,0.0437788018433179,0.2304147465437788,0.0,0.02073732718894,0.0,0.0391705069124423,5,0.0,python,diging/tethne,write_documents,3.5059866763136727
1,0,3,3,1,0,0,0,0,1,1,3,0,23,3,0,3,83,59,24,8,0.7108433734939759,0.2891566265060241,0.0120481927710843,0.0120481927710843,0.2771084337349397,0.0,0.036144578313253,0.0,0.0963855421686747,2,0.0,python,StanfordVL/robosuite,Keyboard.on_release,-1.2603002927874174
1,0,8,8,2,0,0,0,3,6,6,8,0,55,3,0,26,314,221,93,12,0.7038216560509554,0.2961783439490446,0.0063694267515923,0.019108280254777,0.1751592356687898,0.0,0.0254777070063694,0.0,0.0382165605095541,3,0.0,python,PlaidWeb/Publ,View._get_count_pagination,1.4268626637813924
1,0,10,10,4,0,1,0,1,10,10,10,0,60,7,0,23,314,220,94,11,0.7006369426751592,0.2993630573248407,0.0159235668789808,0.0318471337579617,0.1910828025477707,0.0,0.0318471337579617,0.0,0.0350318471337579,6,0.0,python,aiven/pghoard,PGHoard.check_backup_count_and_state,2.641299016174155
1,0,0,0,1,0,0,0,0,1,1,0,0,10,2,0,1,39,26,13,8,0.6666666666666666,0.3333333333333333,0.0256410256410256,0.0256410256410256,0.2564102564102564,0.0,0.0,0.0,0.2051282051282051,2,0.0,python,njharman/die,Roll.remove_die,-2.3989978819297417
1,0,2,2,0,2,0,0,0,2,2,2,0,23,3,0,1,81,56,25,11,0.691358024691358,0.3086419753086419,0.0246913580246913,0.0246913580246913,0.2839506172839506,0.0,0.0246913580246913,0.0,0.1358024691358024,3,0.0,python,androguard/androguard,Session.get_classes,-1.0796285501753815
1,0,3,3,0,1,0,0,0,3,3,3,0,27,2,0,3,93,65,28,9,0.6989247311827957,0.3010752688172043,0.010752688172043,0.032258064516129,0.2903225806451613,0.0,0.032258064516129,0.0,0.0967741935483871,2,0.0,python,10gen/mongo-orchestration,ReplicaSet.restart,-1.0882683520848282
1,0,1,1,1,0,0,0,0,1,1,1,0,11,2,0,3,53,36,17,9,0.6792452830188679,0.320754716981132,0.0188679245283018,0.0188679245283018,0.2075471698113207,0.0,0.0188679245283018,0.0,0.1698113207547169,2,0.0,python,onnx/onnxmltools,register_shape_calculator,-2.009716304026661
1,0,1,1,0,0,0,0,0,3,3,1,0,14,1,0,4,69,48,21,9,0.6956521739130435,0.3043478260869565,0.0,0.0434782608695652,0.2028985507246377,0.0,0.0144927536231884,0.0,0.1304347826086956,1,0.0,python,skoczen/will,RoomsPlugin.list_rooms,-2.0012058759419653
1,0,1,1,0,0,0,0,1,2,2,1,0,18,1,0,2,67,47,20,8,0.7014925373134329,0.2985074626865671,0.0,0.0298507462686567,0.2686567164179104,0.0,0.0149253731343283,0.0,0.1194029850746268,1,0.0,python,metric-learn/metric-learn,_PairsClassifierMixin.decision_function,-1.9803373088124876
1,0,0,0,0,0,0,0,0,12,12,0,0,56,1,0,26,330,234,96,10,0.7090909090909091,0.2909090909090909,0.0,0.0363636363636363,0.1696969696969697,0.0,0.0,0.0,0.0303030303030303,1,0.0,python,Autodesk/aomi,secretfile_args,-0.049996540608060615
1,0,17,17,3,1,0,0,0,16,16,17,4,114,6,0,17,440,300,140,12,0.6818181818181818,0.3181818181818182,0.009090909090909,0.0363636363636363,0.2590909090909091,0.0,0.0386363636363636,0.0,0.0272727272727272,5,0.0,python,tanghaibao/jcvi,insertionpairs,4.101061214037503
1,0,3,3,1,0,0,0,1,10,10,3,4,57,2,0,6,234,160,74,13,0.6837606837606838,0.3162393162393162,0.0042735042735042,0.0427350427350427,0.2435897435897435,0.0,0.0128205128205128,0.0,0.0555555555555555,2,0.0,python,satellogic/telluric,_stack_bands,0.13877471195053442
1,0,0,0,1,1,0,0,2,1,1,0,0,10,3,0,3,47,32,15,8,0.6808510638297872,0.3191489361702128,0.0425531914893617,0.0212765957446808,0.2127659574468085,0.0,0.0,0.0,0.1702127659574468,3,0.0,python,materialsvirtuallab/monty,WildCard.match,-1.649984285972717
1,0,0,0,0,1,0,0,0,2,2,0,0,14,2,0,2,57,39,18,8,0.6842105263157895,0.3157894736842105,0.0175438596491228,0.0350877192982456,0.2456140350877192,0.0,0.0,0.0,0.1403508771929824,2,0.0,python,bfrog/whizzer,MsgPackProtocol.data,-1.9853365630454176
1,0,3,3,1,0,0,0,1,16,16,3,0,64,2,0,13,272,190,82,11,0.6985294117647058,0.3014705882352941,0.0036764705882352,0.0588235294117647,0.2352941176470588,0.0,0.0110294117647058,0.0,0.0404411764705882,2,0.0,python,csparpa/pyowm,OWM25.weather_at_places_in_bbox,0.5689335816930091
1,0,8,8,8,3,0,0,0,26,26,8,2,99,14,0,26,506,333,173,18,0.658102766798419,0.341897233201581,0.0217391304347826,0.0513833992094861,0.1956521739130435,0.0,0.0158102766798418,0.0,0.0355731225296442,12,0.0,python,allenai/allennlp,create_serialization_dir,5.300710670246508
1,0,6,6,3,0,0,0,4,7,7,6,0,43,6,0,24,265,180,85,15,0.6792452830188679,0.320754716981132,0.0113207547169811,0.0264150943396226,0.1622641509433962,0.0,0.0226415094339622,0.0,0.0566037735849056,4,0.0,python,senseobservationsystems/commonsense-python-lib,SenseAPI.OauthAuthorizeApplication,1.3775978368183923
1,0,2,2,2,0,0,0,1,2,2,2,0,17,3,0,3,71,46,25,9,0.647887323943662,0.352112676056338,0.028169014084507,0.028169014084507,0.2394366197183098,0.0,0.028169014084507,0.0,0.1267605633802817,3,0.0,python,geertj/gruvi,Stream.close,-1.2747018938154255
1,0,5,5,2,0,0,0,2,8,8,5,0,54,3,0,6,205,138,67,10,0.6731707317073171,0.3268292682926829,0.0097560975609756,0.0390243902439024,0.2634146341463415,0.0,0.024390243902439,0.0,0.048780487804878,3,0.0,python,angr/angr,CallingConventionAnalysis._analyze_function,0.34346023565557837
1,0,0,0,0,0,0,0,1,1,1,0,1,27,1,0,2,87,62,25,9,0.7126436781609196,0.2873563218390804,0.0,0.0114942528735632,0.3103448275862069,0.0,0.0,0.0,0.1034482758620689,1,0.0,python,zalando/patroni,Retry.copy,-1.9634905638267919
1,0,4,4,0,1,0,0,1,7,7,4,0,56,2,0,2,194,137,57,8,0.7061855670103093,0.2938144329896907,0.0051546391752577,0.0360824742268041,0.2886597938144329,0.0,0.0206185567010309,0.0,0.0412371134020618,2,0.0,python,bihealth/vcfpy,QuotedStringSplitter.run,-0.14318786616799006
1,0,8,8,3,1,0,0,0,4,4,8,0,36,6,0,10,163,110,53,11,0.6748466257668712,0.3251533742331288,0.0245398773006134,0.0245398773006134,0.2208588957055214,0.0,0.0490797546012269,0.0,0.0674846625766871,5,0.0,python,dtmilano/AndroidViewClient,ViewClient.__updateNavButtons,0.8729343590091279
1,0,0,0,0,0,0,0,1,2,2,0,0,11,1,0,2,47,31,16,10,0.6595744680851063,0.3404255319148936,0.0,0.0425531914893617,0.2340425531914893,0.0,0.0,0.0,0.2127659574468085,1,0.0,python,thunder-project/thunder,Series.min,-2.5926454094246405
1,0,5,5,1,0,0,0,1,8,8,5,1,28,2,0,6,135,89,46,9,0.6592592592592592,0.3407407407407407,0.0074074074074074,0.0592592592592592,0.2074074074074074,0.0,0.037037037037037,0.0,0.0666666666666666,2,0.0,python,bokeh/bokeh,read_url,-0.36349232911054524
1,0,1,1,2,0,0,0,0,7,7,1,2,30,3,0,11,159,107,52,11,0.6729559748427673,0.3270440251572327,0.0125786163522012,0.0440251572327044,0.1886792452830188,0.0,0.0062893081761006,0.0,0.0691823899371069,3,0.0,python,inspirehep/inspire-crawler,get_job_logs,-0.6086033928928963
1,0,0,0,0,0,0,0,0,3,3,0,0,13,1,0,2,54,38,16,7,0.7037037037037037,0.2962962962962963,0.0,0.0555555555555555,0.2407407407407407,0.0,0.0,0.0,0.1296296296296296,1,0.0,python,mozilla/python-zeppelin,MarkdownConverter.convert,-2.295653648421367
1,0,17,17,26,2,0,0,16,26,26,17,0,150,40,0,40,750,489,261,15,0.652,0.348,0.0373333333333333,0.0346666666666666,0.2,0.0,0.0226666666666666,0.0,0.02,29,0.0,python,fabiocaccamo/django-maintenance-mode,need_maintenance_response,12.513870130415008
1,0,3,3,1,1,0,0,0,6,6,3,0,39,3,0,7,161,116,45,13,0.7204968944099379,0.2795031055900621,0.0124223602484472,0.0372670807453416,0.2422360248447205,0.0,0.0186335403726708,0.0,0.0807453416149068,3,0.0,python,BD2KGenomics/toil-scripts,download_shared_files,-0.19536732832179124
1,0,4,4,0,0,0,0,1,5,5,4,0,21,1,0,4,89,60,29,8,0.6741573033707865,0.3258426966292135,0.0,0.0561797752808988,0.2359550561797752,0.0,0.0449438202247191,0.0,0.0898876404494382,1,0.0,python,Jayin/ETipsService,WyuNews.get_news_content,-1.181877100502819
1,0,7,7,0,1,0,0,0,4,4,7,2,40,2,0,12,200,144,56,9,0.72,0.28,0.005,0.02,0.2,0.0,0.035,0.0,0.045,2,0.0,python,dlintott/gns3-converter,Node.add_slot_ports,0.20243169212475123
1,0,1,1,0,0,0,0,1,4,4,1,0,11,1,0,1,51,32,19,9,0.6274509803921569,0.3725490196078431,0.0,0.0784313725490196,0.2156862745098039,0.0,0.0196078431372549,0.0,0.1764705882352941,1,0.0,python,mila/pyoo,VerticalCellRange.__get_values,-2.253412471252611
1,0,0,0,0,0,0,0,1,1,1,0,0,10,1,0,1,43,29,14,10,0.6744186046511628,0.3255813953488372,0.0,0.0232558139534883,0.2325581395348837,0.0,0.0,0.0,0.2325581395348837,1,0.0,python,DAI-Lab/Copulas,Edge.sort_edge,-2.72784962800509
1,0,0,0,1,0,0,0,1,2,2,0,1,12,2,0,2,58,38,20,10,0.6551724137931034,0.3448275862068966,0.0172413793103448,0.0344827586206896,0.2068965517241379,0.0,0.0,0.0,0.1724137931034483,2,0.0,python,kodexlab/reliure,Optionable.get_option_value,-2.0654898942891955
1,0,1,1,0,0,0,0,1,3,3,1,0,21,1,0,3,76,56,20,9,0.7368421052631579,0.2631578947368421,0.0,0.0394736842105263,0.2763157894736842,0.0,0.0131578947368421,0.0,0.1184210526315789,1,0.0,python,numenta/htmresearch,_sampleRange,-1.751848291177889
1,0,0,0,0,0,0,0,1,2,2,0,0,12,1,0,1,50,35,15,8,0.7,0.3,0.0,0.04,0.24,0.0,0.0,0.0,0.16,1,0.0,python,opennode/waldur-core,CreationTimeStatsView.list,-2.391683501290761
1,0,27,27,7,2,0,0,2,51,51,27,1,237,16,0,64,1177,802,375,15,0.6813933729821581,0.318606627017842,0.0076465590484282,0.0433305012744265,0.2013593882752761,0.0,0.0229396771452846,0.0,0.0127442650807136,10,0.0,python,jtwhite79/pyemu,setup_sfr_reach_parameters,11.968131134389038
1,0,10,10,3,0,0,0,2,11,11,10,0,61,6,0,7,244,163,81,10,0.6680327868852459,0.3319672131147541,0.0122950819672131,0.0450819672131147,0.25,0.0,0.040983606557377,0.0,0.040983606557377,4,0.0,python,data61/clkhash,IntegerSpec.validate,1.68196686236904
2,0,7,7,2,0,0,0,1,21,21,7,9,67,4,0,22,346,229,117,16,0.661849710982659,0.338150289017341,0.0057803468208092,0.0606936416184971,0.1936416184971098,0.0,0.0202312138728323,0.0,0.0462427745664739,3,0.0,python,TaylorSMarks/playsound,_playsoundWin,2.346120238017955
1,0,0,0,0,0,0,0,1,3,3,0,0,12,1,0,4,67,45,22,11,0.6716417910447762,0.3283582089552239,0.0,0.044776119402985,0.1791044776119403,0.0,0.0,0.0,0.1641791044776119,1,0.0,python,clusterpoint/python-client-api,Response.get_content_string,-2.2108839638417535
1,0,0,0,0,0,0,0,0,2,2,0,0,17,1,0,4,72,52,20,9,0.7222222222222222,0.2777777777777778,0.0,0.0277777777777777,0.2361111111111111,0.0,0.0,0.0,0.125,1,0.0,python,line/line-bot-sdk-python,LineBotApi.set_rich_menu_image,-2.1323005344830532
1,0,5,5,2,0,1,0,2,15,15,5,1,48,7,0,16,251,162,89,15,0.6454183266932271,0.3545816733067729,0.0119521912350597,0.0597609561752988,0.1912350597609561,0.0,0.0199203187250996,0.0,0.0597609561752988,4,0.0,python,cons3rt/pycons3rt,is_aws,1.6037841280219582
1,0,3,3,0,0,0,0,0,4,4,3,0,17,1,0,1,67,43,24,7,0.6417910447761194,0.3582089552238806,0.0,0.0597014925373134,0.2537313432835821,0.0,0.044776119402985,0.0,0.1044776119402985,1,0.0,python,bitesofcode/projexui,XTimerLabel.reset,-1.7175867344224935
1,0,11,11,0,0,0,0,0,44,44,11,11,127,3,0,33,595,402,193,11,0.6756302521008404,0.3243697478991597,0.0,0.0739495798319327,0.2134453781512605,0.0,0.0184873949579831,0.0,0.0184873949579831,1,0.0,python,creare-com/pydem,DEMProcessor._plot_debug_slopes_directions,4.551595211632589
1,0,2,2,0,2,0,0,0,7,7,2,0,31,5,0,3,129,87,42,14,0.6744186046511628,0.3255813953488372,0.0155038759689922,0.0542635658914728,0.2403100775193798,0.0,0.0155038759689922,0.0,0.1085271317829457,3,0.0,python,Yelp/kafka-utils,PartitionCountBalancer.decommission_brokers,-0.4331475221407931
1,0,0,0,0,0,0,0,0,3,3,0,0,14,1,0,1,52,35,17,11,0.6730769230769231,0.3269230769230769,0.0,0.0576923076923076,0.2692307692307692,0.0,0.0,0.0,0.2115384615384615,1,0.0,python,peepall/FancyLogger,FancyLogger.info,-2.5078858163359996
1,0,0,0,1,0,0,0,1,1,1,0,3,14,2,0,7,72,50,22,9,0.6944444444444444,0.3055555555555556,0.0138888888888888,0.0138888888888888,0.1944444444444444,0.0,0.0,0.0,0.125,2,0.0,python,adafruit/Adafruit_Python_LED_Backpack,Matrix8x16.set_pixel,-1.7896988955556887
1,0,1,1,1,0,0,0,2,3,3,1,0,12,2,0,6,68,45,23,8,0.6617647058823529,0.3382352941176471,0.0147058823529411,0.0441176470588235,0.1764705882352941,0.0,0.0147058823529411,0.0,0.1176470588235294,2,0.0,python,ejeschke/ginga,GingaShell.prev_img,-1.5951002598468071
2,0,0,0,0,0,0,0,2,2,2,0,1,20,2,0,3,88,61,27,14,0.6931818181818182,0.3068181818181818,0.0,0.0227272727272727,0.2272727272727272,0.0,0.0,0.0,0.1590909090909091,1,0.0,python,nickoala/telepot,include_callback_query_chat_id,-1.7559777353595627
1,0,1,1,1,0,0,0,2,4,4,1,0,22,2,0,7,109,75,34,10,0.6880733944954128,0.3119266055045872,0.0091743119266055,0.036697247706422,0.2018348623853211,0.0,0.0091743119266055,0.0,0.091743119266055,2,0.0,python,ejeschke/ginga,ImageViewBase.getwin_buffer,-1.194185562742097
1,0,7,7,1,0,0,0,3,8,7,7,1,56,6,0,11,254,176,78,13,0.6929133858267716,0.3070866141732283,0.0039370078740157,0.0314960629921259,0.2204724409448819,0.0,0.0275590551181102,0.0,0.0511811023622047,2,0.0,python,openstack/horizon,UpdateProject._update_project,1.001328401926907
1,0,9,9,11,0,0,0,1,27,27,9,0,79,13,0,46,549,374,175,11,0.6812386156648452,0.3187613843351548,0.0200364298724954,0.0491803278688524,0.1438979963570127,0.0,0.0163934426229508,0.0,0.0200364298724954,12,0.0,python,saltstack/salt,import_,5.313109223912395
1,0,0,0,0,0,0,0,0,1,1,0,0,12,1,0,4,50,38,12,7,0.76,0.24,0.0,0.02,0.24,0.0,0.0,0.0,0.14,1,0.0,python,quora/qcore,assert_in,-2.332359308453537
1,0,0,0,0,0,0,0,0,6,6,0,0,22,4,0,4,105,68,37,13,0.6476190476190476,0.3523809523809524,0.0,0.0571428571428571,0.2095238095238095,0.0,0.0,0.0,0.1238095238095238,1,0.0,python,eyurtsev/FlowCytometryTools,save,-1.6428419644112875
1,0,4,4,0,0,0,0,0,2,2,4,0,22,1,0,4,87,59,28,7,0.6781609195402298,0.3218390804597701,0.0,0.0229885057471264,0.2528735632183908,0.0,0.0459770114942528,0.0,0.0804597701149425,1,0.0,python,nitmir/django-cas-server,LogoutView.init_get,-1.4220115340505803
1,0,9,9,2,1,0,0,1,17,17,9,6,74,5,0,13,320,217,103,16,0.678125,0.321875,0.009375,0.053125,0.23125,0.0,0.028125,0.0,0.05,4,0.0,python,NuGrid/NuGridPy,se.get_elemental_abunds,2.4406903511132967
1,0,6,6,3,0,0,0,1,5,5,6,0,38,4,0,18,221,155,66,9,0.7013574660633484,0.2986425339366516,0.0135746606334841,0.0226244343891402,0.171945701357466,0.0,0.0271493212669683,0.0,0.0407239819004524,4,0.0,python,Microsoft/azure-devops-python-api,IdentityClient.read_member,0.6222545344673593
1,0,2,2,0,0,0,0,1,3,3,2,0,55,1,0,11,219,160,59,9,0.730593607305936,0.2694063926940639,0.0,0.0136986301369863,0.2511415525114155,0.0,0.0091324200913242,0.0,0.0410958904109589,1,0.0,python,twilio/twilio-python,CountryList.page,-0.6722587401128591
1,0,5,5,3,0,0,0,0,15,15,5,0,45,4,0,7,199,131,68,15,0.6582914572864321,0.3417085427135678,0.0150753768844221,0.0753768844221105,0.2261306532663316,0.0,0.0251256281407035,0.0,0.0753768844221105,4,0.0,python,PyCQA/pydocstyle,ConventionChecker.check_no_blank_before,0.8013369561646598
3,0,23,23,8,4,0,0,4,19,19,23,2,157,19,0,6,545,364,181,14,0.6678899082568808,0.3321100917431193,0.0220183486238532,0.0348623853211009,0.2880733944954128,0.0,0.0422018348623853,0.0,0.0256880733944954,13,0.0,python,angr/pyvex,IRSB.extend,8.047176546884385
3,0,21,21,7,2,0,0,5,22,22,21,9,163,20,0,31,719,496,223,14,0.6898470097357441,0.3101529902642559,0.0125173852573018,0.0305980528511821,0.2267037552155772,0.0,0.0292072322670375,0.0,0.019471488178025,10,0.0,python,yueyoum/social-oauth,Router.add,8.428456354472676
1,0,12,12,0,0,0,0,1,12,12,12,0,50,1,0,12,219,150,69,7,0.684931506849315,0.3150684931506849,0.0,0.0547945205479452,0.228310502283105,0.0,0.0547945205479452,0.0,0.0319634703196347,1,0.0,python,brocade/pynos,brocade_interface_ext.get_interface_detail_output_interface_wavelength,1.0510146219485261
1,0,1,1,2,0,0,0,0,5,5,1,0,21,4,0,5,105,69,36,12,0.6571428571428571,0.3428571428571428,0.019047619047619,0.0476190476190476,0.2,0.0,0.0095238095238095,0.0,0.1142857142857142,3,0.0,python,lemieuxl/pyplink,PyPlink.seek,-1.0691337374175043
2,0,3,3,0,0,0,0,1,2,2,3,0,24,2,0,4,108,76,32,8,0.7037037037037037,0.2962962962962963,0.0,0.0185185185185185,0.2222222222222222,0.0,0.0277777777777777,0.0,0.074074074074074,1,0.0,python,DeepHorizons/iarm,UnconditionalBranch.BL,-1.1986669352638093
1,0,0,0,0,0,0,0,0,1,1,0,0,9,1,0,2,35,25,10,6,0.7142857142857143,0.2857142857142857,0.0,0.0285714285714285,0.2571428571428571,0.0,0.0,0.0,0.1714285714285714,1,0.0,python,benhoff/pluginmanager,PluginInterface.add_plugin_directories,-2.665245565702829
1,0,3,3,0,2,0,0,1,6,6,3,0,27,3,0,8,130,94,36,15,0.7230769230769231,0.2769230769230769,0.0153846153846153,0.0461538461538461,0.2076923076923077,0.0,0.023076923076923,0.0,0.1153846153846153,3,0.0,python,honzamach/pydgets,TableWidget.table_measure,-0.2003541712910081
1,0,10,10,2,1,0,0,0,11,11,10,0,48,6,0,12,232,154,78,11,0.6637931034482759,0.3362068965517241,0.0129310344827586,0.0474137931034482,0.2068965517241379,0.0,0.043103448275862,0.0,0.0474137931034482,4,0.0,python,tanghaibao/jcvi,genestatus,1.5666953853016867
1,0,0,0,1,1,0,0,0,4,4,0,0,16,3,0,3,77,51,26,11,0.6623376623376623,0.3376623376623376,0.0259740259740259,0.0519480519480519,0.2077922077922078,0.0,0.0,0.0,0.1428571428571428,3,0.0,python,chaosmail/python-fs,list,-1.463983005977231
1,0,3,3,0,0,0,0,0,1,1,3,0,15,1,0,3,62,43,19,9,0.6935483870967742,0.3064516129032258,0.0,0.0161290322580645,0.2419354838709677,0.0,0.0483870967741935,0.0,0.1451612903225806,1,0.0,python,m32/endesive,Template.load_elements,-1.8461387322057752
1,0,4,4,2,0,0,0,0,6,6,4,0,41,5,0,4,150,101,49,9,0.6733333333333333,0.3266666666666666,0.0133333333333333,0.04,0.2733333333333333,0.0,0.0266666666666666,0.0,0.06,3,0.0,python,PmagPy/PmagPy,MagMainFrame.set_dm,-0.2401663713865049
1,0,1,1,0,0,0,0,1,3,3,1,0,30,1,0,7,117,85,32,10,0.7264957264957265,0.2735042735042735,0.0,0.0256410256410256,0.2564102564102564,0.0,0.0085470085470085,0.0,0.0854700854700854,1,0.0,python,modin-project/modin,BasePandasDataset.rank,-1.4213305680122652
1,0,2,2,2,1,0,0,0,8,8,2,0,32,6,0,6,155,104,51,13,0.6709677419354839,0.3290322580645161,0.0193548387096774,0.0516129032258064,0.2064516129032258,0.0,0.0129032258064516,0.0,0.0838709677419354,4,0.0,python,satori-ng/hooker,EventList.append,-0.07560268905789856
1,0,0,0,0,0,0,0,0,4,4,0,0,31,1,0,1,98,69,29,6,0.7040816326530612,0.2959183673469387,0.0,0.0408163265306122,0.3163265306122449,0.0,0.0,0.0,0.0612244897959183,1,0.0,python,iotile/coretools,AWSIOTDeviceAdapter._bind_topics,-1.8333929319205462
1,0,4,4,3,2,0,0,1,5,5,4,11,45,6,0,18,216,148,68,15,0.6851851851851852,0.3148148148148148,0.0231481481481481,0.0231481481481481,0.2083333333333333,0.0,0.0185185185185185,0.0,0.0694444444444444,6,0.0,python,flowersteam/explauto,CMADataLogger.downsampling,1.2885779505088866
1,0,4,4,1,0,0,0,1,10,10,4,0,46,4,0,11,198,134,64,10,0.6767676767676768,0.3232323232323232,0.005050505050505,0.0505050505050505,0.2323232323232323,0.0,0.0202020202020202,0.0,0.0505050505050505,2,0.0,python,apple/turicreate,plot_tree,0.08333442662674793
1,0,2,2,1,1,0,0,2,4,4,2,0,17,3,0,4,82,54,28,13,0.6585365853658537,0.3414634146341463,0.024390243902439,0.048780487804878,0.2073170731707317,0.0,0.024390243902439,0.0,0.1585365853658536,3,0.0,python,janpipek/physt,is_bin_subset,-0.95192388552735
1,0,1,1,0,0,0,0,1,5,5,1,0,12,3,0,4,72,46,26,9,0.6388888888888888,0.3611111111111111,0.0,0.0694444444444444,0.1666666666666666,0.0,0.0138888888888888,0.0,0.125,1,0.0,python,shawnsilva/steamwebapi,_SteamWebAPI.retrieve_request,-1.8226442126238094
1,0,0,0,1,0,0,0,0,1,1,0,0,12,2,0,2,52,36,16,9,0.6923076923076923,0.3076923076923077,0.0192307692307692,0.0192307692307692,0.2307692307692307,0.0,0.0,0.0,0.173076923076923,2,0.0,python,tcalmant/ipopo,ServiceRegistrationHandler.on_property_change,-2.1840651373403763
1,0,2,2,1,0,0,0,1,1,1,2,0,11,2,0,6,67,46,21,8,0.6865671641791045,0.3134328358208955,0.0149253731343283,0.0149253731343283,0.1641791044776119,0.0,0.0298507462686567,0.0,0.1194029850746268,2,0.0,python,sammchardy/python-kucoin,Client.cancel_all_orders,-1.575002244314333
1,0,4,4,1,0,0,0,1,2,2,4,0,30,3,0,5,111,83,28,8,0.7477477477477478,0.2522522522522522,0.009009009009009,0.018018018018018,0.2702702702702703,0.0,0.036036036036036,0.0,0.072072072072072,2,0.0,python,vallis/libstempo,solve_coupled_ecc_solution,-0.715321820266841
1,0,3,3,3,1,0,0,0,7,7,3,0,46,8,0,6,208,141,67,15,0.6778846153846154,0.3221153846153846,0.0192307692307692,0.0336538461538461,0.2211538461538461,0.0,0.0144230769230769,0.0,0.0721153846153846,5,0.0,python,openego/ding0,assign_bus_results,0.6160880440705548
1,0,3,3,3,0,0,0,3,7,7,3,0,32,8,0,6,155,99,56,15,0.6387096774193548,0.3612903225806451,0.0193548387096774,0.0451612903225806,0.2064516129032258,0.0,0.0193548387096774,0.0,0.0967741935483871,4,0.0,python,pydata/xarray,_contains_cftime_datetimes,0.24318112514120171
1,0,0,0,0,0,0,0,1,3,2,0,0,14,1,0,2,62,41,21,10,0.6612903225806451,0.3387096774193548,0.0,0.0483870967741935,0.2258064516129032,0.0,0.0,0.0,0.1612903225806451,1,0.0,python,secdev/scapy,LargeTlvBuilder.get_data,-2.308277021694491
3,3,0,0,4,0,0,0,0,6,6,2,4,27,8,5,4,170,112,58,17,0.6588235294117647,0.3411764705882353,0.0235294117647058,0.0352941176470588,0.1588235294117647,0.0294117647058823,0.0,0.0294117647058823,0.1,5,1.0,javascript,Spiffyk/twitch-node-sdk,getStatus,0.40222981008863007
1,1,2,2,3,0,0,0,1,7,7,2,3,41,6,7,6,220,148,72,15,0.6727272727272727,0.3272727272727272,0.0136363636363636,0.0318181818181818,0.1863636363636363,0.0318181818181818,0.009090909090909,0.0318181818181818,0.0681818181818181,4,1.0,javascript,Tamersoul/magic-wand-js,,0.48634461541232715
1,1,1,1,2,0,0,0,1,0,0,6,2,24,4,6,12,176,119,57,12,0.6761363636363636,0.3238636363636363,0.0113636363636363,0.0,0.1363636363636363,0.034090909090909,0.0056818181818181,0.034090909090909,0.0681818181818181,3,1.0,javascript,Accela-Inc/accela-rest-nodejs,setAuthType,-0.3755428390031659
1,1,1,1,0,0,0,0,1,3,3,0,4,28,1,1,4,128,89,39,13,0.6953125,0.3046875,0.0,0.0234375,0.21875,0.0078125,0.0078125,0.0078125,0.1015625,1,1.0,javascript,rowanmanning/thingme,createWebservice,-1.326895429559229
1,1,3,3,2,0,0,0,1,5,5,2,1,46,4,5,1,219,150,69,13,0.684931506849315,0.3150684931506849,0.0091324200913242,0.0228310502283105,0.2100456621004566,0.0228310502283105,0.0136986301369863,0.0228310502283105,0.0593607305936073,3,1.0,javascript,ariatemplates/ariatemplates,,0.06527974420965388
1,1,1,1,2,0,0,0,3,5,5,2,1,23,7,3,2,120,78,42,12,0.65,0.35,0.0166666666666666,0.0416666666666666,0.1916666666666666,0.025,0.0083333333333333,0.025,0.1,3,1.0,javascript,cp2017/sign,,-0.4888042006249317
1,1,0,0,1,0,0,0,2,0,0,0,2,11,2,0,2,56,38,18,10,0.6785714285714286,0.3214285714285714,0.0178571428571428,0.0,0.1964285714285714,0.0,0.0,0.0,0.1785714285714285,2,1.0,javascript,eclipse/orion.client,run,-2.0306293864831573
1,1,1,1,3,0,0,0,1,4,4,2,12,38,4,2,8,206,142,64,16,0.6893203883495146,0.3106796116504854,0.0145631067961165,0.0194174757281553,0.1844660194174757,0.0097087378640776,0.0048543689320388,0.0097087378640776,0.0776699029126213,4,1.0,javascript,nodeGame/nodegame-server,strGetter,0.21633998252892464
1,1,4,4,6,0,0,0,0,3,3,9,14,68,9,11,8,311,207,104,21,0.6655948553054662,0.3344051446945337,0.0192926045016077,0.0096463022508038,0.2186495176848874,0.0353697749196141,0.0128617363344051,0.0353697749196141,0.067524115755627,7,1.0,javascript,neyric/webhookit,,2.3277524324014847
1,1,5,5,4,0,0,0,0,14,14,0,6,61,5,7,10,323,215,108,19,0.6656346749226006,0.3343653250773993,0.0123839009287925,0.0433436532507739,0.1888544891640866,0.0216718266253869,0.0154798761609907,0.0216718266253869,0.0588235294117647,5,1.0,javascript,alonbardavid/coffee-script-mapped,handleUncaughtExceptions,1.7498828455598097
1,1,6,6,0,0,0,0,1,7,7,0,55,43,1,0,39,356,237,119,17,0.6657303370786517,0.3342696629213483,0.0,0.0196629213483146,0.1207865168539325,0.0,0.0168539325842696,0.0,0.047752808988764,1,1.0,javascript,hebcal/hebcal-js,hebElapsedDays,1.8617878036867361
1,2,1,1,2,0,0,0,3,7,7,1,3,37,5,1,2,157,106,51,17,0.6751592356687898,0.3248407643312102,0.0127388535031847,0.0445859872611464,0.2356687898089172,0.0063694267515923,0.0063694267515923,0.0063694267515923,0.10828025477707,3,2.0,javascript,ssbc/patchwork,onlyFollowing,-0.11598231196920361
1,1,5,5,4,1,0,0,0,6,6,4,4,55,4,5,11,288,197,91,14,0.6840277777777778,0.3159722222222222,0.0173611111111111,0.0208333333333333,0.1909722222222222,0.0173611111111111,0.0173611111111111,0.0173611111111111,0.0486111111111111,6,1.0,javascript,brynbellomy/otis,switchTab,1.3898064813566076
1,1,7,7,3,0,0,0,2,9,9,7,2,65,5,9,5,305,211,94,13,0.6918032786885245,0.3081967213114754,0.0098360655737704,0.0295081967213114,0.2131147540983606,0.0295081967213114,0.0229508196721311,0.0295081967213114,0.0426229508196721,4,1.0,javascript,5long/roil,,1.720521874417059
5,5,5,5,3,0,0,0,0,10,10,8,0,55,13,15,4,332,222,110,17,0.6686746987951807,0.3313253012048193,0.0090361445783132,0.0301204819277108,0.1656626506024096,0.0451807228915662,0.0150602409638554,0.0451807228915662,0.0512048192771084,4,1.0,javascript,sociomantic-tsunami/nessie-ui,,2.5605713470908054
1,1,0,0,0,0,0,0,0,3,3,4,0,19,1,5,0,86,58,28,10,0.6744186046511628,0.3255813953488372,0.0,0.0348837209302325,0.2209302325581395,0.0581395348837209,0.0,0.0581395348837209,0.1162790697674418,1,1.0,javascript,keleko34/czosnek,attachExtensions,-1.757504835138682
1,1,6,6,4,2,0,0,0,0,0,9,4,50,7,7,3,218,149,69,16,0.6834862385321101,0.3165137614678899,0.0275229357798165,0.0,0.2293577981651376,0.0321100917431192,0.0275229357798165,0.0321100917431192,0.073394495412844,7,1.0,javascript,neyric/webhookit,,1.5628170036337226
1,1,0,0,2,0,0,0,2,1,1,1,2,8,3,1,4,68,45,23,7,0.6617647058823529,0.3382352941176471,0.0294117647058823,0.0147058823529411,0.1176470588235294,0.0147058823529411,0.0,0.0147058823529411,0.1029411764705882,3,1.0,javascript,rhdeck/yarnif,useYarn,-1.4507217226522306
1,1,1,1,3,0,0,0,0,5,5,0,4,22,6,4,4,145,97,48,12,0.6689655172413793,0.3310344827586207,0.0206896551724137,0.0344827586206896,0.1517241379310344,0.0275862068965517,0.0068965517241379,0.0275862068965517,0.0827586206896551,4,1.0,javascript,melonjs/melonJS,soundLoadError,-0.38945275338757157
1,1,0,0,5,0,0,0,3,2,2,0,5,10,6,1,7,118,77,41,13,0.652542372881356,0.3474576271186441,0.0423728813559322,0.0169491525423728,0.0847457627118644,0.0084745762711864,0.0,0.0084745762711864,0.1101694915254237,6,1.0,javascript,ten1seven/jRespond,,-0.22505735890575027
3,3,7,7,2,0,0,0,0,8,8,13,11,81,7,18,18,464,318,146,22,0.6853448275862069,0.3146551724137931,0.0043103448275862,0.0172413793103448,0.1745689655172413,0.0387931034482758,0.0150862068965517,0.0387931034482758,0.0474137931034482,3,1.0,javascript,saltfactory/passport-tistory,TistoryStrategy,3.3772616173854413
1,1,0,0,5,0,0,0,2,4,4,6,4,35,7,6,2,247,164,83,13,0.6639676113360324,0.3360323886639676,0.020242914979757,0.0161943319838056,0.1417004048582996,0.0242914979757085,0.0,0.0242914979757085,0.0526315789473684,6,1.0,javascript,AppGeo/cartodb,toSQL,0.7183787447134043
5,5,5,5,6,0,0,0,2,40,40,0,1,101,15,28,27,660,431,229,19,0.6530303030303031,0.346969696969697,0.009090909090909,0.0606060606060606,0.153030303030303,0.0424242424242424,0.0075757575757575,0.0424242424242424,0.0287878787878787,7,1.0,javascript,apache/incubator-echarts,run,6.264178700405411
1,1,6,6,0,0,0,0,1,2,2,4,12,37,1,5,12,221,151,70,10,0.6832579185520362,0.3167420814479638,0.0,0.0090497737556561,0.167420814479638,0.0226244343891402,0.0271493212669683,0.0226244343891402,0.0452488687782805,1,1.0,javascript,freiksenet/react-kinetic,,0.03632078349513902
2,2,1,1,0,0,0,0,2,3,3,0,0,17,2,3,3,91,63,28,10,0.6923076923076923,0.3076923076923077,0.0,0.0329670329670329,0.1868131868131868,0.0329670329670329,0.0109890109890109,0.0329670329670329,0.1098901098901098,1,1.0,javascript,stampit-org/stamp,,-1.4301514842862175
6,6,4,4,7,0,0,0,3,11,11,7,9,80,15,14,4,427,288,139,17,0.6744730679156908,0.3255269320843091,0.0163934426229508,0.0257611241217798,0.1873536299765808,0.0327868852459016,0.009367681498829,0.0327868852459016,0.0398126463700234,8,1.0,javascript,baidu/san,loadModule,4.190487406377423
2,2,0,0,0,0,0,0,0,4,4,3,0,11,2,5,4,92,60,32,11,0.6521739130434783,0.3478260869565217,0.0,0.0434782608695652,0.1195652173913043,0.0543478260869565,0.0,0.0543478260869565,0.1195652173913043,1,1.0,javascript,mage/mage,Store,-1.5678248948115898
1,1,1,1,4,0,0,0,0,1,1,12,9,43,6,11,4,235,158,77,15,0.6723404255319149,0.3276595744680851,0.0170212765957446,0.0042553191489361,0.1829787234042553,0.0468085106382978,0.0042553191489361,0.0468085106382978,0.0638297872340425,5,1.0,javascript,reelyactive/advlib,Identifier,0.8682045198633207
1,1,1,1,0,0,0,0,1,2,2,5,6,32,1,5,6,129,88,41,11,0.6821705426356589,0.3178294573643411,0.0,0.0155038759689922,0.2480620155038759,0.0387596899224806,0.0077519379844961,0.0387596899224806,0.0852713178294573,1,1.0,javascript,InsideInc/node-pinterest-api,buildResponse,-1.031091562033273
1,1,14,14,6,3,0,0,1,10,10,13,18,111,10,15,18,555,379,176,15,0.6828828828828829,0.3171171171171171,0.0162162162162162,0.018018018018018,0.2,0.027027027027027,0.0252252252252252,0.027027027027027,0.027027027027027,10,1.0,javascript,adamlofting/geckoboard-json,lineChart,5.686428342773898
1,1,2,2,0,0,0,0,1,8,8,2,0,26,1,2,1,123,84,39,13,0.6829268292682927,0.3170731707317073,0.0,0.065040650406504,0.2113821138211382,0.016260162601626,0.016260162601626,0.016260162601626,0.1056910569105691,1,1.0,javascript,firefox-devtools/debugger,wrapExpressionFromAst,-1.022427354818017
1,1,4,4,2,0,0,0,0,7,7,0,1,34,3,4,3,197,135,62,12,0.6852791878172588,0.3147208121827411,0.0101522842639593,0.0355329949238578,0.1725888324873096,0.0203045685279187,0.0203045685279187,0.0203045685279187,0.0609137055837563,3,1.0,javascript,julianburr/sketchtool-cli,runPluginWithIdentifier,-0.10208778343959465
2,2,2,2,1,0,0,0,1,2,2,0,5,24,3,1,1,117,77,40,14,0.6581196581196581,0.3418803418803419,0.0085470085470085,0.017094017094017,0.2051282051282051,0.0085470085470085,0.017094017094017,0.0085470085470085,0.1196581196581196,2,1.0,javascript,mu29/react-radio-buttons,componentWillReceiveProps,-0.9942221091754696
8,8,2,2,4,0,1,1,11,19,19,12,2,103,13,13,18,553,372,181,36,0.6726943942133815,0.3273056057866184,0.0090415913200723,0.0343580470162748,0.18625678119349,0.023508137432188,0.0036166365280289,0.023508137432188,0.0650994575045208,6,1.0,javascript,pubkey/broadcast-channel,_handleMessagePing,6.6040591112657125
1,1,2,2,1,0,0,0,1,4,4,1,1,17,2,1,4,115,81,34,9,0.7043478260869566,0.2956521739130435,0.008695652173913,0.0347826086956521,0.1478260869565217,0.008695652173913,0.017391304347826,0.008695652173913,0.0782608695652174,2,1.0,javascript,jmjuanes/electron-ejs,ParsePath,-1.069571988420304
1,1,4,4,1,1,0,0,2,4,4,1,4,26,2,1,7,124,87,37,10,0.7016129032258065,0.2983870967741935,0.0161290322580645,0.032258064516129,0.2096774193548387,0.0080645161290322,0.032258064516129,0.0080645161290322,0.0806451612903225,3,1.0,javascript,chirashijs/chirashi,getStyleProp,-0.30321369090307054
1,1,4,4,2,0,0,0,1,11,11,3,5,45,5,3,14,280,189,91,14,0.675,0.325,0.0071428571428571,0.0392857142857142,0.1607142857142857,0.0107142857142857,0.0142857142857142,0.0107142857142857,0.05,3,1.0,javascript,Biyaheroes/bh-mj-issue,documentParser,0.9353173211119443
1,3,0,0,1,0,0,0,1,4,4,0,0,13,5,4,0,82,53,29,20,0.6463414634146342,0.3536585365853658,0.0121951219512195,0.048780487804878,0.1585365853658536,0.048780487804878,0.0,0.048780487804878,0.2439024390243902,2,3.0,javascript,dbowring/elm-forest,,-1.4477711081262274
1,1,0,0,1,0,0,0,0,2,2,1,1,11,2,3,1,60,39,21,8,0.65,0.35,0.0166666666666666,0.0333333333333333,0.1833333333333333,0.05,0.0,0.05,0.1333333333333333,2,1.0,javascript,ArnaudBuchholz/gpf-js,_onScroll,-1.9329641343253605
1,1,1,1,2,0,0,0,1,7,7,1,2,28,3,1,6,140,98,42,10,0.7,0.3,0.0142857142857142,0.05,0.2,0.0071428571428571,0.0071428571428571,0.0071428571428571,0.0714285714285714,3,1.0,javascript,gallactic/gallactickeys,verifyAndDecrypt,-0.5604105666312308
1,1,2,2,5,0,0,0,5,4,4,1,9,46,9,2,9,267,185,82,15,0.6928838951310862,0.3071161048689138,0.0187265917602996,0.0149812734082397,0.1722846441947565,0.0074906367041198,0.0074906367041198,0.0074906367041198,0.0561797752808988,6,1.0,javascript,canjs/can-view-scope,,1.352302314142312
2,2,2,2,2,0,0,0,0,5,5,1,11,35,4,5,13,217,146,71,18,0.6728110599078341,0.3271889400921659,0.0092165898617511,0.0230414746543778,0.1612903225806451,0.0230414746543778,0.0092165898617511,0.0230414746543778,0.0829493087557603,3,1.0,javascript,claudio-silva/grunt-angular-builder,warnAboutGlobalCode,0.3508262161969449
1,1,0,0,2,0,0,0,2,1,1,1,0,14,3,1,0,70,49,21,10,0.7,0.3,0.0285714285714285,0.0142857142857142,0.2,0.0142857142857142,0.0,0.0142857142857142,0.1428571428571428,3,1.0,javascript,jonschlinkert/normalize-config,copyNonfiles,-1.4444348285871849
1,1,2,2,1,0,0,0,0,0,0,2,0,13,2,4,0,71,47,24,10,0.6619718309859155,0.3380281690140845,0.0140845070422535,0.0,0.1830985915492957,0.056338028169014,0.028169014084507,0.056338028169014,0.1408450704225352,2,1.0,javascript,pissang/claygl,,-1.6600621631479409
1,1,3,3,0,0,0,0,1,1,1,0,5,14,1,0,4,69,49,20,10,0.7101449275362319,0.2898550724637681,0.0,0.0144927536231884,0.2028985507246377,0.0,0.0434782608695652,0.0,0.144927536231884,1,1.0,javascript,openaps/oref0,calculate_expected_delta,-1.6559072592190216
1,1,0,0,0,0,0,0,0,8,8,3,0,20,1,4,5,133,87,46,13,0.6541353383458647,0.3458646616541353,0.0,0.0601503759398496,0.150375939849624,0.0300751879699248,0.0,0.0300751879699248,0.0977443609022556,1,1.0,javascript,chapmanu/hb,,-1.2247826630737835
1,1,1,1,2,0,0,0,0,2,2,2,4,20,3,4,6,98,66,32,8,0.673469387755102,0.3265306122448979,0.0204081632653061,0.0204081632653061,0.2040816326530612,0.0408163265306122,0.010204081632653,0.0408163265306122,0.0816326530612244,3,1.0,javascript,kentcdodds/genie,_repositionWishIdInEnteredMagicWordsArray,-1.0144714546663125
1,1,1,1,1,0,0,0,0,3,3,0,3,20,2,2,1,86,59,27,12,0.686046511627907,0.313953488372093,0.0116279069767441,0.0348837209302325,0.2325581395348837,0.0232558139534883,0.0116279069767441,0.0232558139534883,0.1395348837209302,2,1.0,javascript,adobe/brackets,openDocument,-1.4867124358306152
9,9,3,3,0,0,0,0,9,14,14,1,0,73,9,2,0,318,220,98,17,0.6918238993710691,0.3081761006289308,0.0,0.0440251572327044,0.2295597484276729,0.0062893081761006,0.0094339622641509,0.0062893081761006,0.0534591194968553,1,1.0,javascript,firebase/angularfire,FirebaseStorage,2.4934979654754197
2,2,1,1,1,0,0,0,2,4,4,5,4,57,3,5,0,231,155,76,13,0.670995670995671,0.329004329004329,0.0043290043290043,0.0173160173160173,0.2467532467532467,0.0216450216450216,0.0043290043290043,0.0216450216450216,0.0562770562770562,2,1.0,javascript,throneteki/throneteki-deck-helper,formatDeckAsShortCards,0.039837135375839855
1,1,0,0,2,0,0,0,2,9,9,4,2,26,4,10,1,180,117,63,9,0.65,0.35,0.0111111111111111,0.05,0.1444444444444444,0.0555555555555555,0.0,0.0555555555555555,0.05,3,1.0,javascript,boilerplates/scaffold,Scaffold,-0.1503039536908796
1,1,2,2,13,1,0,0,6,7,7,16,41,196,18,25,17,861,592,269,20,0.6875725900116144,0.3124274099883856,0.016260162601626,0.008130081300813,0.2276422764227642,0.0290360046457607,0.0023228803716608,0.0290360046457607,0.0232288037166085,15,1.0,javascript,nodeca/pako,deflate_fast,8.239532317521821
1,1,0,0,0,0,0,0,1,1,1,0,0,10,1,1,0,38,26,12,10,0.6842105263157895,0.3157894736842105,0.0,0.0263157894736842,0.2631578947368421,0.0263157894736842,0.0,0.0263157894736842,0.2631578947368421,1,1.0,javascript,apostrophecms/apostrophe,,-2.760861309854393
1,1,0,0,1,0,0,0,1,3,3,0,0,33,3,4,1,140,100,40,11,0.7142857142857143,0.2857142857142857,0.0071428571428571,0.0214285714285714,0.2357142857142857,0.0285714285714285,0.0,0.0285714285714285,0.0785714285714285,2,1.0,javascript,dalekjs/dalek-internal-webdriver,,-1.0750985759264335
1,1,1,1,1,0,0,0,1,2,2,1,0,16,2,3,0,71,49,22,8,0.6901408450704225,0.3098591549295774,0.0140845070422535,0.028169014084507,0.2253521126760563,0.0422535211267605,0.0140845070422535,0.0422535211267605,0.1126760563380281,2,1.0,javascript,robgietema/twist,,-1.5647946757989653
7,7,10,10,3,0,0,0,8,18,18,17,5,98,8,19,18,536,359,177,15,0.6697761194029851,0.3302238805970149,0.0055970149253731,0.0335820895522388,0.1828358208955224,0.0354477611940298,0.0186567164179104,0.0354477611940298,0.0279850746268656,4,1.0,javascript,goliatone/influx-line-protocol-parser,parse,5.576115938886269
1,1,0,0,0,0,0,0,0,1,1,5,1,13,1,6,3,76,51,25,6,0.6710526315789473,0.3289473684210526,0.0,0.0131578947368421,0.1710526315789473,0.0789473684210526,0.0,0.0789473684210526,0.0789473684210526,1,1.0,javascript,Justineo/kolor,Octet,-1.844049372160081
1,5,3,3,2,0,0,0,2,10,10,0,8,53,5,6,21,381,262,119,17,0.6876640419947506,0.3123359580052493,0.0052493438320209,0.0262467191601049,0.1391076115485564,0.0157480314960629,0.0078740157480314,0.0157480314960629,0.0446194225721784,3,5.0,javascript,nolimits4web/dom7,es,1.6293931916027278
1,1,0,0,0,0,0,0,1,0,0,0,16,42,1,1,0,163,107,56,16,0.656441717791411,0.3435582822085889,0.0,0.0,0.2576687116564417,0.0061349693251533,0.0,0.0061349693251533,0.0981595092024539,1,1.0,javascript,clientIO/joint,,-1.15194984039633
1,1,1,1,0,0,0,0,0,2,2,1,5,19,1,2,3,84,57,27,12,0.6785714285714286,0.3214285714285714,0.0,0.0238095238095238,0.2261904761904762,0.0238095238095238,0.0119047619047619,0.0238095238095238,0.1428571428571428,1,1.0,javascript,neyric/webhookit,,-1.7682406927018592
2,2,2,2,1,0,0,0,1,3,3,2,0,16,7,4,1,98,64,34,15,0.6530612244897959,0.3469387755102041,0.010204081632653,0.0306122448979591,0.1632653061224489,0.0408163265306122,0.0204081632653061,0.0408163265306122,0.1530612244897959,2,1.0,javascript,google/marzipano,async,-0.8585443529610551
1,1,2,2,0,0,0,0,1,4,4,0,0,18,1,0,0,110,76,34,11,0.6909090909090909,0.3090909090909091,0.0,0.0363636363636363,0.1636363636363636,0.0,0.0181818181818181,0.0,0.1,1,1.0,javascript,joetidee/enzyme-react-intl,shallowWithIntl,-1.5015321189642659
1,1,5,5,2,0,0,0,1,7,7,5,8,44,5,5,10,217,144,73,13,0.663594470046083,0.336405529953917,0.0092165898617511,0.032258064516129,0.2027649769585253,0.0230414746543778,0.0230414746543778,0.0230414746543778,0.0599078341013824,3,1.0,javascript,ipfs-shipyard/peer-crdt,newPosId,0.7294983382686849
1,1,7,7,9,0,0,0,1,7,7,6,8,72,13,6,10,439,301,138,16,0.6856492027334852,0.3143507972665148,0.020501138952164,0.0159453302961275,0.164009111617312,0.0136674259681093,0.0159453302961275,0.0136674259681093,0.0364464692482915,10,1.0,javascript,Stitchuuuu/thread-promisify,Threadify,3.5151761519777893
1,1,2,2,3,0,0,0,0,2,2,5,6,33,4,5,6,170,117,53,18,0.6882352941176471,0.3117647058823529,0.0176470588235294,0.0117647058823529,0.1941176470588235,0.0294117647058823,0.0117647058823529,0.0294117647058823,0.1058823529411764,4,1.0,javascript,SAP/openui5,addUrlForSchema,0.0677858906014728
1,1,3,3,0,0,0,0,1,1,1,3,4,31,1,5,4,152,105,47,10,0.6907894736842105,0.3092105263157895,0.0,0.006578947368421,0.2039473684210526,0.0328947368421052,0.0197368421052631,0.0328947368421052,0.0657894736842105,1,1.0,javascript,leancloud/javascript-sdk,,-0.9061676967146226
1,1,2,2,0,0,0,0,0,2,2,0,0,17,1,1,0,55,41,14,7,0.7454545454545455,0.2545454545454545,0.0,0.0363636363636363,0.3090909090909091,0.0181818181818181,0.0363636363636363,0.0181818181818181,0.1272727272727272,1,1.0,javascript,namics/gondel,handleEvent,-1.8952958339257626
1,1,5,5,1,0,0,0,1,4,4,3,2,40,2,3,0,154,108,46,10,0.7012987012987013,0.2987012987012987,0.0064935064935064,0.0259740259740259,0.2597402597402597,0.0194805194805194,0.0324675324675324,0.0194805194805194,0.0649350649350649,2,1.0,javascript,kaelzhang/neuron.js,get_module,-0.3455319571090474
1,1,0,0,2,0,0,0,2,3,3,0,2,24,3,3,0,99,66,33,9,0.6666666666666666,0.3333333333333333,0.0202020202020202,0.0303030303030303,0.2424242424242424,0.0303030303030303,0.0,0.0303030303030303,0.0909090909090909,3,1.0,javascript,gamedev-js/gfx.js,_commitCullMode,-1.1339320747462833
3,3,4,4,4,0,0,0,1,8,8,2,13,83,9,12,37,591,411,180,25,0.6954314720812182,0.3045685279187817,0.0067681895093062,0.0135363790186125,0.1404399323181049,0.0203045685279187,0.0067681895093062,0.0203045685279187,0.0423011844331641,5,1.0,javascript,strongloop/microgateway-datastore,,3.7901329555223375
2,2,3,3,1,0,0,0,0,7,7,2,0,24,4,7,1,140,89,51,18,0.6357142857142857,0.3642857142857142,0.0071428571428571,0.05,0.1714285714285714,0.05,0.0214285714285714,0.05,0.1285714285714285,2,1.0,javascript,SAP/openui5,,-0.38539858081050965
2,2,3,3,1,0,0,0,1,2,2,2,1,40,3,4,2,171,118,53,17,0.6900584795321637,0.3099415204678362,0.0058479532163742,0.0116959064327485,0.2339181286549707,0.023391812865497,0.0175438596491228,0.023391812865497,0.0994152046783625,2,1.0,javascript,mphasize/sails-generate-ember-blueprints,,-0.32549041230461934
9,9,5,5,14,0,0,0,6,16,16,16,7,112,26,27,9,636,423,213,22,0.6650943396226415,0.3349056603773584,0.0220125786163522,0.0251572327044025,0.1761006289308176,0.0424528301886792,0.0078616352201257,0.0424528301886792,0.0345911949685534,15,1.0,javascript,adrai/devicestack,,8.420454020647897
2,2,1,1,1,0,0,0,1,4,4,0,1,16,3,2,1,81,53,28,13,0.654320987654321,0.345679012345679,0.0123456790123456,0.0493827160493827,0.1975308641975308,0.0246913580246913,0.0123456790123456,0.0246913580246913,0.1604938271604938,2,1.0,javascript,allex-servercore-libs/servicepack,distinctElements,-1.3495673753853696
1,1,15,15,12,0,0,0,3,17,17,29,29,239,18,38,30,1047,722,325,19,0.6895893027698186,0.3104106972301815,0.0114613180515759,0.0162368672397325,0.2282712511938873,0.0362941738299904,0.0143266475644699,0.0362941738299904,0.0181470869149952,13,1.0,javascript,itsa/itsa-event,,10.80915478174207
5,5,2,2,0,0,0,0,5,12,12,0,2,34,5,0,2,168,110,58,19,0.6547619047619048,0.3452380952380952,0.0,0.0714285714285714,0.2023809523809523,0.0,0.0119047619047619,0.0,0.1130952380952381,1,1.0,javascript,reaganthomas/algebra.laws,associativity,0.4205788428565205
3,3,11,11,7,0,0,0,6,25,25,11,21,189,12,12,18,814,561,253,14,0.6891891891891891,0.3108108108108108,0.0085995085995086,0.0307125307125307,0.2321867321867322,0.0147420147420147,0.0135135135135135,0.0147420147420147,0.0171990171990172,8,1.0,javascript,hex7c0/browser-language,language,7.411360114730739
1,1,0,0,0,0,0,0,0,1,1,3,0,12,1,3,0,52,35,17,8,0.6730769230769231,0.3269230769230769,0.0,0.0192307692307692,0.2307692307692307,0.0576923076923076,0.0,0.0576923076923076,0.1538461538461538,1,1.0,javascript,mantoni/glob-tree.js,SingleStarIterator,-2.3180632072100784
1,1,2,2,1,0,0,0,1,5,5,2,3,26,2,4,5,127,84,43,12,0.6614173228346457,0.3385826771653543,0.0078740157480314,0.0393700787401574,0.2047244094488189,0.0314960629921259,0.0157480314960629,0.0314960629921259,0.0944881889763779,2,1.0,javascript,glennjones/microformat-shiv,,-0.7997001356637337
3,3,7,7,9,0,0,0,4,14,14,3,17,98,13,10,5,451,304,147,19,0.6740576496674058,0.3259423503325942,0.0199556541019955,0.0310421286031042,0.2172949002217294,0.0221729490022172,0.0155210643015521,0.0221729490022172,0.0421286031042128,10,1.0,javascript,kaola-fed/megalo,defineReactive$$1,4.686343987927
2,2,1,1,3,0,0,0,0,8,8,6,1,53,2,8,6,248,167,81,16,0.6733870967741935,0.3266129032258064,0.0120967741935483,0.032258064516129,0.2137096774193548,0.032258064516129,0.0040322580645161,0.032258064516129,0.064516129032258,4,1.0,javascript,rbuas/memodb,MemoDB,0.6372119605330295
3,3,8,8,3,1,0,0,3,7,7,6,7,72,5,9,1,299,210,89,19,0.7023411371237458,0.2976588628762542,0.0133779264214046,0.0234113712374581,0.2408026755852843,0.0301003344481605,0.0267558528428093,0.0301003344481605,0.0635451505016722,5,1.0,javascript,Alhadis/DOMTokenList,,2.5221516832521145
4,4,6,6,5,0,0,0,1,9,9,4,9,49,10,7,18,341,228,113,21,0.6686217008797654,0.3313782991202346,0.0146627565982404,0.0263929618768328,0.1436950146627566,0.0205278592375366,0.0175953079178885,0.0205278592375366,0.0615835777126099,6,1.0,javascript,perry-mitchell/webdav-fs,,2.8556995376322414
4,4,7,7,10,0,0,0,5,20,20,13,15,93,15,15,20,555,375,180,28,0.6756756756756757,0.3243243243243243,0.018018018018018,0.036036036036036,0.1675675675675675,0.027027027027027,0.0126126126126126,0.027027027027027,0.0504504504504504,11,1.0,javascript,SimonRichardson/squishy-pants,fo,6.666613383369393
1,1,0,0,2,0,0,0,1,3,3,3,3,20,1,5,3,134,89,45,11,0.664179104477612,0.3358208955223881,0.0149253731343283,0.0223880597014925,0.1492537313432835,0.0373134328358208,0.0,0.0373134328358208,0.0820895522388059,3,1.0,javascript,iuap-design/tinper-neoui-grid,,-0.9353329059167308
3,3,2,2,0,0,0,0,1,5,5,0,0,17,3,4,0,94,59,35,12,0.6276595744680851,0.3723404255319149,0.0,0.0531914893617021,0.1808510638297872,0.0425531914893617,0.0212765957446808,0.0425531914893617,0.1276595744680851,1,1.0,javascript,sofa/sofa,,-1.2165386404266754
1,1,0,0,0,0,0,0,0,2,2,3,1,13,1,5,2,77,51,26,7,0.6623376623376623,0.3376623376623376,0.0,0.0259740259740259,0.1688311688311688,0.0649350649350649,0.0,0.0649350649350649,0.0909090909090909,1,1.0,javascript,deanlandolt/endo,UnauthorizedError,-1.9253169266163959
1,1,3,3,1,0,0,1,1,3,3,4,0,24,3,4,24,221,154,67,13,0.6968325791855203,0.3031674208144796,0.004524886877828,0.0135746606334841,0.1085972850678733,0.0180995475113122,0.0135746606334841,0.0180995475113122,0.0588235294117647,2,1.0,javascript,Zeindelf/utilify-js,isEmpty,0.15320755249360862
2,2,5,5,0,0,0,0,2,8,8,3,6,46,2,4,11,203,145,58,12,0.7142857142857143,0.2857142857142857,0.0,0.0394088669950738,0.2266009852216748,0.0197044334975369,0.0246305418719211,0.0197044334975369,0.0591133004926108,1,1.0,javascript,hustcc/slice.js,parseSliceString,0.3760931158595384
3,3,0,0,1,0,0,0,1,6,6,0,0,32,3,3,1,136,94,42,16,0.6911764705882353,0.3088235294117647,0.0073529411764705,0.0441176470588235,0.2352941176470588,0.0220588235294117,0.0,0.0220588235294117,0.1176470588235294,2,1.0,javascript,mapbox/hubdb,remove,-0.6847594740575528
2,2,3,3,2,1,0,0,4,4,4,1,3,31,5,1,3,160,112,48,12,0.7,0.3,0.01875,0.025,0.19375,0.00625,0.01875,0.00625,0.075,4,1.0,javascript,filerjs/filer,quantile,0.3165364651386536
1,1,2,2,1,1,0,0,0,1,1,0,2,15,2,1,1,63,44,19,9,0.6984126984126984,0.3015873015873015,0.0317460317460317,0.0158730158730158,0.238095238095238,0.0158730158730158,0.0317460317460317,0.0158730158730158,0.1428571428571428,3,1.0,javascript,MithrilJS/mithril.js,removeNodes,-1.3213338077914003
1,1,8,8,27,35,4,0,1,35,35,129,270,602,71,139,251,3355,2329,1026,22,0.694187779433681,0.3058122205663189,0.0196721311475409,0.0104321907600596,0.1794336810730253,0.0414307004470938,0.0023845007451564,0.0414307004470938,0.0065573770491803,67,1.0,javascript,freedomjs/freedom,generateFrame,47.72197288523153
1,1,1,1,0,0,0,0,1,2,2,0,0,13,2,2,0,57,37,20,11,0.6491228070175439,0.3508771929824561,0.0,0.0350877192982456,0.2280701754385964,0.0350877192982456,0.0175438596491228,0.0350877192982456,0.1929824561403508,1,1.0,javascript,josdejong/mathjs,exclude,-2.198514500013534
1,1,0,0,1,0,0,0,0,3,3,1,1,24,1,3,0,83,56,27,9,0.6746987951807228,0.3253012048192771,0.0120481927710843,0.036144578313253,0.2891566265060241,0.036144578313253,0.0,0.036144578313253,0.108433734939759,2,1.0,javascript,catapult-project/catapult,doctypeInInitialMode,-1.6574700539400988
1,1,0,0,0,0,0,0,0,3,3,4,3,23,3,8,3,147,98,49,11,0.6666666666666666,0.3333333333333333,0.0,0.0204081632653061,0.1564625850340136,0.0544217687074829,0.0,0.0544217687074829,0.0748299319727891,1,1.0,javascript,Dafrok/BMapLib.TextIconOverlay,,-1.1249516369199126
1,1,3,3,2,1,0,0,2,0,0,6,10,33,4,4,8,174,118,56,13,0.6781609195402298,0.3218390804597701,0.0172413793103448,0.0,0.1896551724137931,0.0229885057471264,0.0172413793103448,0.0229885057471264,0.0747126436781609,4,1.0,javascript,tcorral/JSONC,crcTable,0.30396994353018825
1,1,1,1,0,0,0,0,1,11,11,0,0,28,1,1,2,135,87,48,17,0.6444444444444445,0.3555555555555555,0.0,0.0814814814814814,0.2074074074074074,0.0074074074074074,0.0074074074074074,0.0074074074074074,0.1259259259259259,1,1.0,javascript,MRN-Code/bookshelf-shield,validate,-1.0261508615051707
1,1,0,0,2,0,0,0,3,1,1,1,1,14,3,3,1,87,57,30,11,0.6551724137931034,0.3448275862068966,0.0229885057471264,0.0114942528735632,0.160919540229885,0.0344827586206896,0.0,0.0344827586206896,0.1264367816091954,3,1.0,javascript,tolokoban/ToloFrameWork,,-1.280906427527343
2,2,1,1,4,0,0,0,2,2,2,5,13,46,2,5,11,239,160,79,17,0.6694560669456067,0.3305439330543933,0.0167364016736401,0.00836820083682,0.1924686192468619,0.0209205020920502,0.00418410041841,0.0209205020920502,0.0711297071129707,5,1.0,javascript,nodejitsu/contour,links,0.8116202065475568
1,1,4,4,3,1,0,0,1,1,1,1,7,32,5,3,5,159,107,52,13,0.6729559748427673,0.3270440251572327,0.0251572327044025,0.0062893081761006,0.2012578616352201,0.0188679245283018,0.0251572327044025,0.0188679245283018,0.0817610062893081,5,1.0,javascript,owncloud/davclient.js,,0.2371845380236645
1,1,0,0,1,0,0,0,0,7,7,0,6,20,2,7,8,195,130,65,10,0.6666666666666666,0.3333333333333333,0.0051282051282051,0.0358974358974358,0.1025641025641025,0.0358974358974358,0.0,0.0358974358974358,0.0512820512820512,2,1.0,javascript,jonschlinkert/template,Base,-0.6848892442772041
2,2,0,0,2,0,0,0,0,4,4,2,1,22,4,4,0,129,85,44,16,0.6589147286821705,0.3410852713178294,0.0155038759689922,0.0310077519379844,0.1705426356589147,0.0310077519379844,0.0,0.0310077519379844,0.1240310077519379,3,1.0,javascript,googlearchive/node-big-rig,ModelIndices,-0.7843853301035864
4,4,12,12,3,1,0,0,0,25,25,21,14,184,8,30,15,824,550,274,19,0.6674757281553398,0.3325242718446602,0.0048543689320388,0.0303398058252427,0.2233009708737864,0.0364077669902912,0.0145631067961165,0.0364077669902912,0.0230582524271844,5,1.0,javascript,taoyuan/lwim,Font,7.414875537999117
3,3,0,0,1,0,0,0,1,8,8,0,0,20,5,3,3,126,82,44,20,0.6507936507936508,0.3492063492063492,0.0079365079365079,0.0634920634920634,0.1587301587301587,0.0238095238095238,0.0,0.0238095238095238,0.1587301587301587,2,1.0,javascript,shorelle/sw-api-js,makeRequest,-0.6220775226560412
1,1,4,4,0,0,0,0,1,4,4,0,2,21,1,1,1,91,61,30,9,0.6703296703296703,0.3296703296703296,0.0,0.0439560439560439,0.2307692307692307,0.0109890109890109,0.0439560439560439,0.0109890109890109,0.0989010989010989,1,1.0,javascript,chrisenytc/livi18n,,-1.321087928754925
1,1,1,1,0,0,0,0,1,3,3,0,0,8,1,0,2,59,40,19,9,0.6779661016949152,0.3220338983050847,0.0,0.0508474576271186,0.135593220338983,0.0,0.0169491525423728,0.0,0.1525423728813559,1,1.0,javascript,GeoXForm/esri-to-geojson,convertFieldName,-2.114034167638958
1,1,0,0,0,0,0,0,0,10,10,2,0,26,1,8,32,268,190,78,10,0.7089552238805971,0.291044776119403,0.0,0.0373134328358208,0.0970149253731343,0.0298507462686567,0.0,0.0298507462686567,0.0373134328358208,1,1.0,javascript,goldfire/howler.js,,-0.13461291706636644
1,1,1,1,0,0,0,0,1,3,3,1,0,12,1,3,3,59,39,20,7,0.6610169491525424,0.3389830508474576,0.0,0.0508474576271186,0.2033898305084746,0.0508474576271186,0.0169491525423728,0.0508474576271186,0.1186440677966101,1,1.0,javascript,baidu/san,readParenthesizedExpr,-1.9465060903223355
1,1,0,0,1,0,0,0,0,6,6,0,0,17,3,5,1,101,67,34,10,0.6633663366336634,0.3366336633663366,0.0099009900990099,0.0594059405940594,0.1683168316831683,0.0495049504950495,0.0,0.0495049504950495,0.099009900990099,2,1.0,javascript,robinpowered/robin-js-sdk-public,RobinApi,-1.3539862768170217
1,1,6,6,2,0,1,0,1,5,5,5,4,39,4,5,4,205,136,69,13,0.6634146341463415,0.3365853658536585,0.0146341463414634,0.024390243902439,0.1902439024390244,0.024390243902439,0.0292682926829268,0.024390243902439,0.0634146341463414,4,1.0,javascript,sbarwe/node-red-contrib-contextbrowser,copycontext,0.8824501375743112
1,1,4,4,2,0,0,0,1,0,0,8,4,28,3,9,2,172,114,58,10,0.6627906976744186,0.3372093023255814,0.0116279069767441,0.0,0.1627906976744186,0.0523255813953488,0.0232558139534883,0.0523255813953488,0.0581395348837209,3,1.0,javascript,clientIO/joint,,-0.08005336321284365
2,2,1,1,2,0,0,0,3,5,5,0,3,17,4,1,2,104,68,36,14,0.6538461538461539,0.3461538461538461,0.0192307692307692,0.048076923076923,0.1634615384615384,0.0096153846153846,0.0096153846153846,0.0096153846153846,0.1346153846153846,3,1.0,javascript,hilkenan/formgen-react,minValue,-0.6810837619834683
1,1,2,2,3,1,0,0,4,5,5,0,4,41,5,1,3,211,147,64,13,0.6966824644549763,0.3033175355450237,0.0189573459715639,0.0236966824644549,0.1943127962085308,0.0047393364928909,0.0094786729857819,0.0047393364928909,0.0616113744075829,5,1.0,javascript,ILLGrenoble/guacamole-common-js,asKeyArray,0.5346281373438764
1,1,0,0,1,0,0,0,1,5,5,1,4,20,2,2,2,115,76,39,16,0.6608695652173913,0.3391304347826087,0.008695652173913,0.0434782608695652,0.1739130434782608,0.017391304347826,0.0,0.017391304347826,0.1391304347826087,2,1.0,javascript,juliostanley/websdk,,-1.1921800921032297
1,1,0,0,1,0,0,0,1,3,3,1,0,13,2,5,0,87,58,29,10,0.6666666666666666,0.3333333333333333,0.0114942528735632,0.0344827586206896,0.1494252873563218,0.057471264367816,0.0,0.057471264367816,0.1149425287356321,2,1.0,javascript,fex-team/kity,,-1.5607288456346078
1,1,3,3,2,1,0,0,1,7,7,0,5,36,4,4,7,204,135,69,13,0.6617647058823529,0.3382352941176471,0.0147058823529411,0.034313725490196,0.1764705882352941,0.0196078431372549,0.0147058823529411,0.0196078431372549,0.0637254901960784,4,1.0,javascript,TerriaJS/terriajs,prefilterAddresses,0.30475299428466834
3,3,15,15,3,0,0,0,3,7,7,6,17,100,6,8,17,470,324,146,15,0.6893617021276596,0.3106382978723404,0.0063829787234042,0.0148936170212765,0.2127659574468085,0.0170212765957446,0.0319148936170212,0.0170212765957446,0.0319148936170212,4,1.0,javascript,fd/fd-angular-core,Component,3.9235659819952713
1,1,0,0,1,0,0,0,1,3,3,2,3,14,1,4,0,92,61,31,8,0.6630434782608695,0.3369565217391304,0.0108695652173913,0.0326086956521739,0.1521739130434782,0.0434782608695652,0.0,0.0434782608695652,0.0869565217391304,2,1.0,javascript,ryanstevens/deepobserve,Model,-1.5068346049811772
1,1,3,3,3,0,0,0,0,3,3,2,1,37,6,5,1,194,134,60,11,0.6907216494845361,0.3092783505154639,0.0154639175257731,0.0154639175257731,0.190721649484536,0.0257731958762886,0.0154639175257731,0.0257731958762886,0.056701030927835,4,1.0,javascript,apostle/apostle.js,,0.004331647103410276
1,1,0,0,0,0,0,0,1,3,3,0,0,13,1,0,0,48,34,14,12,0.7083333333333334,0.2916666666666667,0.0,0.0625,0.2708333333333333,0.0,0.0,0.0,0.25,1,1.0,javascript,remarkjs/remark,decodeRaw,-2.431487624725952
4,4,10,10,38,1,0,0,0,51,51,36,77,333,54,60,105,2186,1463,723,22,0.6692589204025617,0.3307410795974382,0.0178408051235132,0.0233302836230558,0.1523330283623055,0.0274473924977127,0.0045745654162854,0.0274473924977127,0.0100640439158279,40,1.0,javascript,crosswalk-project/crosswalk-app-tools,Manifest,24.64957516742943
1,3,3,3,4,1,0,0,1,9,9,2,8,46,11,7,16,309,207,102,26,0.6699029126213593,0.3300970873786408,0.0161812297734627,0.029126213592233,0.1488673139158576,0.0226537216828478,0.0097087378640776,0.0226537216828478,0.0841423948220064,6,3.0,javascript,feross/spoof,tryWindowsKey,2.272440091128764
1,1,7,7,6,1,0,1,0,30,30,5,18,83,8,17,46,620,409,211,19,0.6596774193548387,0.3403225806451613,0.0112903225806451,0.0483870967741935,0.1338709677419355,0.0274193548387096,0.0112903225806451,0.0274193548387096,0.0306451612903225,8,1.0,javascript,grasshopper-cms/grasshopper-core-nodejs,,5.724024816607149
1,1,0,0,1,0,0,0,0,7,7,0,5,15,3,4,10,129,85,44,14,0.6589147286821705,0.3410852713178294,0.0077519379844961,0.0542635658914728,0.1162790697674418,0.0310077519379844,0.0,0.0310077519379844,0.1085271317829457,2,1.0,javascript,tikonen/blog,updateProgress,-0.9608789282386023
1,1,1,1,1,0,0,1,2,0,0,4,10,17,2,4,26,161,114,47,11,0.7080745341614907,0.2919254658385093,0.0062111801242236,0.0,0.1055900621118012,0.0248447204968944,0.0062111801242236,0.0248447204968944,0.0683229813664596,2,1.0,javascript,yukik/koyomi,getShubun,-0.23965597943209352
1,1,1,1,2,0,0,0,0,8,8,4,2,48,4,6,4,213,141,72,18,0.6619718309859155,0.3380281690140845,0.0093896713615023,0.0375586854460093,0.2253521126760563,0.028169014084507,0.0046948356807511,0.028169014084507,0.0845070422535211,3,1.0,javascript,EclairJS/eclairjs,,0.15884862706684305
1,1,2,2,0,0,1,0,1,2,2,2,2,19,3,2,4,103,71,32,11,0.6893203883495146,0.3106796116504854,0.0097087378640776,0.0194174757281553,0.1844660194174757,0.0194174757281553,0.0194174757281553,0.0194174757281553,0.1067961165048543,2,1.0,javascript,koalyptus/TableFilter,ipAddress,-0.8724289900434026
3,3,0,0,4,0,0,0,0,6,6,4,3,25,7,10,10,189,125,64,15,0.6613756613756614,0.3386243386243386,0.0211640211640211,0.0317460317460317,0.1322751322751322,0.0529100529100529,0.0,0.0529100529100529,0.0793650793650793,5,1.0,javascript,levexis/grunt-selenium-webdriver,stop,0.6321252819445755
3,3,7,7,3,0,0,0,0,10,10,5,2,65,6,11,9,298,192,106,16,0.6442953020134228,0.3557046979865771,0.0100671140939597,0.0335570469798657,0.2181208053691275,0.0369127516778523,0.023489932885906,0.0369127516778523,0.0536912751677852,4,1.0,javascript,quantumpayments/media,bin,1.919953066483214
1,1,1,1,1,0,0,0,1,1,1,2,1,15,2,4,0,81,54,27,10,0.6666666666666666,0.3333333333333333,0.0123456790123456,0.0123456790123456,0.1851851851851851,0.0493827160493827,0.0123456790123456,0.0493827160493827,0.1234567901234567,2,1.0,javascript,wavesoft/jbb,,-1.5442582368961664
1,1,0,0,0,0,0,0,0,4,4,2,0,12,1,7,1,92,58,34,10,0.6304347826086957,0.3695652173913043,0.0,0.0434782608695652,0.1304347826086956,0.0760869565217391,0.0,0.0760869565217391,0.108695652173913,1,1.0,javascript,wellcaffeinated/PhysicsJS,,-1.8101878772190545
1,1,0,0,0,0,0,0,0,3,3,0,1,12,1,3,3,66,48,18,8,0.7272727272727273,0.2727272727272727,0.0,0.0454545454545454,0.1818181818181818,0.0454545454545454,0.0,0.0454545454545454,0.1212121212121212,1,1.0,javascript,eclipse/orion.client,Assertion,-1.9886795437520008
1,1,2,2,1,0,0,0,1,1,1,0,0,43,2,4,0,142,99,43,8,0.6971830985915493,0.3028169014084507,0.0070422535211267,0.0070422535211267,0.3028169014084507,0.028169014084507,0.0140845070422535,0.028169014084507,0.056338028169014,2,1.0,javascript,anseki/plain-overlay,getBBox,-1.033066984612654
1,1,1,1,2,0,0,0,2,4,4,2,1,23,1,2,4,110,74,36,9,0.6727272727272727,0.3272727272727272,0.0181818181818181,0.0363636363636363,0.209090909090909,0.0181818181818181,0.009090909090909,0.0181818181818181,0.0818181818181818,3,1.0,javascript,smartsheet-platform/smartsheet-javascript-sdk,buildRequestor,-0.9244618555462845
2,2,0,0,3,0,0,0,0,7,7,1,5,53,5,7,11,268,184,84,20,0.6865671641791045,0.3134328358208955,0.0111940298507462,0.0261194029850746,0.1977611940298507,0.0261194029850746,0.0,0.0261194029850746,0.0746268656716417,4,1.0,javascript,telligro/opal-nodes,checkEmail,0.7447711138347618
1,1,1,1,2,0,0,0,1,7,7,1,0,27,4,4,4,149,98,51,11,0.6577181208053692,0.3422818791946309,0.0134228187919463,0.046979865771812,0.1812080536912751,0.0268456375838926,0.0067114093959731,0.0268456375838926,0.0738255033557047,3,1.0,javascript,GoblinDBRocks/GoblinDB,add,-0.5471642064715951
1,1,1,1,3,0,0,0,1,3,3,3,5,17,4,4,6,131,86,45,11,0.6564885496183206,0.3435114503816794,0.0229007633587786,0.0229007633587786,0.1297709923664122,0.0305343511450381,0.0076335877862595,0.0305343511450381,0.0839694656488549,4,1.0,javascript,emmetio/emmet,,-0.4671412642405196
1,1,1,1,0,0,0,0,1,1,1,0,2,10,1,0,2,53,36,17,10,0.6792452830188679,0.320754716981132,0.0,0.0188679245283018,0.1886792452830188,0.0,0.0188679245283018,0.0,0.1886792452830188,1,1.0,javascript,treasonx/grunt-markdown,getTemplate,-2.2874581756452903
1,1,0,0,0,0,0,0,0,1,1,0,0,14,3,4,0,84,58,26,10,0.6904761904761905,0.3095238095238095,0.0,0.0119047619047619,0.1666666666666666,0.0476190476190476,0.0,0.0476190476190476,0.119047619047619,1,1.0,javascript,Tamersoul/magic-wand-js,,-1.9780123152167528
1,1,1,1,2,0,0,0,1,3,3,4,3,29,4,4,5,164,115,49,11,0.7012195121951219,0.298780487804878,0.0121951219512195,0.0182926829268292,0.1768292682926829,0.024390243902439,0.0060975609756097,0.024390243902439,0.0670731707317073,3,1.0,javascript,cubehouse/PSNjs,GetHeaders,-0.4003154983339056
2,2,0,0,0,0,0,0,0,1,1,1,0,10,2,2,0,42,28,14,11,0.6666666666666666,0.3333333333333333,0.0,0.0238095238095238,0.238095238095238,0.0476190476190476,0.0,0.0476190476190476,0.2619047619047619,1,1.0,javascript,switer/chainjs,setAlltoNoop,-2.5696671340192236
1,1,0,0,2,0,0,0,3,0,0,0,3,15,1,0,3,80,54,26,11,0.675,0.325,0.025,0.0,0.1875,0.0,0.0,0.0,0.1375,3,1.0,javascript,SheetJS/js-xlsx,get_get_computed_style_function,-1.487545631037053
1,1,2,2,0,0,1,0,1,0,0,2,2,17,2,2,2,77,52,25,8,0.6753246753246753,0.3246753246753247,0.0129870129870129,0.0,0.2207792207792207,0.0259740259740259,0.0259740259740259,0.0259740259740259,0.1038961038961039,2,1.0,javascript,eslint/eslint,doesMemberExpressionContainCallExpression,-1.2383161901463726
1,1,4,4,2,0,0,0,2,4,4,0,2,31,3,1,1,133,89,44,12,0.6691729323308271,0.3308270676691729,0.0150375939849624,0.0300751879699248,0.2330827067669172,0.0075187969924812,0.0300751879699248,0.0075187969924812,0.0902255639097744,3,1.0,javascript,ncuillery/angular-breadcrumb,,-0.45506043012769987
2,2,0,0,2,0,0,0,0,5,5,3,1,23,4,6,2,114,79,35,12,0.6929824561403509,0.3070175438596491,0.0175438596491228,0.043859649122807,0.2017543859649122,0.0526315789473684,0.0,0.0526315789473684,0.1052631578947368,3,1.0,javascript,solderjs/osx-wifi-volume-remote,set,-0.6529358557142566
1,1,1,1,1,0,0,0,1,2,2,2,1,20,3,2,5,107,74,33,10,0.6915887850467289,0.308411214953271,0.0093457943925233,0.0186915887850467,0.1869158878504672,0.0186915887850467,0.0093457943925233,0.0186915887850467,0.0934579439252336,2,1.0,javascript,TerriaJS/terriajs,buildRequestData,-1.206410500896365
1,1,0,0,2,0,0,0,1,6,6,9,1,31,1,11,2,173,113,60,8,0.653179190751445,0.3468208092485549,0.0115606936416184,0.0346820809248554,0.1791907514450867,0.0635838150289017,0.0,0.0635838150289017,0.0462427745664739,3,1.0,javascript,WorldMobileCoin/wmcc-core,VersionPacket,-0.3054388483691832
1,1,3,3,1,1,0,0,2,10,10,0,11,52,3,5,12,271,183,88,18,0.6752767527675276,0.3247232472324723,0.007380073800738,0.03690036900369,0.1918819188191882,0.018450184501845,0.011070110701107,0.018450184501845,0.066420664206642,3,1.0,javascript,BioPhoton/angular1-star-rating,bulkCopy,0.9763624739997914
1,1,2,2,0,0,0,0,1,5,5,0,2,19,1,1,0,87,57,30,11,0.6551724137931034,0.3448275862068966,0.0,0.057471264367816,0.2183908045977011,0.0114942528735632,0.0229885057471264,0.0114942528735632,0.1264367816091954,1,1.0,javascript,Tamersoul/magic-wand-js,,-1.5888546899199802
3,3,6,6,3,1,0,0,1,8,8,6,10,56,7,9,11,310,209,101,16,0.6741935483870968,0.3258064516129032,0.0129032258064516,0.0258064516129032,0.1806451612903225,0.0290322580645161,0.0193548387096774,0.0290322580645161,0.0516129032258064,5,1.0,javascript,lujintan/sherrie-cmd-scaffold,asyncLoad,2.304372786797626
1,1,1,1,0,1,0,0,1,1,1,2,3,16,2,1,2,69,48,21,11,0.6956521739130435,0.3043478260869565,0.0144927536231884,0.0144927536231884,0.2318840579710145,0.0144927536231884,0.0144927536231884,0.0144927536231884,0.1594202898550724,2,1.0,javascript,primus/primus,decode,-1.528365487942287
1,1,3,3,1,0,0,0,0,4,4,1,7,42,2,2,6,175,119,56,10,0.68,0.32,0.0057142857142857,0.0228571428571428,0.24,0.0114285714285714,0.0171428571428571,0.0114285714285714,0.0571428571428571,2,1.0,javascript,niallo/deadlift,updateStatus,-0.5255789140976252
1,1,1,1,3,0,0,0,1,0,0,2,3,17,4,3,2,98,64,34,13,0.6530612244897959,0.3469387755102041,0.0306122448979591,0.0,0.173469387755102,0.0306122448979591,0.010204081632653,0.0306122448979591,0.1326530612244898,4,1.0,javascript,KirinJS/kirin-build,,-0.9114976243250101
2,2,12,12,9,0,0,0,6,15,15,12,32,104,12,12,58,786,545,241,19,0.693384223918575,0.3066157760814249,0.0114503816793893,0.0190839694656488,0.1323155216284987,0.015267175572519,0.015267175572519,0.015267175572519,0.0241730279898218,10,1.0,javascript,elastic/elasticsearch-js,buildUpdate,7.574894183452956
1,2,1,1,1,0,0,0,0,5,5,0,0,18,3,4,4,111,76,35,13,0.6846846846846847,0.3153153153153153,0.009009009009009,0.045045045045045,0.1621621621621621,0.036036036036036,0.009009009009009,0.036036036036036,0.1171171171171171,2,2.0,javascript,percy/ember-percy,finalizeBuildOnce,-1.11494636971748
1,1,5,5,4,1,0,0,5,8,8,2,11,61,6,2,16,357,245,112,11,0.6862745098039216,0.3137254901960784,0.0140056022408963,0.0224089635854341,0.1708683473389355,0.0056022408963585,0.0140056022408963,0.0056022408963585,0.0308123249299719,6,1.0,javascript,emailjs/emailjs-mime-types,detectExtension,2.1522759744731
2,2,0,0,4,0,0,0,2,5,5,6,5,42,8,7,4,253,169,84,24,0.6679841897233202,0.3320158102766798,0.0158102766798418,0.0197628458498023,0.1660079051383399,0.0276679841897233,0.0,0.0276679841897233,0.0948616600790513,5,1.0,javascript,airbrite/muni,,1.1902153768644734
1,1,2,2,1,0,0,0,0,4,4,3,7,31,4,4,6,176,119,57,14,0.6761363636363636,0.3238636363636363,0.0056818181818181,0.0227272727272727,0.1761363636363636,0.0227272727272727,0.0113636363636363,0.0227272727272727,0.0795454545454545,2,1.0,javascript,flipside/gulp-graphql,,-0.39208066579403056
2,2,2,2,5,1,0,0,2,5,5,2,13,34,8,4,17,239,164,75,12,0.6861924686192469,0.3138075313807531,0.0251046025104602,0.0209205020920502,0.1422594142259414,0.0167364016736401,0.00836820083682,0.0167364016736401,0.0502092050209205,7,1.0,javascript,SAP/openui5,tokenizeSingleQuotedString,1.5256484999517914
1,1,4,4,9,0,0,0,3,18,18,3,3,79,11,19,8,500,337,163,15,0.674,0.326,0.018,0.036,0.158,0.038,0.008,0.038,0.03,10,1.0,javascript,ariatemplates/ariatemplates,,4.015104890900895
7,7,37,37,3,6,0,0,7,24,24,25,13,239,16,36,518,3538,2684,854,17,0.7586206896551724,0.2413793103448276,0.002543810062182,0.006783493499152,0.0675522894290559,0.010175240248728,0.0104578858111927,0.010175240248728,0.0048049745618993,10,1.0,javascript,project-sunbird/sunbird-telemetry-sdk,,26.562956623706924
1,1,1,1,7,0,0,0,1,0,0,2,0,33,9,2,1,159,106,53,19,0.6666666666666666,0.3333333333333333,0.0440251572327044,0.0,0.2075471698113207,0.0125786163522012,0.0062893081761006,0.0125786163522012,0.1194968553459119,8,1.0,javascript,stadt-bielefeld/wms-capabilities-tools,determineVersion,0.5041345345821379
5,5,14,14,4,4,0,0,3,26,26,8,18,157,13,19,18,792,547,245,19,0.6906565656565656,0.3093434343434343,0.0101010101010101,0.0328282828282828,0.1982323232323232,0.0239898989898989,0.0176767676767676,0.0239898989898989,0.0239898989898989,9,1.0,javascript,jfseb/mgnlq_er,expandTokenMatchesToSentences2,8.138370740736164
2,2,2,2,1,0,0,0,1,3,3,1,0,51,2,4,2,181,128,53,13,0.7071823204419889,0.292817679558011,0.005524861878453,0.0165745856353591,0.281767955801105,0.0220994475138121,0.011049723756906,0.0220994475138121,0.0718232044198895,2,1.0,javascript,mongodb/node-mongodb-native,,-0.42980073582403455
3,3,3,3,3,0,0,0,0,5,5,4,2,37,7,8,3,187,124,63,18,0.6631016042780749,0.3368983957219251,0.0160427807486631,0.0267379679144385,0.1978609625668449,0.0427807486631016,0.0160427807486631,0.0427807486631016,0.0962566844919786,4,1.0,javascript,sealice/koa2-ueditor,,0.6842916153664657
3,3,1,1,0,0,0,0,1,5,5,0,0,14,3,2,1,81,53,28,18,0.654320987654321,0.345679012345679,0.0,0.0617283950617283,0.1728395061728395,0.0246913580246913,0.0123456790123456,0.0246913580246913,0.2222222222222222,1,1.0,javascript,EricCrosson/coinmarketcap-api,getMarketCaps,-1.4631149212649248
1,1,2,2,2,0,0,0,0,2,2,3,3,38,3,4,3,151,107,44,12,0.7086092715231788,0.2913907284768212,0.0132450331125827,0.0132450331125827,0.2516556291390728,0.0264900662251655,0.0132450331125827,0.0264900662251655,0.0794701986754966,3,1.0,javascript,webdriverio/webdriverio,,-0.49367808225013227
2,2,5,5,5,0,0,0,1,13,13,8,21,82,8,11,22,529,358,171,16,0.6767485822306238,0.3232514177693761,0.0094517958412098,0.0245746691871455,0.1550094517958412,0.0207939508506616,0.0094517958412098,0.0207939508506616,0.0302457466918714,6,1.0,javascript,deliciousinsights/fb-flo-brunch,setOptions,3.7749829256627776
1,1,0,0,0,0,0,0,0,0,0,3,2,11,1,4,0,56,36,20,8,0.6428571428571429,0.3571428571428571,0.0,0.0,0.1964285714285714,0.0714285714285714,0.0,0.0714285714285714,0.1428571428571428,1,1.0,javascript,pissang/claygl,,-2.3360325117126086
1,1,0,0,2,0,0,0,0,2,2,2,2,10,3,5,4,86,55,31,10,0.6395348837209303,0.3604651162790697,0.0232558139534883,0.0232558139534883,0.1162790697674418,0.0581395348837209,0.0,0.0581395348837209,0.1162790697674418,3,1.0,javascript,Tamersoul/magic-wand-js,,-1.3549161912656107
3,3,0,0,0,0,0,0,0,4,4,0,1,20,3,4,1,95,63,32,18,0.6631578947368421,0.3368421052631579,0.0,0.0421052631578947,0.2105263157894736,0.0421052631578947,0.0,0.0421052631578947,0.1894736842105263,1,1.0,javascript,LightCircle/LightCore,setUpdateListener,-1.4403180935978013
1,12,3,3,4,0,0,0,5,19,19,11,2,128,8,13,16,748,523,225,23,0.6991978609625669,0.3008021390374331,0.0053475935828877,0.0254010695187165,0.1711229946524064,0.017379679144385,0.0040106951871657,0.017379679144385,0.0307486631016042,5,12.0,javascript,feathers-plus/feathers-authentication-management,AuthManagement,5.302442149462516
1,4,0,0,3,0,0,0,2,16,16,0,29,72,9,6,22,457,303,154,29,0.6630196936542669,0.336980306345733,0.0065645514223194,0.0350109409190372,0.1575492341356674,0.0131291028446389,0.0,0.0131291028446389,0.0634573304157549,4,4.0,javascript,CocoonIO/cocoon-cloud-sdk,downloadProjectCompilation,3.0848285358456895
2,2,5,5,6,0,0,0,1,13,13,11,25,115,10,14,34,651,454,197,16,0.6973886328725039,0.3026113671274961,0.0092165898617511,0.0199692780337941,0.1766513056835637,0.021505376344086,0.0076804915514592,0.021505376344086,0.0245775729646697,7,1.0,javascript,apache/cordova-ios,getXcodeBuildArgs,5.035461674591818
1,1,12,12,5,1,0,0,0,10,10,4,9,75,8,14,13,409,280,129,15,0.684596577017115,0.3154034229828851,0.0146699266503667,0.0244498777506112,0.1833740831295843,0.0342298288508557,0.0293398533007334,0.0342298288508557,0.0366748166259168,7,1.0,javascript,ariatemplates/ariatemplates,,3.4573190676089625
1,1,4,4,0,2,0,0,1,4,4,3,3,27,3,4,4,154,108,46,13,0.7012987012987013,0.2987012987012987,0.0129870129870129,0.0259740259740259,0.1753246753246753,0.0259740259740259,0.0259740259740259,0.0259740259740259,0.0844155844155844,3,1.0,javascript,skerit/alchemy-styleboost,,-0.01139120320920603
2,2,2,2,2,0,0,0,1,14,14,1,6,37,3,14,10,276,180,96,17,0.6521739130434783,0.3478260869565217,0.0072463768115942,0.0507246376811594,0.1340579710144927,0.0507246376811594,0.0072463768115942,0.0507246376811594,0.0615942028985507,3,1.0,javascript,bvalosek/grunt-infusionsoft,,1.055501070281637
2,2,5,5,6,0,0,0,1,9,9,4,3,51,9,7,4,252,164,88,14,0.6507936507936508,0.3492063492063492,0.0238095238095238,0.0357142857142857,0.2023809523809523,0.0277777777777777,0.0198412698412698,0.0277777777777777,0.0555555555555555,7,1.0,javascript,taion/rrtr,listenBeforeLeavingRoute,1.8469920733596865
1,1,3,3,2,0,0,0,0,2,2,1,0,20,3,4,2,104,71,33,10,0.6826923076923077,0.3173076923076923,0.0192307692307692,0.0192307692307692,0.1923076923076923,0.0384615384615384,0.0288461538461538,0.0384615384615384,0.0961538461538461,3,1.0,javascript,ariatemplates/ariatemplates,,-0.8967199174453954
1,1,0,0,0,0,0,1,6,6,6,0,0,32,1,1,21,208,154,54,11,0.7403846153846154,0.2596153846153846,0.0,0.0288461538461538,0.1538461538461538,0.0048076923076923,0.0,0.0048076923076923,0.0528846153846153,1,1.0,javascript,SAP/openui5,,-0.1532936576156203
3,3,4,4,7,0,0,0,1,15,15,8,2,71,11,18,17,442,290,152,23,0.6561085972850679,0.3438914027149321,0.0158371040723981,0.0339366515837104,0.1606334841628959,0.0407239819004524,0.0090497737556561,0.0407239819004524,0.0520361990950226,8,1.0,javascript,ionic-team/ionic-app-scripts,,3.945725480376197
3,3,1,1,1,0,0,0,1,5,5,1,2,26,4,3,0,131,90,41,18,0.6870229007633588,0.3129770992366412,0.0076335877862595,0.0381679389312977,0.1984732824427481,0.0229007633587786,0.0076335877862595,0.0229007633587786,0.1374045801526717,2,1.0,javascript,Mosho1/reacquire,searchCache,-0.552031139966227
1,1,1,1,0,0,0,0,0,4,4,4,0,35,1,5,1,122,86,36,8,0.7049180327868853,0.2950819672131147,0.0,0.0327868852459016,0.2868852459016393,0.040983606557377,0.0081967213114754,0.040983606557377,0.0655737704918032,1,1.0,javascript,strongloop/strong-mq,CreateStomp,-1.2251135488859495
1,1,2,2,1,0,0,0,1,2,2,7,10,31,3,7,20,191,133,58,9,0.6963350785340314,0.3036649214659686,0.0052356020942408,0.0104712041884816,0.1623036649214659,0.0366492146596858,0.0104712041884816,0.0366492146596858,0.0471204188481675,2,1.0,javascript,greggman/twgl.js,normalize,-0.008972268388915584
1,1,1,1,0,0,0,0,1,3,3,0,2,11,1,1,0,63,42,21,10,0.6666666666666666,0.3333333333333333,0.0,0.0476190476190476,0.1746031746031746,0.0158730158730158,0.0158730158730158,0.0158730158730158,0.1587301587301587,1,1.0,javascript,postmanlabs/postman-collection,,-2.0509530991310547
1,1,4,4,4,2,0,0,1,6,6,2,25,56,1,5,36,357,255,102,10,0.7142857142857143,0.2857142857142857,0.0168067226890756,0.0168067226890756,0.1568627450980392,0.0140056022408963,0.011204481792717,0.0140056022408963,0.0280112044817927,7,1.0,javascript,espruino/EspruinoTools,setStorageBufferFile,2.2421490398101556
16,16,23,23,14,0,0,0,5,80,80,12,19,347,36,39,56,1737,1191,546,43,0.6856649395509499,0.3143350604490501,0.0080598733448474,0.0460564191134139,0.1997697179044329,0.0224525043177892,0.0132412204951065,0.0224525043177892,0.0247553252734599,15,1.0,javascript,apache/cordova-plugin-file-transfer,,20.67611384598251
1,1,0,0,0,0,0,0,0,4,4,0,0,18,1,4,8,107,75,32,7,0.7009345794392523,0.2990654205607476,0.0,0.0373831775700934,0.1682242990654205,0.0373831775700934,0.0,0.0373831775700934,0.0654205607476635,1,1.0,javascript,SeleniumHQ/selenium,configureExecutor,-1.6323680205232876
1,1,0,0,1,0,0,0,1,3,3,0,4,11,3,1,3,76,49,27,13,0.6447368421052632,0.3552631578947368,0.0131578947368421,0.0394736842105263,0.1447368421052631,0.0131578947368421,0.0,0.0131578947368421,0.1710526315789473,2,1.0,javascript,optimizely/javascript-sdk,,-1.700208631918427
1,1,4,4,2,0,0,0,1,4,4,1,4,23,3,2,4,116,77,39,11,0.6637931034482759,0.3362068965517241,0.0172413793103448,0.0344827586206896,0.1982758620689655,0.0172413793103448,0.0344827586206896,0.0172413793103448,0.0948275862068965,3,1.0,javascript,cast-org/figuration,,-0.5158760509015183
1,1,1,1,2,0,0,0,0,5,5,0,0,20,3,3,4,115,78,37,9,0.6782608695652174,0.3217391304347826,0.017391304347826,0.0434782608695652,0.1739130434782608,0.0260869565217391,0.008695652173913,0.0260869565217391,0.0782608695652174,3,1.0,javascript,Microsoft/vscode,configureCommandlineSwitches,-0.986177982978451
1,1,14,14,6,0,0,0,5,7,7,3,35,127,9,3,20,552,383,169,14,0.6938405797101449,0.3061594202898551,0.0108695652173913,0.0126811594202898,0.2300724637681159,0.0054347826086956,0.0253623188405797,0.0054347826086956,0.0253623188405797,7,1.0,javascript,sociomantic-tsunami/nessie-ui,bidiSimplify,4.879346323614068
1,1,2,2,2,0,0,0,1,30,30,2,1,106,4,17,3,439,284,155,14,0.6469248291571754,0.3530751708428246,0.0045558086560364,0.0683371298405467,0.2414578587699316,0.0387243735763098,0.0045558086560364,0.0387243735763098,0.0318906605922551,3,1.0,javascript,nfantone/mu-koan,bootstrap,2.4773467219776313
1,1,2,2,1,0,0,0,1,6,6,3,6,26,2,3,4,113,75,38,14,0.6637168141592921,0.336283185840708,0.0088495575221238,0.0530973451327433,0.2300884955752212,0.0265486725663716,0.0176991150442477,0.0265486725663716,0.1238938053097345,2,1.0,javascript,splunk/splunk-sdk-javascript,correctFloat,-0.7234523633426482
1,1,1,1,3,1,0,0,1,2,2,3,6,21,5,3,8,130,89,41,12,0.6846153846153846,0.3153846153846154,0.0307692307692307,0.0153846153846153,0.1615384615384615,0.023076923076923,0.0076923076923076,0.023076923076923,0.0923076923076923,5,1.0,javascript,splunk/splunk-sdk-javascript,brighten,-0.0903133019100875
1,1,3,3,3,0,0,0,4,6,6,1,5,53,4,1,4,220,159,61,11,0.7227272727272728,0.2772727272727273,0.0136363636363636,0.0272727272727272,0.2409090909090909,0.0045454545454545,0.0136363636363636,0.0045454545454545,0.05,4,1.0,javascript,o2team/athena,build,0.5660156669861273
1,1,2,2,1,0,0,0,1,7,7,0,0,24,2,0,1,115,77,38,12,0.6695652173913044,0.3304347826086956,0.008695652173913,0.0608695652173913,0.208695652173913,0.0,0.017391304347826,0.0,0.1043478260869565,2,1.0,javascript,mtth/avsc,readHead,-1.0366527020816356
2,2,3,3,2,0,0,0,0,7,7,0,2,35,5,5,2,169,110,59,20,0.650887573964497,0.3491124260355029,0.0118343195266272,0.0414201183431952,0.2071005917159763,0.029585798816568,0.0177514792899408,0.029585798816568,0.1183431952662721,3,1.0,javascript,hl198181/neptune,,0.04769349908338541
1,1,4,4,5,0,2,0,3,1,1,6,17,49,13,6,12,279,189,90,17,0.6774193548387096,0.3225806451612903,0.025089605734767,0.003584229390681,0.1756272401433691,0.021505376344086,0.014336917562724,0.021505376344086,0.060931899641577,8,1.0,javascript,domvm/domvm,binaryFindLarger,2.8469053767127215
1,1,7,7,4,0,0,0,2,5,5,6,27,77,5,7,7,349,235,114,13,0.673352435530086,0.326647564469914,0.0114613180515759,0.0143266475644699,0.2206303724928366,0.0200573065902578,0.0200573065902578,0.0200573065902578,0.0372492836676217,5,1.0,javascript,NASAWorldWind/WebWorldWind,geodeticToGeocentric,2.323368990977959
1,4,1,1,3,0,0,0,2,6,6,4,1,25,7,9,6,192,123,69,20,0.640625,0.359375,0.015625,0.03125,0.1302083333333333,0.046875,0.0052083333333333,0.046875,0.1041666666666666,4,4.0,javascript,karma-runner/karma,CaptureTimeoutLauncher,0.5377523741220943
1,1,0,0,0,0,0,0,0,0,0,3,1,11,1,3,0,60,40,20,8,0.6666666666666666,0.3333333333333333,0.0,0.0,0.1833333333333333,0.05,0.0,0.05,0.1333333333333333,1,1.0,javascript,noderaider/repackage,setKey,-2.2876836169039665
2,2,1,1,2,0,0,0,1,5,5,2,1,33,5,5,1,162,112,50,14,0.691358024691358,0.3086419753086419,0.0123456790123456,0.0308641975308641,0.2037037037037037,0.0308641975308641,0.0061728395061728,0.0308641975308641,0.0864197530864197,3,1.0,javascript,Allenice/madoka,,-0.21480095412634037
1,1,0,0,0,0,0,0,0,4,4,3,0,17,1,4,0,89,59,30,11,0.6629213483146067,0.3370786516853932,0.0,0.0449438202247191,0.1910112359550561,0.0449438202247191,0.0,0.0449438202247191,0.1235955056179775,1,1.0,javascript,vseryakov/backendjs,,-1.7835008248507325
2,2,4,4,4,0,0,0,2,13,13,5,12,53,7,5,17,329,219,110,28,0.6656534954407295,0.3343465045592705,0.0121580547112462,0.0395136778115501,0.1610942249240121,0.0151975683890577,0.0121580547112462,0.0151975683890577,0.0851063829787234,5,1.0,javascript,mattmccray/blam.js,compile_fancy,2.578772711192977
1,1,1,1,4,0,0,0,0,7,7,1,4,42,5,7,4,225,148,77,12,0.6577777777777778,0.3422222222222222,0.0177777777777777,0.0311111111111111,0.1866666666666666,0.0311111111111111,0.0044444444444444,0.0311111111111111,0.0533333333333333,5,1.0,javascript,bizdevfe/biz-ui,,0.3213966449935204
1,1,1,1,0,0,0,0,1,5,5,0,0,29,1,0,0,109,77,32,14,0.7064220183486238,0.2935779816513761,0.0,0.0458715596330275,0.2660550458715596,0.0,0.0091743119266055,0.0,0.128440366972477,1,1.0,javascript,CleverCloud/clever-tools,performPreorder,-1.4505781563077316
1,1,4,4,0,1,0,0,1,6,6,0,3,24,2,2,20,240,171,69,13,0.7125,0.2875,0.0041666666666666,0.025,0.1,0.0083333333333333,0.0166666666666666,0.0083333333333333,0.0541666666666666,2,1.0,javascript,MrSwitch/hello.js,,0.10941348741057125
1,1,1,1,0,0,0,0,1,1,1,0,8,13,1,1,5,79,53,26,12,0.6708860759493671,0.3291139240506329,0.0,0.0126582278481012,0.1645569620253164,0.0126582278481012,0.0126582278481012,0.0126582278481012,0.1518987341772152,1,1.0,javascript,saebekassebil/teoria,,-1.8314895419521244
1,1,4,4,0,1,0,0,0,2,2,2,1,29,3,6,2,143,100,43,11,0.6993006993006993,0.3006993006993007,0.0069930069930069,0.0139860139860139,0.2027972027972027,0.0419580419580419,0.0279720279720279,0.0419580419580419,0.0769230769230769,2,1.0,javascript,kogarashisan/LiquidLava,,-0.573923810894193
2,2,1,1,0,0,0,0,2,2,2,2,1,12,2,2,3,78,52,26,12,0.6666666666666666,0.3333333333333333,0.0,0.0256410256410256,0.1538461538461538,0.0256410256410256,0.0128205128205128,0.0256410256410256,0.1538461538461538,1,1.0,javascript,sbruchmann/fn-stack,FNStack,-1.6038967418625825
1,1,7,7,0,0,0,0,0,8,8,0,0,120,1,7,128,826,640,186,11,0.774818401937046,0.2251815980629539,0.0,0.009685230024213,0.1452784503631961,0.0084745762711864,0.0084745762711864,0.0084745762711864,0.0133171912832929,1,1.0,javascript,gitbrent/PptxGenJS,slide15,3.8558332741234964
1,1,1,1,1,0,0,0,2,3,3,0,0,12,2,1,1,59,39,20,8,0.6610169491525424,0.3389830508474576,0.0169491525423728,0.0508474576271186,0.2033898305084746,0.0169491525423728,0.0169491525423728,0.0169491525423728,0.135593220338983,2,1.0,javascript,byron-dupreez/aws-core-utils,deleteKMS,-1.679528468217021
2,2,5,5,10,0,0,0,9,13,13,9,23,67,8,10,37,447,318,129,19,0.7114093959731543,0.2885906040268456,0.0223713646532438,0.029082774049217,0.1498881431767337,0.0223713646532438,0.0111856823266219,0.0223713646532438,0.0425055928411633,11,1.0,javascript,RusticiSoftware/TinCanJS,EUCJPDecoder,5.222382211447051
1,1,1,1,1,1,0,0,0,10,10,0,2,39,3,8,5,187,126,61,11,0.6737967914438503,0.3262032085561497,0.0106951871657754,0.053475935828877,0.2085561497326203,0.0427807486631016,0.0053475935828877,0.0427807486631016,0.0588235294117647,3,1.0,javascript,aaronabramov/esfmt,short,-0.10725998086521829
4,4,1,1,2,0,0,0,5,8,8,1,5,36,7,2,3,189,125,64,23,0.6613756613756614,0.3386243386243386,0.0105820105820105,0.0423280423280423,0.1904761904761904,0.0105820105820105,0.0052910052910052,0.0105820105820105,0.1216931216931216,3,1.0,javascript,ynab/ynab-sdk-js,,0.8313420059878492
1,1,4,4,3,0,0,0,0,10,10,1,6,45,4,4,1,187,123,64,13,0.6577540106951871,0.3422459893048128,0.0160427807486631,0.053475935828877,0.2406417112299465,0.0213903743315508,0.0213903743315508,0.0213903743315508,0.0695187165775401,4,1.0,javascript,infrabel/themes-gnap,addOrSubtractDurationFromMoment,0.40305271752020716
1,1,0,0,1,0,0,0,2,2,2,0,1,15,2,1,0,68,47,21,10,0.6911764705882353,0.3088235294117647,0.0147058823529411,0.0294117647058823,0.2205882352941176,0.0147058823529411,0.0,0.0147058823529411,0.1470588235294117,2,1.0,javascript,wellcaffeinated/PhysicsJS,,-1.7478074816127307
1,1,0,0,0,0,0,0,0,1,1,5,0,12,1,5,4,82,56,26,7,0.6829268292682927,0.3170731707317073,0.0,0.0121951219512195,0.1463414634146341,0.0609756097560975,0.0,0.0609756097560975,0.0853658536585365,1,1.0,javascript,apache/incubator-echarts,BMapCoordSys,-1.8276723124646048
10,10,7,7,13,0,0,0,0,34,34,5,18,185,29,24,22,959,649,310,48,0.6767466110531803,0.3232533889468196,0.013555787278415,0.0354535974973931,0.1929092805005213,0.0250260688216892,0.0072992700729927,0.0250260688216892,0.0500521376433785,14,1.0,javascript,UXFoundry/hashdo,,11.31373858122318
1,1,0,0,1,0,0,0,1,1,1,3,0,11,2,4,2,80,52,28,12,0.65,0.35,0.0125,0.0125,0.1375,0.05,0.0,0.05,0.15,2,1.0,javascript,balderdashy/waterline,,-1.7026976400071174
6,6,5,5,10,0,0,0,6,17,17,3,7,78,9,16,10,476,312,164,22,0.6554621848739496,0.3445378151260504,0.0210084033613445,0.0357142857142857,0.1638655462184874,0.0336134453781512,0.0105042016806722,0.0336134453781512,0.0462184873949579,11,1.0,javascript,xiamidaxia/xiami,,5.166070294711149
2,2,1,1,0,0,0,0,0,2,2,1,0,12,2,4,0,72,49,23,12,0.6805555555555556,0.3194444444444444,0.0,0.0277777777777777,0.1666666666666666,0.0555555555555555,0.0138888888888888,0.0555555555555555,0.1666666666666666,1,1.0,javascript,neurospeech/web-atoms.js,,-1.8200118219898043
3,3,2,2,2,0,0,0,1,7,7,8,0,38,5,10,19,273,182,91,14,0.6666666666666666,0.3333333333333333,0.0073260073260073,0.0256410256410256,0.1391941391941392,0.0366300366300366,0.0073260073260073,0.0366300366300366,0.0512820512820512,3,1.0,javascript,ColorlibHQ/AdminLTE,,1.054641719373502
8,8,7,7,2,0,0,0,5,19,19,5,11,112,10,8,12,532,359,173,31,0.674812030075188,0.325187969924812,0.0037593984962406,0.0357142857142857,0.2105263157894736,0.0150375939849624,0.0131578947368421,0.0150375939849624,0.0582706766917293,3,1.0,javascript,TerriaJS/terriajs,loadConcepts,5.1009018993455575
1,1,2,2,0,0,0,0,1,2,2,0,0,15,1,1,0,60,42,18,9,0.7,0.3,0.0,0.0333333333333333,0.25,0.0166666666666666,0.0333333333333333,0.0166666666666666,0.15,1,1.0,javascript,ryedog/stallion,,-1.933346311794471
1,1,2,2,3,0,0,0,4,5,5,0,3,20,5,0,3,125,81,44,14,0.648,0.352,0.024,0.04,0.16,0.0,0.016,0.0,0.112,4,1.0,javascript,archilogic-com/3dio-js,normalizeInput,-0.2688503530520345
1,1,0,0,0,0,0,0,1,2,2,0,12,19,1,0,1,82,53,29,11,0.6463414634146342,0.3536585365853658,0.0,0.024390243902439,0.2317073170731707,0.0,0.0,0.0,0.1341463414634146,1,1.0,javascript,kaizhu256/node-utility2,is_false,-1.87731963594543
1,1,0,0,0,0,0,0,0,4,4,0,0,12,1,3,2,57,36,21,9,0.631578947368421,0.3684210526315789,0.0,0.0701754385964912,0.2105263157894736,0.0526315789473684,0.0,0.0526315789473684,0.1578947368421052,1,1.0,javascript,mongoose-helpers/setup-db,addRoutes,-2.2777465585291687
2,2,2,2,4,0,0,0,1,3,3,5,7,47,6,9,15,284,190,94,16,0.6690140845070423,0.3309859154929577,0.0140845070422535,0.0105633802816901,0.1654929577464788,0.0316901408450704,0.0070422535211267,0.0316901408450704,0.056338028169014,5,1.0,javascript,vindm/procss,,1.227422930458507
1,1,1,1,16,0,3,1,10,3,3,21,50,173,7,27,43,971,669,302,15,0.6889804325437693,0.3110195674562307,0.01956745623069,0.0030895983522142,0.1781668383110195,0.0278063851699279,0.0010298661174047,0.0278063851699279,0.015447991761071,20,1.0,javascript,stdarg/sprintf.js,parseFormatDescriptor,10.10435832788968
1,1,0,0,0,0,0,0,0,11,11,11,2,35,1,16,10,248,165,83,9,0.6653225806451613,0.3346774193548387,0.0,0.0443548387096774,0.1411290322580645,0.064516129032258,0.0,0.064516129032258,0.0362903225806451,1,1.0,javascript,DeMille/dnssd.js,UnicastResponse,0.1381487463199445
2,2,1,1,2,0,0,0,1,6,6,2,2,24,4,6,3,135,89,46,15,0.6592592592592592,0.3407407407407407,0.0148148148148148,0.0444444444444444,0.1777777777777777,0.0444444444444444,0.0074074074074074,0.0444444444444444,0.1111111111111111,3,1.0,javascript,adrai/node-cqrs-saga,,-0.35770065852408417
1,2,2,2,1,0,0,0,0,7,7,1,1,20,3,3,2,119,77,42,11,0.6470588235294118,0.3529411764705882,0.0084033613445378,0.0588235294117647,0.1680672268907563,0.0252100840336134,0.0168067226890756,0.0252100840336134,0.0924369747899159,2,2.0,javascript,Izhaki/nodemon-webpack-plugin,checkOutput,-0.9272541042541838
1,1,1,1,4,0,0,0,4,0,0,2,12,34,7,2,4,172,120,52,13,0.6976744186046512,0.3023255813953488,0.0232558139534883,0.0,0.1976744186046511,0.0116279069767441,0.005813953488372,0.0116279069767441,0.0755813953488372,5,1.0,javascript,csbun/resize-image,getNewImageDimentions,0.3312213028625585
1,1,0,0,0,0,0,0,0,2,2,5,2,20,1,7,3,101,69,32,7,0.6831683168316832,0.3168316831683168,0.0,0.0198019801980198,0.198019801980198,0.0693069306930693,0.0,0.0693069306930693,0.0693069306930693,1,1.0,javascript,stevebest/passport-vkontakte,VkontakteAuthorizationError,-1.5314782522037658
1,1,5,5,2,1,0,0,3,16,16,1,3,64,1,4,5,281,186,95,12,0.6619217081850534,0.3380782918149466,0.0106761565836298,0.0569395017793594,0.2277580071174377,0.0142348754448398,0.0177935943060498,0.0142348754448398,0.0427046263345195,4,1.0,javascript,neyric/webhookit,,1.2983764830167552
2,2,1,1,2,0,0,0,0,5,5,3,4,32,4,8,3,176,116,60,12,0.6590909090909091,0.3409090909090909,0.0113636363636363,0.0284090909090909,0.1818181818181818,0.0454545454545454,0.0056818181818181,0.0454545454545454,0.0681818181818181,3,1.0,javascript,arendjr/selectivity,,-0.19040220190303692
1,1,1,1,1,0,0,0,1,1,1,0,2,10,1,1,3,70,46,24,8,0.6571428571428571,0.3428571428571428,0.0142857142857142,0.0142857142857142,0.1428571428571428,0.0142857142857142,0.0142857142857142,0.0142857142857142,0.1142857142857142,2,1.0,javascript,jaggedsoft/node-binance-api,prices,-1.807692415797493
1,1,1,1,0,0,0,0,1,4,4,0,0,13,1,0,1,53,37,16,10,0.6981132075471698,0.3018867924528302,0.0,0.0754716981132075,0.2452830188679245,0.0,0.0188679245283018,0.0,0.1886792452830188,1,1.0,javascript,zhanziyang/vue-croppa,reject,-2.081752613049994
3,3,8,8,6,3,0,0,1,15,15,1,12,74,6,13,10,385,258,127,16,0.6701298701298701,0.3298701298701298,0.0233766233766233,0.0389610389610389,0.1922077922077922,0.0337662337662337,0.0207792207792207,0.0337662337662337,0.0415584415584415,10,1.0,javascript,basisjs/basisjs,checkUrl,3.981845712249893
1,1,1,1,1,0,0,0,0,3,3,2,2,20,1,2,2,95,63,32,11,0.6631578947368421,0.3368421052631579,0.0105263157894736,0.031578947368421,0.2105263157894736,0.0210526315789473,0.0105263157894736,0.0210526315789473,0.1157894736842105,2,1.0,javascript,usrz/javascript-rodosha,Request,-1.4550898981149611
1,1,1,1,2,0,0,0,2,9,9,3,8,73,3,3,19,369,256,113,12,0.6937669376693767,0.3062330623306233,0.005420054200542,0.024390243902439,0.1978319783197832,0.008130081300813,0.002710027100271,0.008130081300813,0.032520325203252,3,1.0,javascript,h1bomb/yo,procOptions,1.0687870678223108
3,3,3,3,18,0,0,0,2,37,37,9,19,171,16,17,13,858,561,297,20,0.6538461538461539,0.3461538461538461,0.0209790209790209,0.0431235431235431,0.1993006993006993,0.0198135198135198,0.0034965034965034,0.0198135198135198,0.0233100233100233,19,1.0,javascript,veo-labs/openveo-api,findDependencies,8.9446890925093
1,1,0,0,1,0,0,0,1,3,3,0,1,9,2,1,3,58,39,19,11,0.6724137931034483,0.3275862068965517,0.0172413793103448,0.0517241379310344,0.1551724137931034,0.0172413793103448,0.0,0.0172413793103448,0.1896551724137931,2,1.0,javascript,lennartcl/jsonm,tryPackErrorKeys,-1.914454428045828
1,1,0,0,1,0,0,0,0,5,5,1,0,24,2,5,20,217,157,60,10,0.7235023041474654,0.2764976958525346,0.0046082949308755,0.0230414746543778,0.1105990783410138,0.0230414746543778,0.0,0.0230414746543778,0.0460829493087557,2,1.0,javascript,adobe/brackets,init,-0.5647004757967619
1,1,0,0,1,0,0,0,0,4,4,0,1,19,2,4,1,102,66,36,11,0.6470588235294118,0.3529411764705882,0.0098039215686274,0.0392156862745098,0.1862745098039215,0.0392156862745098,0.0,0.0392156862745098,0.1078431372549019,2,1.0,javascript,melonjs/melonJS,,-1.5320878739181187
1,1,1,1,1,0,0,0,1,2,2,5,2,22,2,5,5,111,75,36,10,0.6756756756756757,0.3243243243243243,0.009009009009009,0.018018018018018,0.1981981981981982,0.045045045045045,0.009009009009009,0.045045045045045,0.09009009009009,2,1.0,javascript,kgryte/utils-ini-parse,parse,-1.0342415777484848
1,1,2,2,2,0,0,0,0,2,2,2,2,30,3,3,1,131,90,41,11,0.6870229007633588,0.3129770992366412,0.015267175572519,0.015267175572519,0.2290076335877862,0.0229007633587786,0.015267175572519,0.0229007633587786,0.0839694656488549,3,1.0,javascript,openlayers/openlayers,layersPBFReader,-0.7870427911556239
1,1,8,8,3,0,0,0,1,14,14,0,4,69,4,8,5,333,224,109,11,0.6726726726726727,0.3273273273273273,0.009009009009009,0.042042042042042,0.2072072072072072,0.024024024024024,0.024024024024024,0.024024024024024,0.033033033033033,4,1.0,javascript,Tamersoul/magic-wand-js,,1.6787451302069876
2,2,0,0,1,0,0,0,1,3,3,0,0,17,3,3,0,74,53,21,13,0.7162162162162162,0.2837837837837837,0.0135135135135135,0.0405405405405405,0.2297297297297297,0.0405405405405405,0.0,0.0405405405405405,0.1756756756756756,2,1.0,javascript,adobe/brackets,_removeAndInstall,-1.4585994977161088
1,1,0,0,0,0,0,0,2,3,3,1,0,13,3,1,2,70,48,22,10,0.6857142857142857,0.3142857142857143,0.0,0.0428571428571428,0.1857142857142857,0.0142857142857142,0.0,0.0142857142857142,0.1428571428571428,1,1.0,javascript,bitnami/nami-utils,isFile,-1.8689890830284583
1,1,0,0,6,0,0,0,1,3,3,10,5,36,3,12,10,225,150,75,9,0.6666666666666666,0.3333333333333333,0.0266666666666666,0.0133333333333333,0.16,0.0533333333333333,0.0,0.0533333333333333,0.04,7,1.0,javascript,TooTallNate/node-wav,Writer,0.8558450849132873
1,1,2,2,1,0,0,0,1,1,1,1,4,20,2,1,5,96,65,31,11,0.6770833333333334,0.3229166666666667,0.0104166666666666,0.0104166666666666,0.2083333333333333,0.0104166666666666,0.0208333333333333,0.0104166666666666,0.1145833333333333,2,1.0,javascript,akabekobeko/npm-wpxml2md,Cell,-1.2815526691705654
1,1,0,0,0,0,0,0,0,2,2,4,3,19,1,5,3,99,68,31,8,0.6868686868686869,0.3131313131313131,0.0,0.0202020202020202,0.1919191919191919,0.0505050505050505,0.0,0.0505050505050505,0.0808080808080808,1,1.0,javascript,cliffano/eggtart,Eggtart,-1.609279456909327
1,1,0,0,1,0,0,0,2,3,3,0,0,10,2,0,0,55,36,19,8,0.6545454545454545,0.3454545454545454,0.0181818181818181,0.0545454545454545,0.1818181818181818,0.0,0.0,0.0,0.1454545454545454,2,1.0,javascript,multiplex/multiplex.js,toArray,-1.9193568189661296
1,1,3,3,3,0,0,0,2,2,2,7,4,67,6,9,6,299,203,96,12,0.6789297658862876,0.3210702341137124,0.0100334448160535,0.0066889632107023,0.2240802675585284,0.0301003344481605,0.0100334448160535,0.0301003344481605,0.040133779264214,4,1.0,javascript,prebid/Prebid.js,,1.0339194465280874
1,1,2,2,3,0,0,0,1,2,2,4,13,49,5,5,6,221,150,71,18,0.6787330316742082,0.3212669683257919,0.0135746606334841,0.0090497737556561,0.2217194570135746,0.0226244343891402,0.0090497737556561,0.0226244343891402,0.0814479638009049,4,1.0,javascript,octoblu/meshblu,,0.5668456326158033
1,1,0,0,2,0,0,0,0,3,3,2,0,18,3,4,0,92,59,33,13,0.6413043478260869,0.358695652173913,0.0217391304347826,0.0326086956521739,0.1956521739130435,0.0434782608695652,0.0,0.0434782608695652,0.1413043478260869,3,1.0,javascript,neyric/webhookit,,-1.3295540177997296
1,1,3,3,1,0,1,0,0,8,8,3,2,34,3,5,2,179,119,60,13,0.664804469273743,0.3351955307262569,0.0111731843575419,0.0446927374301676,0.1899441340782122,0.0279329608938547,0.0167597765363128,0.0279329608938547,0.0726256983240223,3,1.0,javascript,neurospeech/web-atoms.js,,0.15218714325313068
1,1,2,2,0,0,0,0,1,0,0,0,7,14,1,1,7,87,61,26,14,0.7011494252873564,0.2988505747126437,0.0,0.0,0.160919540229885,0.0114942528735632,0.0229885057471264,0.0114942528735632,0.160919540229885,1,1.0,javascript,clientIO/joint,,-1.623435309391211
3,3,5,5,0,0,0,0,2,2,2,0,1,27,3,1,3,128,88,40,15,0.6875,0.3125,0.0,0.015625,0.2109375,0.0078125,0.0390625,0.0078125,0.1171875,1,1.0,javascript,ariatemplates/ariatemplates,SkippedElementNavigationHandler,-0.5725636880915754
1,1,0,0,1,0,0,0,1,4,4,1,0,10,1,2,0,59,37,22,10,0.6271186440677966,0.3728813559322034,0.0169491525423728,0.0677966101694915,0.1694915254237288,0.0338983050847457,0.0,0.0338983050847457,0.1694915254237288,2,1.0,javascript,rpbouman/xmla4js,,-1.946335837122634
1,1,0,0,0,0,0,0,0,6,6,6,0,23,1,9,1,127,81,46,10,0.6377952755905512,0.3622047244094488,0.0,0.0472440944881889,0.1811023622047244,0.0708661417322834,0.0,0.0708661417322834,0.0787401574803149,1,1.0,javascript,stomita/node-salesforce,,-1.2104035965576736
1,1,2,2,2,0,0,0,1,10,10,0,4,33,4,2,3,184,123,61,17,0.6684782608695652,0.3315217391304347,0.0108695652173913,0.0543478260869565,0.1793478260869565,0.0108695652173913,0.0108695652173913,0.0108695652173913,0.092391304347826,3,1.0,javascript,neyric/webhookit,,-0.0058206812840561764
2,2,2,2,3,0,0,0,0,12,12,0,1,25,5,8,11,226,146,80,17,0.6460176991150443,0.3539823008849557,0.0132743362831858,0.0530973451327433,0.1106194690265486,0.0353982300884955,0.0088495575221238,0.0353982300884955,0.0752212389380531,4,1.0,javascript,titon/toolkit,,0.6253588254600918
8,8,6,6,11,0,0,0,5,17,17,3,13,106,16,14,4,543,359,184,22,0.6611418047882136,0.3388581952117864,0.0202578268876611,0.0313075506445672,0.1952117863720073,0.0257826887661141,0.011049723756906,0.0257826887661141,0.0405156537753222,12,1.0,javascript,thx/brix-loader,query,6.318379285013108
1,4,5,5,2,0,0,0,0,26,26,5,3,127,8,15,23,723,493,230,31,0.681881051175657,0.318118948824343,0.0027662517289073,0.0359612724757952,0.1756569847856154,0.0207468879668049,0.0069156293222683,0.0207468879668049,0.0428769017980636,3,4.0,javascript,blueberryapps/radium-bootstrap-grid,start,4.840515039157422
1,1,2,2,0,0,0,0,1,2,2,1,0,15,2,3,0,75,52,23,9,0.6933333333333334,0.3066666666666666,0.0,0.0266666666666666,0.2,0.04,0.0266666666666666,0.04,0.12,1,1.0,javascript,skaterdav85/validatorjs,,-1.6775953271542736
1,1,0,0,1,0,0,0,0,3,3,1,0,12,2,3,0,57,36,21,9,0.631578947368421,0.3684210526315789,0.0175438596491228,0.0526315789473684,0.2105263157894736,0.0526315789473684,0.0,0.0526315789473684,0.1578947368421052,2,1.0,javascript,opendigitaleducation/sijil.js,endNode,-1.9830148723109504
1,1,1,1,1,0,0,0,0,4,4,1,0,18,2,4,0,80,52,28,9,0.65,0.35,0.0125,0.05,0.225,0.05,0.0125,0.05,0.1125,2,1.0,javascript,eclipse/orion.client,,-1.524539660715294
2,2,0,0,2,0,0,0,3,5,5,0,9,25,5,1,7,149,102,47,20,0.6845637583892618,0.3154362416107382,0.0134228187919463,0.0335570469798657,0.1677852348993288,0.0067114093959731,0.0,0.0067114093959731,0.1342281879194631,3,1.0,javascript,colinhemphill/pokenode,makeTheCall,-0.13951132016692805
1,1,4,4,3,1,0,0,2,1,1,0,3,37,5,6,1,178,120,58,12,0.6741573033707865,0.3258426966292135,0.0224719101123595,0.0056179775280898,0.2078651685393258,0.0337078651685393,0.0224719101123595,0.0337078651685393,0.0674157303370786,5,1.0,javascript,eclipse/orion.client,,0.28562913529011513
1,1,3,3,1,0,0,0,2,4,4,0,1,18,3,0,0,89,59,30,9,0.6629213483146067,0.3370786516853932,0.0112359550561797,0.0449438202247191,0.2022471910112359,0.0,0.0337078651685393,0.0,0.1011235955056179,2,1.0,javascript,kalabox/kalabox,handle,-1.1376421628636262
2,2,0,0,1,0,0,0,0,3,3,0,3,16,3,4,3,95,62,33,15,0.6526315789473685,0.3473684210526316,0.0105263157894736,0.031578947368421,0.1684210526315789,0.0421052631578947,0.0,0.0421052631578947,0.1578947368421052,2,1.0,javascript,Zizzamia/ng-tasty,,-1.3815437502800205
1,1,1,1,4,0,0,0,1,8,8,1,1,38,8,9,10,220,142,78,10,0.6454545454545455,0.3545454545454545,0.0181818181818181,0.0363636363636363,0.1727272727272727,0.0409090909090909,0.0045454545454545,0.0409090909090909,0.0454545454545454,5,1.0,javascript,jurca/szn-options,updateItem,0.5333702858611787
1,1,0,0,0,0,0,0,1,2,2,0,0,14,1,0,3,82,59,23,14,0.7195121951219512,0.2804878048780488,0.0,0.024390243902439,0.1707317073170731,0.0,0.0,0.0,0.1707317073170731,1,1.0,javascript,bipbop/bipbop-websocket,bundler,-1.983414937157309
1,1,2,2,0,0,0,0,1,3,3,2,3,18,1,3,4,79,55,24,11,0.6962025316455697,0.3037974683544304,0.0,0.0379746835443038,0.2278481012658227,0.0379746835443038,0.0253164556962025,0.0379746835443038,0.1392405063291139,1,1.0,javascript,zerobias/telegram-mtproto,randBigInt,-1.4755794908105992
1,1,2,2,1,1,0,0,0,149,149,0,23,326,4,101,136,2161,1409,752,16,0.6520129569643683,0.3479870430356316,0.0009254974548819,0.0689495603887089,0.1508560851457658,0.0467376214715409,0.0009254974548819,0.0467376214715409,0.0074039796390559,3,1.0,javascript,AlgoTrader/betfair-sports-api,encodeGetCurrentBets,18.430954392340904
5,5,6,6,6,0,0,0,7,20,20,0,8,93,11,4,14,491,337,154,23,0.6863543788187373,0.3136456211812627,0.0122199592668024,0.0407331975560081,0.1894093686354379,0.0081466395112016,0.0122199592668024,0.0081466395112016,0.0468431771894093,7,1.0,javascript,spacemaus/postvox,checkStanza,4.6659062903213755
7,8,4,4,8,0,0,0,7,24,24,13,7,136,13,26,23,727,495,232,23,0.6808803301237965,0.3191196698762035,0.0110041265474552,0.0330123796423658,0.18707015130674,0.0357634112792297,0.0055020632737276,0.0357634112792297,0.0316368638239339,9,1.1428571428571428,javascript,zhuangchuming/co-multipart,multipart,7.470628977538739
1,1,3,3,2,1,1,0,3,2,2,3,7,30,5,3,7,154,105,49,12,0.6818181818181818,0.3181818181818182,0.0259740259740259,0.0129870129870129,0.1948051948051948,0.0194805194805194,0.0194805194805194,0.0194805194805194,0.0779220779220779,5,1.0,javascript,jackbearheart/email-addresses,findNode,0.6399553728621353
1,1,1,1,2,0,0,0,2,4,4,1,0,27,2,3,2,111,78,33,9,0.7027027027027027,0.2972972972972973,0.018018018018018,0.036036036036036,0.2432432432432432,0.027027027027027,0.009009009009009,0.027027027027027,0.081081081081081,3,1.0,javascript,nodeGame/nodegame-server,addStepToBlock,-0.8447959932966016
1,1,3,3,0,0,0,0,1,6,6,3,2,24,1,3,6,139,94,45,10,0.6762589928057554,0.3237410071942446,0.0,0.0431654676258992,0.1726618705035971,0.0215827338129496,0.0215827338129496,0.0215827338129496,0.0719424460431654,1,1.0,javascript,ecomfe/rebas,compile,-0.8401320881759075
1,1,1,1,7,0,1,0,2,12,12,5,14,72,12,13,13,398,267,131,16,0.6708542713567839,0.329145728643216,0.0201005025125628,0.0301507537688442,0.1809045226130653,0.0326633165829145,0.0025125628140703,0.0326633165829145,0.0402010050251256,9,1.0,javascript,ryanramage/schema-couch-boilerplate,expression,3.4083800762482492
1,1,1,1,0,0,0,0,1,1,1,2,1,13,3,2,1,66,44,22,10,0.6666666666666666,0.3333333333333333,0.0,0.0151515151515151,0.1969696969696969,0.0303030303030303,0.0151515151515151,0.0303030303030303,0.1515151515151515,1,1.0,javascript,eclipse/orion.client,parsebody,-1.9363391634025056
4,4,6,6,4,0,0,0,3,11,11,9,5,79,10,15,8,410,275,135,19,0.6707317073170732,0.3292682926829268,0.0097560975609756,0.0268292682926829,0.1926829268292683,0.0365853658536585,0.0146341463414634,0.0365853658536585,0.0463414634146341,5,1.0,javascript,Mermade/oas-kit,objToGraph,3.46077728678217
1,1,0,0,0,0,0,0,1,3,3,0,0,15,1,1,0,52,39,13,10,0.75,0.25,0.0,0.0576923076923076,0.2884615384615384,0.0192307692307692,0.0,0.0192307692307692,0.1923076923076923,1,1.0,javascript,ynab/ynab-sdk-js,,-2.1623819496911443
2,2,1,1,1,0,0,0,0,5,5,3,0,19,3,7,2,132,86,46,11,0.6515151515151515,0.3484848484848485,0.0075757575757575,0.0378787878787878,0.1439393939393939,0.053030303030303,0.0075757575757575,0.053030303030303,0.0833333333333333,2,1.0,javascript,cargomedia/janus-gateway-js,Session,-0.8376300358039882
1,1,0,0,1,0,0,0,0,5,5,0,0,17,2,4,6,110,73,37,9,0.6636363636363637,0.3363636363636363,0.009090909090909,0.0454545454545454,0.1545454545454545,0.0363636363636363,0.0,0.0363636363636363,0.0818181818181818,2,1.0,javascript,AndiDittrich/NodeMCU-Tool,hardreset,-1.38800747031077
1,1,0,0,0,0,0,0,1,6,6,0,0,18,1,0,0,79,51,28,16,0.6455696202531646,0.3544303797468354,0.0,0.0759493670886076,0.2278481012658227,0.0,0.0,0.0,0.2025316455696202,1,1.0,javascript,justadudewhohacks/face-recognition.js,predict,-1.9635150617471664
6,6,2,2,1,0,0,0,2,7,7,2,2,37,8,7,4,181,124,57,25,0.6850828729281768,0.3149171270718232,0.005524861878453,0.0386740331491712,0.2044198895027624,0.0386740331491712,0.011049723756906,0.0386740331491712,0.1381215469613259,2,1.0,javascript,VKCOM/node-vk-call,repeater,0.9545330142609861
1,1,1,1,1,0,0,0,0,5,5,5,1,43,1,9,2,182,129,53,8,0.7087912087912088,0.2912087912087912,0.0054945054945054,0.0274725274725274,0.2362637362637362,0.0494505494505494,0.0054945054945054,0.0494505494505494,0.0439560439560439,2,1.0,javascript,looeee/npm-three-app,TubeGeometry,-0.5186706117572608
1,5,4,4,0,0,0,0,1,12,12,1,0,37,4,6,7,244,160,84,16,0.6557377049180327,0.3442622950819672,0.0,0.0491803278688524,0.151639344262295,0.0245901639344262,0.0163934426229508,0.0245901639344262,0.0655737704918032,1,5.0,javascript,felixrieseberg/npm-windows-upgrade,runSimpleUpgrade,0.4213475800462249
1,1,3,3,1,0,0,0,1,3,3,1,0,19,2,2,0,92,62,30,9,0.6739130434782609,0.3260869565217391,0.0108695652173913,0.0326086956521739,0.2065217391304347,0.0217391304347826,0.0326086956521739,0.0217391304347826,0.0978260869565217,2,1.0,javascript,eventbrite/britecharts,getCurrentData,-1.198912434084037
1,1,2,2,1,0,0,0,0,4,4,3,1,24,2,6,3,122,80,42,13,0.6557377049180327,0.3442622950819672,0.0081967213114754,0.0327868852459016,0.1967213114754098,0.0491803278688524,0.0163934426229508,0.0491803278688524,0.1065573770491803,2,1.0,javascript,lorenwest/node-monitor,,-0.934479024264364
7,7,34,34,5,0,0,0,0,86,86,8,25,246,13,41,75,1583,1071,512,19,0.6765634870499052,0.3234365129500947,0.0031585596967782,0.0543272267845862,0.1554011370814908,0.0259001895135818,0.0214782059380922,0.0259001895135818,0.0120025268477574,6,1.0,javascript,berkeleybop/bbopx-js,_repaint_on_callback,16.225726487448526
5,5,2,2,3,0,1,0,1,20,20,27,7,185,12,39,34,935,639,296,22,0.6834224598930482,0.3165775401069519,0.0042780748663101,0.0213903743315508,0.1978609625668449,0.041711229946524,0.002139037433155,0.041711229946524,0.0235294117647058,5,1.0,javascript,nodeGame/nodegame-server,LanguageSelector,7.837498681171801
5,5,12,12,3,1,0,0,3,23,23,8,11,154,9,23,21,707,479,228,22,0.6775106082036775,0.3224893917963224,0.0056577086280056,0.0325318246110325,0.2178217821782178,0.0325318246110325,0.0169731258840169,0.0325318246110325,0.0311173974540311,5,1.0,javascript,tencentyun/cos-js-sdk-v4,sliceInit,6.616466327009384
1,1,1,1,0,0,0,0,1,3,3,0,0,17,1,0,1,62,45,17,9,0.7258064516129032,0.2741935483870967,0.0,0.0483870967741935,0.2741935483870967,0.0,0.0161290322580645,0.0,0.1451612903225806,1,1.0,javascript,byron-dupreez/aws-core-utils,extractStageFromQualifiedResourceName,-1.9370342176396376
1,1,15,15,21,1,0,0,2,24,24,19,22,222,6,21,35,1028,704,324,15,0.6848249027237354,0.3151750972762646,0.0214007782101167,0.0233463035019455,0.2159533073929961,0.0204280155642023,0.0145914396887159,0.0204280155642023,0.0145914396887159,23,1.0,javascript,roofstock/ember-cli-data-export,parse_ws_xml,10.85778613038088
1,1,1,1,0,0,0,0,0,2,2,0,0,10,1,2,1,52,34,18,11,0.6538461538461539,0.3461538461538461,0.0,0.0384615384615384,0.1923076923076923,0.0384615384615384,0.0192307692307692,0.0384615384615384,0.2115384615384615,1,1.0,javascript,CyberAgent/beezlib,,-2.387720557749252
2,3,3,3,5,0,0,0,5,14,13,1,2,53,3,4,3,268,182,86,20,0.6791044776119403,0.3208955223880597,0.0186567164179104,0.0522388059701492,0.1977611940298507,0.0149253731343283,0.0111940298507462,0.0149253731343283,0.0746268656716417,6,1.5,javascript,nearform/udaru,update,1.7837617032169222
1,1,0,0,1,0,0,0,1,12,12,1,5,53,2,5,3,248,171,77,14,0.6895161290322581,0.3104838709677419,0.0040322580645161,0.0483870967741935,0.2137096774193548,0.0201612903225806,0.0,0.0201612903225806,0.0564516129032258,2,1.0,javascript,postmanlabs/postman-collection,,0.06756071248334503
1,1,2,2,1,0,0,0,2,1,1,0,16,23,1,1,13,134,95,39,12,0.7089552238805971,0.291044776119403,0.0074626865671641,0.0074626865671641,0.1716417910447761,0.0074626865671641,0.0149253731343283,0.0074626865671641,0.0895522388059701,2,1.0,javascript,tonistiigi/styler,,-0.666576363704573
1,1,1,1,1,0,0,0,2,1,1,0,4,12,3,1,4,78,53,25,13,0.6794871794871795,0.3205128205128205,0.0128205128205128,0.0128205128205128,0.1538461538461538,0.0128205128205128,0.0128205128205128,0.0128205128205128,0.1666666666666666,2,1.0,javascript,xavierpriour/grunt-stage,,-1.5058740233481978
3,3,0,0,0,0,0,0,3,5,5,0,3,18,3,1,5,117,77,40,16,0.6581196581196581,0.3418803418803419,0.0,0.0427350427350427,0.1538461538461538,0.0085470085470085,0.0,0.0085470085470085,0.1367521367521367,1,1.0,javascript,prey/prey-node-client,,-1.0101286652141088
2,2,1,1,1,0,0,0,2,3,3,1,1,23,3,2,1,102,73,29,13,0.7156862745098039,0.284313725490196,0.0098039215686274,0.0294117647058823,0.2254901960784313,0.0196078431372549,0.0098039215686274,0.0196078431372549,0.1274509803921568,2,1.0,javascript,traverson/halfred,parseHalProperty,-0.9752909598735726
1,1,3,3,5,0,0,0,1,7,7,6,7,46,6,8,4,235,155,80,14,0.6595744680851063,0.3404255319148936,0.0212765957446808,0.0297872340425531,0.1957446808510638,0.0340425531914893,0.0127659574468085,0.0340425531914893,0.0595744680851063,6,1.0,javascript,eaze/potluck-opentok-adapter,,1.2247512671421539
2,2,10,10,15,0,0,0,0,46,46,3,36,190,19,27,48,1129,768,361,22,0.6802480070859167,0.3197519929140832,0.0132860938883968,0.0407440212577502,0.1682905225863596,0.0239149689991142,0.0088573959255978,0.0239149689991142,0.0194862710363153,16,1.0,javascript,matmanjs/matman-core,build,11.169305996476703
1,1,2,2,1,0,0,0,0,3,3,1,2,20,2,2,3,92,63,29,14,0.6847826086956522,0.3152173913043478,0.0108695652173913,0.0326086956521739,0.217391304347826,0.0217391304347826,0.0217391304347826,0.0217391304347826,0.1521739130434782,2,1.0,javascript,kissyteam/kissy-xtemplate,onSetAttrChange,-1.2827722222327889
1,1,4,4,3,1,0,0,4,1,1,1,5,27,5,2,5,152,104,48,12,0.6842105263157895,0.3157894736842105,0.0263157894736842,0.006578947368421,0.1776315789473684,0.0131578947368421,0.0263157894736842,0.0131578947368421,0.0789473684210526,5,1.0,javascript,ocombe/ocLazyLoad,,0.34804027872320065
1,1,2,2,1,0,0,0,0,1,1,2,3,20,2,4,1,86,57,29,11,0.6627906976744186,0.3372093023255814,0.0116279069767441,0.0116279069767441,0.2325581395348837,0.0465116279069767,0.0232558139534883,0.0465116279069767,0.127906976744186,2,1.0,javascript,neyric/webhookit,,-1.391022826536215
1,1,2,2,4,1,0,0,1,5,5,4,11,41,7,6,10,234,155,79,19,0.6623931623931624,0.3376068376068376,0.0213675213675213,0.0213675213675213,0.1752136752136752,0.0256410256410256,0.0085470085470085,0.0256410256410256,0.0811965811965812,6,1.0,javascript,brianc/node-postgres,arrayString,1.2571453624722244
1,1,6,6,5,1,0,0,1,6,6,11,8,86,8,15,4,385,257,128,15,0.6675324675324675,0.3324675324675324,0.0155844155844155,0.0155844155844155,0.2233766233766233,0.0389610389610389,0.0155844155844155,0.0389610389610389,0.0389610389610389,7,1.0,javascript,Tamersoul/magic-wand-js,,2.9160470665163603
1,1,0,0,0,0,0,0,0,2,2,4,0,21,1,5,0,66,47,19,8,0.7121212121212122,0.2878787878787879,0.0,0.0303030303030303,0.3181818181818182,0.0757575757575757,0.0,0.0757575757575757,0.1212121212121212,1,1.0,javascript,christophebe/crawler.ninja,init,-1.8670608755917277
1,1,4,4,4,0,0,0,1,3,3,4,3,33,7,4,7,216,149,67,14,0.6898148148148148,0.3101851851851852,0.0185185185185185,0.0138888888888888,0.1527777777777778,0.0185185185185185,0.0185185185185185,0.0185185185185185,0.0648148148148148,5,1.0,javascript,apache/cordova-osx,writeATSEntries,0.6950569357188846
1,1,1,1,1,0,0,0,1,2,2,0,0,14,4,3,1,101,70,31,11,0.693069306930693,0.3069306930693069,0.0099009900990099,0.0198019801980198,0.1386138613861386,0.0297029702970297,0.0099009900990099,0.0297029702970297,0.1089108910891089,2,1.0,javascript,JanitorTechnology/selfapi,,-1.338496953439321
1,1,0,0,0,0,0,0,1,7,7,0,10,15,1,2,5,126,79,47,16,0.626984126984127,0.373015873015873,0.0,0.0555555555555555,0.119047619047619,0.0158730158730158,0.0,0.0158730158730158,0.1269841269841269,1,1.0,javascript,SAP/openui5,,-1.2589272904225108
1,1,0,0,1,0,0,0,0,5,5,1,0,15,2,3,1,72,47,25,9,0.6527777777777778,0.3472222222222222,0.0138888888888888,0.0694444444444444,0.2083333333333333,0.0416666666666666,0.0,0.0416666666666666,0.125,2,1.0,javascript,sendanor/nor-nopg,merge_objects_,-1.6680947050627757
1,1,1,1,3,0,0,0,2,1,1,0,1,14,5,0,2,82,57,25,12,0.6951219512195121,0.3048780487804878,0.0365853658536585,0.0121951219512195,0.1707317073170731,0.0,0.0121951219512195,0.0,0.1463414634146341,4,1.0,javascript,stadt-bielefeld/wms-downloader,isValid,-0.9444014411594245
1,1,1,1,3,0,0,0,3,8,8,0,6,39,4,2,10,193,136,57,13,0.7046632124352331,0.2953367875647668,0.0155440414507772,0.0414507772020725,0.2020725388601036,0.0103626943005181,0.005181347150259,0.0103626943005181,0.0673575129533678,4,1.0,javascript,hex7c0/basic-authentication,basic_medium,0.30306108828142125
1,1,1,1,0,0,0,0,1,0,0,0,0,11,1,0,6,76,54,22,14,0.7105263157894737,0.2894736842105263,0.0,0.0,0.1447368421052631,0.0,0.0131578947368421,0.0,0.1842105263157894,1,1.0,javascript,MacKentoch/easyFormGenerator,emptyEdaFieldsModel,-2.041330559306196
1,1,1,1,1,0,0,0,2,0,0,0,2,12,2,0,2,57,39,18,7,0.6842105263157895,0.3157894736842105,0.0175438596491228,0.0,0.2105263157894736,0.0,0.0175438596491228,0.0,0.1228070175438596,2,1.0,javascript,mapbox/eslint-plugin-react-filenames,getTokenBeforeClosingBracket,-1.7902272507163408
1,1,2,2,0,0,0,0,1,4,4,0,0,13,1,1,2,71,47,24,11,0.6619718309859155,0.3380281690140845,0.0,0.056338028169014,0.1830985915492957,0.0140845070422535,0.028169014084507,0.0140845070422535,0.1549295774647887,1,1.0,javascript,cjr--/qp-library,,-1.8093663175669203
1,5,2,2,4,0,0,0,5,13,13,5,1,71,9,9,7,331,221,110,23,0.6676737160120846,0.3323262839879154,0.0120845921450151,0.039274924471299,0.2145015105740181,0.0271903323262839,0.0060422960725075,0.0271903323262839,0.0694864048338368,5,5.0,javascript,substance/texture,_getFileRecord,2.471514032055271
1,1,0,0,2,0,0,0,1,0,0,4,4,19,4,4,3,128,85,43,12,0.6640625,0.3359375,0.015625,0.0,0.1484375,0.03125,0.0,0.03125,0.09375,3,1.0,javascript,tangdaohai/vue-happy-scroll,initBrowserSize,-0.9348081170129571
7,7,5,5,5,0,0,0,8,22,22,28,6,94,13,38,28,821,562,259,23,0.6845310596833131,0.315468940316687,0.0060901339829476,0.0267965895249695,0.1144945188794153,0.0462850182704019,0.0060901339829476,0.0462850182704019,0.028014616321559,6,1.0,javascript,TerriaJS/terriajs,,8.034876402041071
4,4,14,14,10,0,0,0,3,33,33,8,20,146,14,23,58,1005,686,319,17,0.6825870646766169,0.3174129353233831,0.0099502487562189,0.0328358208955223,0.145273631840796,0.0228855721393034,0.0139303482587064,0.0228855721393034,0.0169154228855721,11,1.0,javascript,Lanfei/websocket-lib,Client,9.524264690079558
1,1,1,1,1,0,0,0,2,2,2,0,1,12,2,0,1,56,38,18,7,0.6785714285714286,0.3214285714285714,0.0178571428571428,0.0357142857142857,0.2142857142857142,0.0,0.0178571428571428,0.0,0.125,2,1.0,javascript,eslint/eslint,resolveFileGlobPatterns,-1.7120929535762395
4,4,2,2,2,0,0,0,1,10,10,0,1,38,10,7,1,208,138,70,21,0.6634615384615384,0.3365384615384615,0.0096153846153846,0.048076923076923,0.1826923076923076,0.0336538461538461,0.0096153846153846,0.0336538461538461,0.1009615384615384,3,1.0,javascript,rstudio/shiny-server,forEachPromise_p,0.9126572219101523
1,1,1,1,0,0,0,1,1,7,7,0,2,20,1,0,11,145,101,44,13,0.696551724137931,0.3034482758620689,0.0,0.0482758620689655,0.1379310344827586,0.0,0.0068965517241379,0.0,0.0896551724137931,1,1.0,javascript,marklogic/node-client-api,notIn,-0.8496487664739645
1,1,2,2,2,0,0,0,0,3,3,1,1,26,4,4,3,152,102,50,13,0.6710526315789473,0.3289473684210526,0.0131578947368421,0.0197368421052631,0.1710526315789473,0.0263157894736842,0.0131578947368421,0.0263157894736842,0.0855263157894736,3,1.0,javascript,ariatemplates/ariatemplates,,-0.6437867583859825
3,3,3,3,2,0,0,0,3,6,6,1,19,48,6,5,15,283,189,94,25,0.6678445229681979,0.3321554770318021,0.0070671378091872,0.0212014134275618,0.1696113074204947,0.0176678445229682,0.0106007067137809,0.0176678445229682,0.0883392226148409,3,1.0,javascript,tonistiigi/styler,,1.6399163102082228
1,1,4,4,2,0,0,0,3,3,3,0,0,18,3,1,0,96,63,33,8,0.65625,0.34375,0.0208333333333333,0.03125,0.1875,0.0104166666666666,0.0416666666666666,0.0104166666666666,0.0833333333333333,3,1.0,javascript,carrascoMDD/asyncshell,,-0.747689429056698
2,2,2,2,9,0,0,0,2,5,5,7,7,83,11,9,2,347,234,113,14,0.6743515850144092,0.3256484149855908,0.0259365994236311,0.0144092219020172,0.239193083573487,0.0259365994236311,0.0057636887608069,0.0259365994236311,0.0403458213256484,10,1.0,javascript,anseki/plain-draggable,move,2.766450394606386
1,1,2,2,2,0,0,0,1,2,2,2,4,28,5,2,0,134,93,41,11,0.6940298507462687,0.3059701492537313,0.0149253731343283,0.0149253731343283,0.208955223880597,0.0149253731343283,0.0149253731343283,0.0149253731343283,0.0820895522388059,3,1.0,javascript,jldec/pub-util,diff,-0.5988349853952472
1,1,0,0,1,0,0,0,0,3,3,1,0,11,2,4,0,66,42,24,12,0.6363636363636364,0.3636363636363636,0.0151515151515151,0.0454545454545454,0.1666666666666666,0.0606060606060606,0.0,0.0606060606060606,0.1818181818181818,2,1.0,javascript,objectivehtml/FlipClock,,-1.9175786283763343
1,3,2,2,5,0,0,0,1,10,10,13,9,136,10,18,16,596,405,191,32,0.6795302013422819,0.3204697986577181,0.0083892617449664,0.0167785234899328,0.2281879194630872,0.0302013422818791,0.0033557046979865,0.0302013422818791,0.0536912751677852,6,3.0,javascript,sebhildebrandt/systeminformation,dockerContainerStatsSingle,4.533949044461066
1,1,0,0,0,0,0,0,0,3,3,9,1,18,1,10,6,118,74,44,7,0.6271186440677966,0.3728813559322034,0.0,0.0254237288135593,0.1525423728813559,0.0847457627118644,0.0,0.0847457627118644,0.059322033898305,1,1.0,javascript,pex-gl/pex-renderer,Animation,-1.2695061781941785
1,1,1,1,2,0,0,0,2,2,2,0,2,11,3,0,4,87,59,28,10,0.6781609195402298,0.3218390804597701,0.0229885057471264,0.0229885057471264,0.1264367816091954,0.0,0.0114942528735632,0.0,0.1149425287356321,3,1.0,javascript,NaturalNode/natural,disambiguateRule2,-1.2071232019854554
1,1,5,5,1,0,0,0,0,6,6,0,4,38,2,2,20,276,191,85,13,0.6920289855072463,0.3079710144927536,0.0036231884057971,0.0217391304347826,0.1376811594202898,0.0072463768115942,0.0181159420289855,0.0072463768115942,0.0471014492753623,2,1.0,javascript,SAP/openui5,,0.2567606585537937
1,1,0,0,0,0,0,0,1,2,2,0,8,10,1,3,6,82,55,27,12,0.6707317073170732,0.3292682926829268,0.0,0.024390243902439,0.1219512195121951,0.0365853658536585,0.0,0.0365853658536585,0.1463414634146341,1,1.0,javascript,SAP/openui5,,-1.8218721402216558
3,3,6,6,0,0,0,0,3,7,7,2,0,38,3,3,0,173,118,55,13,0.6820809248554913,0.3179190751445087,0.0,0.0404624277456647,0.2196531791907514,0.0173410404624277,0.0346820809248554,0.0173410404624277,0.0751445086705202,1,1.0,javascript,ariatemplates/ariatemplates,getSiblings,0.16580263103462534
2,2,1,1,3,0,0,0,0,3,3,2,5,28,5,4,7,167,111,56,20,0.6646706586826348,0.3353293413173652,0.0179640718562874,0.0179640718562874,0.1676646706586826,0.0239520958083832,0.0059880239520958,0.0239520958083832,0.1197604790419161,4,1.0,javascript,eclipse/orion.client,,-0.01872552817482045
2,2,3,3,1,1,0,0,0,2,2,1,2,32,4,3,1,134,92,42,13,0.6865671641791045,0.3134328358208955,0.0149253731343283,0.0149253731343283,0.2388059701492537,0.0223880597014925,0.0223880597014925,0.0223880597014925,0.0970149253731343,3,1.0,javascript,ILLGrenoble/guacamole-common-js,replayFrame,-0.42603341321982907
1,1,0,0,0,0,0,0,0,1,1,2,1,9,1,5,3,70,45,25,11,0.6428571428571429,0.3571428571428571,0.0,0.0142857142857142,0.1285714285714285,0.0714285714285714,0.0,0.0714285714285714,0.1571428571428571,1,1.0,javascript,knownasilya/ember-leaflet-cartodb,,-2.175842525033436
2,2,1,1,2,0,0,0,0,9,9,0,9,39,8,7,8,230,151,79,26,0.6565217391304348,0.3434782608695652,0.008695652173913,0.0391304347826087,0.1695652173913043,0.0304347826086956,0.0043478260869565,0.0304347826086956,0.1130434782608695,3,1.0,javascript,AndiDittrich/NodeMCU-Tool,devices,0.7827313028638831
1,1,1,1,1,0,0,0,1,1,1,3,1,21,2,3,2,105,73,32,11,0.6952380952380952,0.3047619047619048,0.0095238095238095,0.0095238095238095,0.2,0.0285714285714285,0.0095238095238095,0.0285714285714285,0.1047619047619047,2,1.0,javascript,BonsaiDen/lithium,,-1.2670838179917197
1,1,3,3,1,0,0,0,1,6,6,1,1,23,2,4,0,120,80,40,10,0.6666666666666666,0.3333333333333333,0.0083333333333333,0.05,0.1916666666666666,0.0333333333333333,0.025,0.0333333333333333,0.0833333333333333,2,1.0,javascript,canjs/can-connect,,-0.8314549875472979
2,2,0,0,0,0,0,0,2,3,3,0,0,10,2,0,0,50,33,17,13,0.66,0.34,0.0,0.06,0.2,0.0,0.0,0.0,0.26,1,1.0,javascript,Palmabit-IT/json-compiler,iterateArray,-2.2975075821109847
2,2,2,2,4,0,0,0,6,8,8,3,4,64,4,3,3,253,179,74,14,0.7075098814229249,0.2924901185770751,0.0158102766798418,0.0316205533596837,0.2529644268774703,0.0118577075098814,0.0079051383399209,0.0118577075098814,0.0553359683794466,5,1.0,javascript,Ma3Route/node-sdk,passResponse,1.3287389731216772
1,1,4,4,0,0,2,0,1,0,0,18,75,124,2,18,39,657,438,219,14,0.6666666666666666,0.3333333333333333,0.0030441400304414,0.0,0.1887366818873668,0.0273972602739726,0.0060882800608828,0.0273972602739726,0.0213089802130898,3,1.0,javascript,jhermsmeier/node-cyclic-32,crc32,5.121193990247544
1,1,0,0,1,0,0,0,0,2,2,3,0,10,2,4,1,59,38,21,10,0.6440677966101694,0.3559322033898305,0.0169491525423728,0.0338983050847457,0.1694915254237288,0.0677966101694915,0.0,0.0677966101694915,0.1694915254237288,2,1.0,javascript,ariatemplates/ariatemplates,,-1.9110514695125278
2,2,4,4,1,0,0,0,0,6,6,0,4,39,3,2,3,170,115,55,19,0.6764705882352942,0.3235294117647059,0.0058823529411764,0.0352941176470588,0.2294117647058823,0.0117647058823529,0.0235294117647058,0.0117647058823529,0.1117647058823529,2,1.0,javascript,dagrejs/dagre,injectEdgeLabelProxies,-0.1474853535759439
1,1,1,1,2,0,0,0,3,2,2,0,2,20,3,0,7,124,86,38,14,0.6935483870967742,0.3064516129032258,0.0161290322580645,0.0161290322580645,0.1612903225806451,0.0,0.0080645161290322,0.0,0.1129032258064516,3,1.0,javascript,straker/livingcss,parse_description,-0.8059243299998073
1,1,0,0,0,0,0,0,1,4,4,0,2,10,1,2,3,67,43,24,13,0.6417910447761194,0.3582089552238806,0.0,0.0597014925373134,0.1492537313432835,0.0298507462686567,0.0,0.0298507462686567,0.1940298507462686,1,1.0,javascript,mrvisser/node-corporal,,-2.1203418781983054
1,1,0,0,0,0,0,0,0,5,5,0,11,27,1,1,12,182,122,60,17,0.6703296703296703,0.3296703296703296,0.0,0.0274725274725274,0.1483516483516483,0.0054945054945054,0.0,0.0054945054945054,0.0934065934065934,1,1.0,javascript,akveo/nebular,redirect,-0.8789224725508533
1,1,3,3,1,1,0,0,1,4,4,0,2,25,4,2,4,138,94,44,13,0.6811594202898551,0.3188405797101449,0.0144927536231884,0.0289855072463768,0.181159420289855,0.0144927536231884,0.0217391304347826,0.0144927536231884,0.0942028985507246,3,1.0,javascript,borela/themeable,joinFlairs,-0.4447664291533613
6,6,6,6,5,0,0,0,3,12,12,9,8,72,11,11,13,409,277,132,25,0.6772616136919315,0.3227383863080684,0.0122249388753056,0.0293398533007334,0.1760391198044009,0.0268948655256723,0.0146699266503667,0.0268948655256723,0.0611246943765281,6,1.0,javascript,samcday/node-clusterphone,constructMessageApi,4.16209218601811
1,1,0,0,0,0,0,0,0,5,5,1,0,13,1,1,0,56,35,21,13,0.625,0.375,0.0,0.0892857142857142,0.2321428571428571,0.0178571428571428,0.0,0.0178571428571428,0.2321428571428571,1,1.0,javascript,eventbrite/britecharts,buildAxis,-2.371027595059594
2,2,2,2,3,0,0,0,1,4,4,4,1,32,6,7,2,161,109,52,14,0.6770186335403726,0.3229813664596273,0.0186335403726708,0.0248447204968944,0.1987577639751552,0.0434782608695652,0.0124223602484472,0.0434782608695652,0.0869565217391304,4,1.0,javascript,danielstjules/blankshield,addEventListener,0.19053051985746638
17,19,33,33,20,0,0,0,10,68,68,12,34,315,39,49,50,1727,1175,552,22,0.6803705848291836,0.3196294151708164,0.0115807759119861,0.0393746381007527,0.1823972206137811,0.0283729009843659,0.019108280254777,0.0283729009843659,0.0127388535031847,21,1.1176470588235294,javascript,ReactTraining/history,createBrowserHistory,22.1096699773475
1,1,3,3,2,0,0,0,1,8,8,0,6,26,3,2,7,174,115,59,14,0.6609195402298851,0.3390804597701149,0.0114942528735632,0.0459770114942528,0.1494252873563218,0.0114942528735632,0.0172413793103448,0.0114942528735632,0.0804597701149425,3,1.0,javascript,mfranzke/datalist-polyfill,,-0.11466094977926881
2,2,2,2,1,0,0,0,1,5,5,1,7,25,3,4,6,142,95,47,13,0.6690140845070423,0.3309859154929577,0.0070422535211267,0.0352112676056338,0.176056338028169,0.028169014084507,0.0140845070422535,0.028169014084507,0.0915492957746478,2,1.0,javascript,alexgorbatchev/node-browser-builtins,validChunk,-0.4771441044664643
4,5,3,3,2,1,0,0,0,16,16,1,5,61,9,15,8,357,237,120,22,0.6638655462184874,0.3361344537815126,0.0084033613445378,0.0448179271708683,0.1708683473389355,0.042016806722689,0.0084033613445378,0.042016806722689,0.0616246498599439,4,1.25,javascript,moleculerjs/moleculer,startWorkers,2.5502219806182174
1,1,1,1,1,0,0,0,1,4,4,0,0,12,2,1,2,74,49,25,13,0.6621621621621622,0.3378378378378378,0.0135135135135135,0.054054054054054,0.1621621621621621,0.0135135135135135,0.0135135135135135,0.0135135135135135,0.1756756756756756,2,1.0,javascript,eclipse/orion.client,,-1.627840326377559
1,1,1,1,0,0,0,0,1,1,1,0,9,17,1,0,8,91,64,27,13,0.7032967032967034,0.2967032967032967,0.0,0.0109890109890109,0.1868131868131868,0.0,0.0109890109890109,0.0,0.1428571428571428,1,1.0,javascript,CartoDB/carto-vl,tileRsys,-1.606155469639876
2,2,0,0,1,0,0,0,0,4,4,0,0,20,4,4,0,90,60,30,15,0.6666666666666666,0.3333333333333333,0.0111111111111111,0.0444444444444444,0.2222222222222222,0.0444444444444444,0.0,0.0444444444444444,0.1666666666666666,2,1.0,javascript,Semantic-Org/Semantic-UI-CSS,,-1.3602661120835497
25,25,6,6,2,0,0,0,12,17,17,12,5,150,28,15,15,838,574,264,25,0.684964200477327,0.315035799522673,0.0023866348448687,0.0202863961813842,0.1789976133651551,0.0178997613365155,0.0071599045346062,0.0178997613365155,0.0298329355608591,3,1.0,javascript,wunderbyte/grunt-spiritual-dox,globals,9.885120469168543
1,1,1,1,1,0,0,0,2,2,2,1,1,10,2,1,1,61,40,21,8,0.6557377049180327,0.3442622950819672,0.0163934426229508,0.0327868852459016,0.1639344262295081,0.0163934426229508,0.0163934426229508,0.0163934426229508,0.1311475409836065,2,1.0,javascript,kentcdodds/nps,completionHandler,-1.6907742037719797
3,3,0,0,0,0,0,0,2,4,4,0,1,16,3,1,1,87,56,31,14,0.6436781609195402,0.3563218390804598,0.0,0.0459770114942528,0.1839080459770115,0.0114942528735632,0.0,0.0114942528735632,0.160919540229885,1,1.0,javascript,san650/ember-web-app,fuzzyPurgeRequireEntry,-1.5175879917491522
2,2,5,5,6,0,0,0,1,6,6,6,2,42,5,9,1,224,147,77,15,0.65625,0.34375,0.0267857142857142,0.0267857142857142,0.1875,0.0401785714285714,0.0223214285714285,0.0401785714285714,0.0669642857142857,7,1.0,javascript,regularjs/regular,,1.4928408756918934
1,1,3,3,1,1,0,0,0,4,4,1,5,29,3,5,6,147,99,48,11,0.673469387755102,0.3265306122448979,0.0136054421768707,0.0272108843537414,0.1972789115646258,0.0340136054421768,0.0204081632653061,0.0340136054421768,0.0748299319727891,3,1.0,javascript,welldone-software/gulp-durandal,,-0.3528079689829725
2,2,0,0,2,0,0,0,2,6,6,1,0,29,4,5,0,130,88,42,16,0.676923076923077,0.3230769230769231,0.0153846153846153,0.0461538461538461,0.2230769230769231,0.0384615384615384,0.0,0.0384615384615384,0.123076923076923,3,1.0,javascript,raincatcher-beta/raincatcher-file,,-0.4833869892018177
1,1,7,7,4,0,0,0,2,16,16,2,12,82,7,6,15,420,298,122,18,0.7095238095238096,0.2904761904761905,0.0095238095238095,0.0380952380952381,0.1952380952380952,0.0142857142857142,0.0166666666666666,0.0142857142857142,0.0428571428571428,5,1.0,javascript,BladeRunnerJS/topiarist,inherit,2.9864594209965616
1,1,7,7,1,0,1,0,1,5,5,1,4,45,2,4,3,191,132,59,11,0.6910994764397905,0.3089005235602094,0.0104712041884816,0.0261780104712041,0.2356020942408377,0.0209424083769633,0.0366492146596858,0.0209424083769633,0.0575916230366492,3,1.0,javascript,tonyganch/gonzales-pe,getInterpolation,0.50719217390776
1,1,1,1,7,0,0,0,1,8,8,2,3,55,8,4,1,253,173,80,9,0.6837944664031621,0.3162055335968379,0.0276679841897233,0.0316205533596837,0.217391304347826,0.0158102766798418,0.0039525691699604,0.0158102766798418,0.0355731225296442,8,1.0,javascript,hogart/rpg-tools,equipFromInventory,1.1622930505173257
1,1,3,3,0,0,0,0,0,5,5,0,0,15,1,4,3,87,56,31,9,0.6436781609195402,0.3563218390804598,0.0,0.057471264367816,0.1724137931034483,0.0459770114942528,0.0344827586206896,0.0459770114942528,0.1034482758620689,1,1.0,javascript,lorenwest/monitor-dashboard,,-1.5101275148630764
1,1,0,0,1,0,0,0,0,4,4,10,1,25,2,10,5,166,109,57,9,0.6566265060240963,0.3433734939759036,0.0060240963855421,0.0240963855421686,0.1506024096385542,0.0602409638554216,0.0,0.0602409638554216,0.0542168674698795,2,1.0,javascript,eclipse/orion.client,SideMenu,-0.6091937160493948
2,2,2,2,1,0,0,0,3,7,7,2,1,26,2,1,1,125,85,40,13,0.68,0.32,0.008,0.056,0.208,0.008,0.016,0.008,0.104,2,1.0,javascript,jldec/pub-generator,renderDoc,-0.5389045366253508
2,2,0,0,0,0,0,0,0,2,2,0,0,14,2,2,0,53,38,15,11,0.7169811320754716,0.2830188679245283,0.0,0.0377358490566037,0.2641509433962264,0.0377358490566037,0.0,0.0377358490566037,0.2075471698113207,1,1.0,javascript,oskargustafsson/BFF,reemitItemEvent,-2.1870915362504992
11,11,14,14,6,0,0,0,7,35,35,4,11,167,16,13,16,794,544,250,26,0.6851385390428212,0.3148614609571788,0.0075566750629722,0.044080604534005,0.2103274559193954,0.0163727959697733,0.017632241813602,0.0163727959697733,0.0327455919395466,7,1.0,javascript,tblobaum/mongoose-troop,obfuscate,9.041201884864027
1,1,5,5,13,0,0,0,1,17,17,6,15,137,6,17,9,702,493,209,12,0.7022792022792023,0.2977207977207977,0.0185185185185185,0.0242165242165242,0.1951566951566951,0.0242165242165242,0.0071225071225071,0.0242165242165242,0.017094017094017,14,1.0,javascript,graphology/graphology,addEdge,5.497402970614095
1,1,3,3,0,0,0,0,0,6,6,1,3,27,1,3,4,130,86,44,11,0.6615384615384615,0.3384615384615385,0.0,0.0461538461538461,0.2076923076923077,0.023076923076923,0.023076923076923,0.023076923076923,0.0846153846153846,1,1.0,javascript,edwardwohaijun/simple-filer,,-1.0372162663544555
1,1,0,0,5,0,0,0,3,5,5,5,8,46,6,5,18,320,218,102,19,0.68125,0.31875,0.015625,0.015625,0.14375,0.015625,0.0,0.015625,0.059375,6,1.0,javascript,atreslesne/lib-node-hosts-pool,Pool,1.4942509547390963
2,2,4,4,1,0,0,0,1,11,11,0,2,43,3,4,4,219,146,73,14,0.6666666666666666,0.3333333333333333,0.0045662100456621,0.0502283105022831,0.1963470319634703,0.0182648401826484,0.0182648401826484,0.0182648401826484,0.0639269406392694,2,1.0,javascript,moreartyjs/moreartyjs,,0.28365764998505694
2,2,0,0,1,0,0,0,3,3,3,0,0,11,3,2,1,80,51,29,14,0.6375,0.3625,0.0125,0.0375,0.1375,0.025,0.0,0.025,0.175,2,1.0,javascript,OpenF2/F2,,-1.4857791882230065
1,1,4,4,3,1,0,0,1,5,5,0,3,32,7,3,3,166,114,52,14,0.6867469879518072,0.3132530120481928,0.0240963855421686,0.0301204819277108,0.1927710843373494,0.0180722891566265,0.0240963855421686,0.0180722891566265,0.0843373493975903,5,1.0,javascript,vergeplayer/vQ,,0.45733882948216764
1,3,0,0,0,0,0,0,0,4,4,0,0,29,2,2,0,102,75,27,11,0.7352941176470589,0.2647058823529412,0.0,0.0392156862745098,0.284313725490196,0.0196078431372549,0.0,0.0196078431372549,0.1078431372549019,1,3.0,javascript,christophercrouzet/pillr,loadTemplate,-1.5058452622551006
1,1,0,0,0,0,0,0,0,2,2,0,0,16,1,2,1,62,43,19,8,0.6935483870967742,0.3064516129032258,0.0,0.032258064516129,0.2580645161290322,0.032258064516129,0.0,0.032258064516129,0.1290322580645161,1,1.0,javascript,cliffano/cmdt,_failure,-2.212658460918124
2,2,4,4,0,1,0,0,2,4,4,1,5,27,3,1,6,133,92,41,10,0.6917293233082706,0.3082706766917293,0.0075187969924812,0.0300751879699248,0.2030075187969924,0.0075187969924812,0.0300751879699248,0.0075187969924812,0.075187969924812,2,1.0,javascript,functional-jslib/fjl,isOneOf,-0.3096755024277152
1,1,1,1,0,0,0,0,0,2,2,0,0,14,1,1,1,52,38,14,8,0.7307692307692307,0.2692307692307692,0.0,0.0384615384615384,0.2692307692307692,0.0192307692307692,0.0192307692307692,0.0192307692307692,0.1538461538461538,1,1.0,javascript,aledbf/deis-api,remove,-2.135744340339748
1,1,2,2,2,0,1,0,0,2,2,3,5,34,2,5,3,148,106,42,12,0.7162162162162162,0.2837837837837837,0.0202702702702702,0.0135135135135135,0.2297297297297297,0.0337837837837837,0.0135135135135135,0.0337837837837837,0.081081081081081,4,1.0,javascript,wafer-li/hexo-filter-plantuml,zip_pqdownheap,-0.05923852062837169
1,1,1,1,0,0,0,0,1,4,4,0,0,11,1,1,1,73,48,25,13,0.6575342465753424,0.3424657534246575,0.0,0.0547945205479452,0.1506849315068493,0.0136986301369863,0.0136986301369863,0.0136986301369863,0.1780821917808219,1,1.0,javascript,bem-archive/bem-tools,,-1.9728927432277696
3,3,8,8,4,0,0,0,1,12,12,6,0,50,8,13,3,293,200,93,18,0.6825938566552902,0.3174061433447099,0.0136518771331058,0.0409556313993174,0.1706484641638225,0.0443686006825938,0.0273037542662116,0.0443686006825938,0.0614334470989761,5,1.0,javascript,feilaoda/power,,2.458242927912002
1,1,1,1,1,0,0,0,0,3,3,0,0,17,3,2,2,74,52,22,9,0.7027027027027027,0.2972972972972973,0.0135135135135135,0.0405405405405405,0.2297297297297297,0.027027027027027,0.0135135135135135,0.027027027027027,0.1216216216216216,2,1.0,javascript,barc/express-hbs,parseLayout,-1.5345846240332712
1,1,2,2,0,0,0,0,1,2,2,0,0,10,1,1,0,52,33,19,9,0.6346153846153846,0.3653846153846153,0.0,0.0384615384615384,0.1923076923076923,0.0192307692307692,0.0384615384615384,0.0192307692307692,0.173076923076923,1,1.0,javascript,BabylonJS/Spector.js,,-2.1941128319402607
1,1,0,0,0,0,0,0,1,3,3,0,5,12,1,0,2,69,44,25,12,0.6376811594202898,0.3623188405797101,0.0,0.0434782608695652,0.1739130434782608,0.0,0.0,0.0,0.1739130434782608,1,1.0,javascript,validate-io/number,isNumber,-2.1489020594001733
5,5,2,2,3,0,0,0,1,6,6,2,2,26,10,8,2,178,115,63,21,0.6460674157303371,0.3539325842696629,0.0168539325842696,0.0337078651685393,0.146067415730337,0.0449438202247191,0.0112359550561797,0.0449438202247191,0.1179775280898876,4,1.0,javascript,camunda/camunda-bpm-sdk-js,_eachSeries,0.941838193288687
1,1,0,0,0,0,0,0,1,4,4,0,0,16,1,3,0,82,56,26,11,0.6829268292682927,0.3170731707317073,0.0,0.048780487804878,0.1951219512195122,0.0365853658536585,0.0,0.0365853658536585,0.1341463414634146,1,1.0,javascript,dalekjs/dalek-driver-sauce,,-1.876306879587307
1,1,0,0,3,0,0,0,2,1,1,2,3,18,6,4,4,137,93,44,14,0.6788321167883211,0.3211678832116788,0.0218978102189781,0.0072992700729927,0.1313868613138686,0.0291970802919708,0.0,0.0291970802919708,0.1021897810218978,4,1.0,javascript,incompl/cloak,,-0.503789790577674
1,2,3,3,0,0,0,0,0,5,5,1,2,31,1,2,3,134,92,42,13,0.6865671641791045,0.3134328358208955,0.0,0.0373134328358208,0.2313432835820895,0.0149253731343283,0.0223880597014925,0.0149253731343283,0.0970149253731343,1,2.0,javascript,Workshape/icon-font-generator,generateJson,-0.9816824214745619
1,1,10,10,3,0,0,0,1,5,5,0,29,47,4,0,22,283,195,88,13,0.6890459363957597,0.3109540636042402,0.0106007067137809,0.0176678445229682,0.166077738515901,0.0,0.0353356890459364,0.0,0.0459363957597173,4,1.0,javascript,ArminTamzarian/node-calendar,timegm,1.786195675633414
1,1,2,2,4,0,0,0,3,12,12,1,2,45,6,6,8,298,206,92,19,0.6912751677852349,0.3087248322147651,0.0134228187919463,0.0402684563758389,0.1510067114093959,0.0201342281879194,0.0067114093959731,0.0201342281879194,0.0637583892617449,5,1.0,javascript,ipfs-shipyard/ipfs-redux-bundle,tryApi,1.4125185709759887
1,1,2,2,4,0,0,0,4,14,14,0,9,46,9,5,12,286,195,91,28,0.6818181818181818,0.3181818181818182,0.0139860139860139,0.0489510489510489,0.1608391608391608,0.0174825174825174,0.0069930069930069,0.0174825174825174,0.0979020979020979,5,1.0,javascript,jillix/flow-registry,installModule,2.050881792314241
1,1,0,0,0,0,0,0,0,2,2,2,0,11,1,4,1,59,39,20,7,0.6610169491525424,0.3389830508474576,0.0,0.0338983050847457,0.1864406779661017,0.0677966101694915,0.0,0.0677966101694915,0.1186440677966101,1,1.0,javascript,lbdremy/apa-node-client,APAError,-2.182866812622604
1,1,0,0,0,0,0,0,1,4,4,1,0,19,1,4,0,92,63,29,11,0.6847826086956522,0.3152173913043478,0.0,0.0434782608695652,0.2065217391304347,0.0434782608695652,0.0,0.0434782608695652,0.1195652173913043,1,1.0,javascript,dalekjs/dalek-driver-sauce,,-1.7108218362851504
1,1,3,3,4,1,0,0,5,2,2,0,9,28,6,0,8,173,119,54,11,0.6878612716763006,0.3121387283236994,0.0289017341040462,0.0115606936416184,0.1618497109826589,0.0,0.0173410404624277,0.0,0.0635838150289017,6,1.0,javascript,OldSneerJaw/couchster,compareTimes,0.6895339699522457
1,1,2,2,1,1,0,0,1,0,0,0,1,13,3,1,1,76,52,24,12,0.6842105263157895,0.3157894736842105,0.0263157894736842,0.0,0.1710526315789473,0.0131578947368421,0.0263157894736842,0.0131578947368421,0.1578947368421052,3,1.0,javascript,neyric/webhookit,,-1.2827549236199791
1,1,4,4,1,1,1,0,1,4,4,1,1,32,4,4,3,163,111,52,16,0.6809815950920245,0.3190184049079754,0.0184049079754601,0.0245398773006134,0.1963190184049079,0.0245398773006134,0.0245398773006134,0.0245398773006134,0.0981595092024539,4,1.0,javascript,platanus/angular-restmod,,0.3400907153299397
1,1,2,2,0,1,0,0,1,1,1,0,1,12,2,2,1,66,46,20,9,0.696969696969697,0.303030303030303,0.0151515151515151,0.0151515151515151,0.1818181818181818,0.0303030303030303,0.0303030303030303,0.0303030303030303,0.1363636363636363,2,1.0,javascript,maxkfranz/weaver,,-1.5187687043246105
1,4,3,3,3,0,0,0,2,10,10,1,1,54,5,8,3,291,202,89,21,0.6941580756013745,0.3058419243986254,0.0103092783505154,0.0343642611683848,0.1855670103092783,0.0274914089347079,0.0103092783505154,0.0274914089347079,0.0721649484536082,4,4.0,javascript,popeindustries/buddy,define,1.3198847254414368
3,3,0,0,0,0,0,0,2,4,4,0,0,16,3,0,2,88,60,28,11,0.6818181818181818,0.3181818181818182,0.0,0.0454545454545454,0.1818181818181818,0.0,0.0,0.0,0.125,1,1.0,javascript,JamieMason/shrinkpack,getGraph,-1.4599963047197035
1,1,2,2,6,1,0,0,3,10,10,0,4,45,7,4,2,275,190,85,19,0.6909090909090909,0.3090909090909091,0.0254545454545454,0.0363636363636363,0.1636363636363636,0.0145454545454545,0.0072727272727272,0.0145454545454545,0.069090909090909,8,1.0,javascript,robertblackwell/yake,directoryHasFile,1.7569592739642081
1,1,8,8,8,3,0,0,2,11,11,9,15,88,15,17,32,555,378,177,16,0.6810810810810811,0.3189189189189189,0.0198198198198198,0.0198198198198198,0.1585585585585585,0.0306306306306306,0.0144144144144144,0.0306306306306306,0.0288288288288288,12,1.0,javascript,weepy/kaffeine,tighten,5.678941756324322
1,1,4,4,1,0,0,0,0,8,8,2,0,26,2,3,7,141,94,47,9,0.6666666666666666,0.3333333333333333,0.0070921985815602,0.0567375886524822,0.1843971631205673,0.0212765957446808,0.0283687943262411,0.0212765957446808,0.0638297872340425,2,1.0,javascript,GoogleCloudPlatform/cloud-errors-nodejs,handleStringAsError,-0.5336059295999982
2,2,1,1,0,0,0,0,1,3,3,0,0,19,2,3,0,82,56,26,13,0.6829268292682927,0.3170731707317073,0.0,0.0365853658536585,0.2317073170731707,0.0365853658536585,0.0121951219512195,0.0365853658536585,0.1585365853658536,1,1.0,javascript,alexpods/InjectorJS,,-1.621222214432836
4,4,13,13,21,2,0,0,6,7,7,40,20,204,34,41,51,1228,829,399,25,0.6750814332247557,0.3249185667752443,0.018729641693811,0.005700325732899,0.1661237785016286,0.0333876221498371,0.010586319218241,0.0333876221498371,0.020358306188925,24,1.0,javascript,chrisJohn404/ljswitchboard-modbus_map,,14.483607763472866
6,6,2,2,1,0,0,0,1,19,19,1,1,39,7,11,13,289,186,103,21,0.643598615916955,0.356401384083045,0.0034602076124567,0.0657439446366782,0.1349480968858131,0.0380622837370242,0.0069204152249134,0.0380622837370242,0.0726643598615917,2,1.0,javascript,zdhxiong/mdui,removeRipple,1.8444467841709227
2,2,0,0,0,0,0,0,2,1,1,0,0,11,2,0,1,59,41,18,13,0.6949152542372882,0.3050847457627119,0.0,0.0169491525423728,0.1864406779661017,0.0,0.0,0.0,0.2203389830508474,1,1.0,javascript,lhkbob/eve-swagger-js,makeKillmail,-2.169913885377715
2,2,1,1,0,0,0,0,2,3,3,1,0,14,2,1,0,69,47,22,13,0.6811594202898551,0.3188405797101449,0.0,0.0434782608695652,0.2028985507246377,0.0144927536231884,0.0144927536231884,0.0144927536231884,0.1884057971014492,1,1.0,javascript,xenophy/NextJS,unescapeSpecialChars,-1.7269193855270597
2,2,0,0,0,0,0,0,0,11,11,0,1,16,2,5,7,128,81,47,16,0.6328125,0.3671875,0.0,0.0859375,0.125,0.0390625,0.0,0.0390625,0.125,1,1.0,javascript,zsoltszabo/node-uglifier,it_leavesNewVertexWithNewValue,-0.9980292354346709
2,2,1,1,1,0,0,0,1,8,8,0,0,23,3,4,3,132,86,46,15,0.6515151515151515,0.3484848484848485,0.0075757575757575,0.0606060606060606,0.1742424242424242,0.0303030303030303,0.0075757575757575,0.0303030303030303,0.1136363636363636,2,1.0,javascript,BrowserSync/browser-sync,,-0.718686565265175
2,2,1,1,4,0,0,0,6,9,9,0,4,52,8,3,7,263,181,82,18,0.688212927756654,0.311787072243346,0.0152091254752851,0.0342205323193916,0.1977186311787072,0.0114068441064638,0.0038022813688212,0.0114068441064638,0.0684410646387832,5,1.0,javascript,novadiscovery/nway,parse,1.4236351880980953
1,1,1,1,1,0,0,0,0,5,5,0,0,19,2,2,2,93,62,31,11,0.6666666666666666,0.3333333333333333,0.010752688172043,0.053763440860215,0.2043010752688172,0.021505376344086,0.010752688172043,0.021505376344086,0.1182795698924731,2,1.0,javascript,instea/react-native-popup-menu,subscribe,-1.4274732180756
1,1,2,2,1,0,0,0,0,4,4,1,0,18,3,3,1,82,55,27,11,0.6707317073170732,0.3292682926829268,0.0121951219512195,0.048780487804878,0.2195121951219512,0.0365853658536585,0.024390243902439,0.0365853658536585,0.1341463414634146,2,1.0,javascript,benderjs/dom-combiner,mergeHeadBody,-1.3186061521369263
1,1,2,2,1,0,0,0,0,4,4,2,1,24,4,4,1,111,72,39,16,0.6486486486486487,0.3513513513513513,0.009009009009009,0.036036036036036,0.2162162162162162,0.036036036036036,0.018018018018018,0.036036036036036,0.1441441441441441,2,1.0,javascript,btd/rollup-plugin-visualizer,flattenTree,-1.0032811378107087
1,1,3,3,1,0,0,1,2,19,19,6,8,102,4,14,21,536,367,169,20,0.6847014925373134,0.3152985074626865,0.001865671641791,0.0354477611940298,0.1902985074626865,0.0261194029850746,0.0055970149253731,0.0261194029850746,0.0373134328358208,2,1.0,javascript,shalles/servermock,,3.1756183152745545
2,2,1,1,0,0,0,0,2,8,8,0,4,12,2,1,7,115,71,44,15,0.6173913043478261,0.3826086956521739,0.0,0.0695652173913043,0.1043478260869565,0.008695652173913,0.008695652173913,0.008695652173913,0.1304347826086956,1,1.0,javascript,ninsuo/symfony-collection,,-1.0848403681212322
2,2,1,1,1,0,0,0,2,6,6,1,0,52,3,2,39,405,307,98,14,0.7580246913580246,0.2419753086419753,0.0024691358024691,0.0148148148148148,0.128395061728395,0.0049382716049382,0.0024691358024691,0.0049382716049382,0.0345679012345679,2,1.0,javascript,mongodb-js/data-service,getInstanceDetail,1.018134956640835
1,1,2,2,1,0,0,0,1,1,1,0,1,16,3,0,5,107,76,31,10,0.7102803738317757,0.2897196261682243,0.0093457943925233,0.0093457943925233,0.1495327102803738,0.0,0.0186915887850467,0.0,0.0934579439252336,2,1.0,javascript,weepower/wee-core,_whichTransitionEvent,-1.2621862888854183
1,1,2,2,0,0,0,0,0,2,2,1,0,15,1,3,2,80,55,25,8,0.6875,0.3125,0.0,0.025,0.1875,0.0375,0.025,0.0375,0.1,1,1.0,javascript,joyent/node-sdc-clients,SigningError,-1.7490729981851958
1,1,0,0,0,0,0,0,0,9,9,0,0,12,1,1,3,83,51,32,15,0.6144578313253012,0.3855421686746988,0.0,0.108433734939759,0.144578313253012,0.0120481927710843,0.0,0.0120481927710843,0.180722891566265,1,1.0,javascript,greenish/react-mount,reactBootstrapBrowserify,-1.8559317399062594
1,1,1,1,1,0,0,0,0,1,1,1,3,15,2,3,3,85,57,28,10,0.6705882352941176,0.3294117647058823,0.0117647058823529,0.0117647058823529,0.1764705882352941,0.0352941176470588,0.0117647058823529,0.0352941176470588,0.1176470588235294,2,1.0,javascript,canjs/can-bind,,-1.5760906143948175
1,1,0,0,0,0,0,0,1,3,3,0,3,11,1,0,4,65,43,22,13,0.6615384615384615,0.3384615384615385,0.0,0.0461538461538461,0.1692307692307692,0.0,0.0,0.0,0.2,1,1.0,javascript,create-conform/allume,getItem,-2.1837104992310183
1,1,6,6,1,10,0,0,1,11,11,18,40,127,12,8,67,749,543,206,24,0.7249666221628839,0.2750333778371162,0.0146862483311081,0.0146862483311081,0.1695594125500667,0.0106809078771695,0.0080106809078771,0.0106809078771695,0.0320427236315086,12,1.0,javascript,Caligatio/jsSHA,roundSHA3,7.934005490226245
1,1,1,1,2,0,0,0,1,3,3,3,1,19,2,3,1,99,67,32,11,0.6767676767676768,0.3232323232323232,0.0202020202020202,0.0303030303030303,0.1919191919191919,0.0303030303030303,0.0101010101010101,0.0303030303030303,0.1111111111111111,3,1.0,javascript,mikeal/node.couchapp.js,,-1.0217915776858542
2,3,45,45,19,8,0,1,8,47,47,36,95,525,35,42,95,2451,1690,761,24,0.689514483884129,0.310485516115871,0.011015911872705,0.0191758465932272,0.2141982864137087,0.0171358629130966,0.018359853121175,0.0171358629130966,0.0097919216646266,28,1.5,javascript,cyclosproject/ng-swagger-gen,processServices,27.79393896502495
1,2,3,3,4,0,0,0,2,6,6,2,0,45,2,6,6,230,155,75,12,0.6739130434782609,0.3260869565217391,0.017391304347826,0.0260869565217391,0.1956521739130435,0.0260869565217391,0.0130434782608695,0.0260869565217391,0.0521739130434782,5,2.0,javascript,idanlo/react-spotify-api,Search,0.5475551415655522
1,1,10,10,12,1,0,0,1,10,10,14,11,132,10,16,19,626,436,190,14,0.6964856230031949,0.3035143769968051,0.0207667731629392,0.0159744408945686,0.2108626198083067,0.0255591054313099,0.0159744408945686,0.0255591054313099,0.0223642172523961,14,1.0,javascript,Industryswarm/isnode-mod-data,executeWrite,6.052382357428062
1,1,10,10,6,3,1,0,2,5,5,14,29,103,12,12,16,488,326,162,17,0.6680327868852459,0.3319672131147541,0.0204918032786885,0.0102459016393442,0.2110655737704918,0.0245901639344262,0.0204918032786885,0.0245901639344262,0.0348360655737704,11,1.0,javascript,jhermsmeier/node-speech,jaro,5.620628774812317
1,1,0,0,0,0,0,0,1,1,1,0,1,13,1,0,0,54,37,17,10,0.6851851851851852,0.3148148148148148,0.0,0.0185185185185185,0.2407407407407407,0.0,0.0,0.0,0.1851851851851851,1,1.0,javascript,clay/amphora,normalizeRedirectPath,-2.430993343877569
1,1,1,1,0,0,0,0,1,0,0,0,9,16,1,1,3,85,56,29,14,0.6588235294117647,0.3411764705882353,0.0,0.0,0.188235294117647,0.0117647058823529,0.0117647058823529,0.0117647058823529,0.1647058823529411,1,1.0,javascript,ni-kismet/engineering-flot,,-1.851357280852464
1,1,0,0,2,0,0,0,2,5,5,2,5,17,7,3,3,144,95,49,18,0.6597222222222222,0.3402777777777778,0.0138888888888888,0.0347222222222222,0.1180555555555555,0.0208333333333333,0.0,0.0208333333333333,0.125,3,1.0,javascript,infrabel/themes-gnap,,-0.40063156228991514
1,1,1,1,0,0,0,0,1,1,1,0,3,10,1,0,1,49,32,17,8,0.6530612244897959,0.3469387755102041,0.0,0.0204081632653061,0.2040816326530612,0.0,0.0204081632653061,0.0,0.1632653061224489,1,1.0,javascript,Zeindelf/utilify-js,isNumber,-2.3321462615955224
2,2,0,0,0,0,0,0,2,2,2,0,0,10,2,1,0,50,33,17,13,0.66,0.34,0.0,0.04,0.2,0.02,0.0,0.02,0.26,1,1.0,javascript,adiwidjaja/frontend-pagebuilder,,-2.3348459870468963
2,2,0,0,1,0,0,0,2,4,4,2,1,23,3,3,0,102,68,34,11,0.6666666666666666,0.3333333333333333,0.0098039215686274,0.0392156862745098,0.2254901960784313,0.0294117647058823,0.0,0.0294117647058823,0.1078431372549019,2,1.0,javascript,segmentio/ecs-logs-js,Formatter,-1.0974579232282295
1,1,2,2,2,1,0,0,0,1,1,1,2,20,1,1,2,91,64,27,10,0.7032967032967034,0.2967032967032967,0.0329670329670329,0.0109890109890109,0.2197802197802197,0.0109890109890109,0.0219780219780219,0.0109890109890109,0.1098901098901098,4,1.0,javascript,MobilityData/gtfs-realtime-bindings,EntitySelector,-0.9135528489002139
1,1,2,2,2,0,0,0,1,3,3,0,0,15,1,3,0,91,59,32,10,0.6483516483516484,0.3516483516483517,0.0219780219780219,0.0329670329670329,0.1648351648351648,0.0329670329670329,0.0219780219780219,0.0329670329670329,0.1098901098901098,3,1.0,javascript,sebpiq/backbone.statemachine,,-1.2265062906700217
1,1,15,15,6,2,0,0,1,11,11,1,11,91,10,3,10,435,310,125,16,0.7126436781609196,0.2873563218390804,0.0183908045977011,0.025287356321839,0.2091954022988505,0.0068965517241379,0.0344827586206896,0.0068965517241379,0.0367816091954023,9,1.0,javascript,opendigitaleducation/sijil.js,getWildcardDirectories,4.2144894060018085
1,1,3,3,2,0,0,0,2,2,2,3,2,19,2,4,5,111,74,37,10,0.6666666666666666,0.3333333333333333,0.018018018018018,0.018018018018018,0.1711711711711711,0.036036036036036,0.027027027027027,0.036036036036036,0.09009009009009,3,1.0,javascript,acornejo/jjv,,-0.6525960867059383
1,1,14,14,20,0,0,0,1,14,14,38,49,274,25,45,46,1340,904,436,21,0.6746268656716418,0.3253731343283582,0.0149253731343283,0.0104477611940298,0.2044776119402985,0.0335820895522388,0.0104477611940298,0.0335820895522388,0.0156716417910447,21,1.0,javascript,Tamersoul/magic-wand-js,,14.271355976923505
1,1,3,3,1,1,0,0,1,3,3,1,4,24,3,2,4,131,89,42,12,0.6793893129770993,0.3206106870229007,0.015267175572519,0.0229007633587786,0.183206106870229,0.015267175572519,0.0229007633587786,0.015267175572519,0.0916030534351145,3,1.0,javascript,neyric/webhookit,,-0.5130093547715416
1,1,0,0,0,0,0,0,0,0,0,5,3,15,1,5,9,95,65,30,8,0.6842105263157895,0.3157894736842105,0.0,0.0,0.1578947368421052,0.0526315789473684,0.0,0.0526315789473684,0.0842105263157894,1,1.0,javascript,psiphi75/web-remote-control,DeviceManager,-1.6632448723742064
1,1,5,5,0,0,0,0,1,13,13,0,5,61,1,0,8,255,173,82,11,0.6784313725490196,0.3215686274509804,0.0,0.0509803921568627,0.2392156862745098,0.0,0.0196078431372549,0.0,0.0431372549019607,1,1.0,javascript,eslint/eslint,getFlippedString,0.2608523112469204
1,1,0,0,0,0,0,0,1,0,0,0,8,42,1,1,16,206,147,59,11,0.7135922330097088,0.2864077669902912,0.0,0.0,0.203883495145631,0.0048543689320388,0.0,0.0048543689320388,0.0533980582524271,1,1.0,javascript,jacomyal/sigma.js,,-0.9230586381979516
1,1,9,9,19,0,0,0,0,24,24,0,18,114,20,19,63,895,607,288,12,0.6782122905027933,0.3217877094972067,0.0212290502793296,0.0268156424581005,0.1273743016759776,0.0212290502793296,0.0100558659217877,0.0212290502793296,0.0134078212290502,20,1.0,javascript,hangilc/myclinic-shohousen,render,8.598414940655802
3,3,0,0,0,0,0,0,3,3,3,0,0,23,3,0,0,94,64,30,17,0.6808510638297872,0.3191489361702128,0.0,0.0319148936170212,0.2446808510638297,0.0,0.0,0.0,0.1808510638297872,1,1.0,javascript,Netflix/unleash,getCommits,-1.3716503790297303
1,1,1,1,0,0,0,0,1,2,2,0,1,18,1,1,1,70,48,22,11,0.6857142857142857,0.3142857142857143,0.0,0.0285714285714285,0.2571428571428571,0.0142857142857142,0.0142857142857142,0.0142857142857142,0.1571428571428571,1,1.0,javascript,neyric/webhookit,,-1.9815727503283866
1,1,2,2,1,0,0,0,2,3,3,0,6,30,1,0,9,132,95,37,11,0.7196969696969697,0.2803030303030303,0.0075757575757575,0.0227272727272727,0.2272727272727272,0.0,0.0151515151515151,0.0,0.0833333333333333,2,1.0,javascript,SheetJS/js-xlsx,parse_RgceLoc,-0.8007216913179204
1,1,6,6,4,0,0,0,0,8,8,5,1,53,5,11,5,228,156,72,11,0.6842105263157895,0.3157894736842105,0.0175438596491228,0.0350877192982456,0.2324561403508772,0.0482456140350877,0.0263157894736842,0.0482456140350877,0.0482456140350877,5,1.0,javascript,splunk/splunk-sdk-javascript,,1.1903436451075498
2,2,0,0,2,0,0,0,0,6,6,0,1,23,6,6,2,122,82,40,16,0.6721311475409836,0.3278688524590163,0.0163934426229508,0.0491803278688524,0.1885245901639344,0.0491803278688524,0.0,0.0491803278688524,0.1311475409836065,3,1.0,javascript,cliffano/bagofholding,exec,-0.5925188364342475
1,1,0,0,0,0,0,0,2,2,2,0,0,9,3,2,3,63,43,20,10,0.6825396825396826,0.3174603174603174,0.0,0.0317460317460317,0.1428571428571428,0.0317460317460317,0.0,0.0317460317460317,0.1587301587301587,1,1.0,javascript,JamesMessinger/swagger-server,moduleExists,-2.0352580879292153
5,5,6,6,5,0,0,0,6,6,6,4,14,97,12,8,18,505,349,156,21,0.691089108910891,0.3089108910891089,0.0099009900990099,0.0118811881188118,0.192079207920792,0.0158415841584158,0.0118811881188118,0.0158415841584158,0.0415841584158415,6,1.0,javascript,Samsung/jalangi2,serialize,4.271195552584733
3,3,4,4,1,0,0,0,3,9,9,3,6,59,4,5,5,238,160,78,12,0.6722689075630253,0.3277310924369748,0.0042016806722689,0.0378151260504201,0.2478991596638655,0.0210084033613445,0.0168067226890756,0.0210084033613445,0.0504201680672268,2,1.0,javascript,remarkjs/remark-usage,script,0.8721776284168035
1,1,0,0,2,0,0,0,2,5,5,0,1,15,2,3,1,110,70,40,15,0.6363636363636364,0.3636363636363636,0.0181818181818181,0.0454545454545454,0.1363636363636363,0.0272727272727272,0.0,0.0272727272727272,0.1363636363636363,3,1.0,javascript,epeli/yalr,,-1.1068012840537136
1,1,0,0,2,0,0,0,3,1,1,0,9,13,3,0,14,149,103,46,13,0.6912751677852349,0.3087248322147651,0.0134228187919463,0.0067114093959731,0.087248322147651,0.0,0.0,0.0,0.087248322147651,3,1.0,javascript,mipengine/mip2,escapeRegExpCharacter,-0.6846365805138961
1,1,0,0,1,0,0,0,2,1,1,0,0,15,2,0,0,60,42,18,9,0.7,0.3,0.0166666666666666,0.0166666666666666,0.25,0.0,0.0,0.0,0.15,2,1.0,javascript,BlackrockDigital/startbootstrap-sb-admin-2,getRelativePosition,-1.8958091009530693
1,1,1,1,1,1,0,0,0,0,0,1,4,16,3,2,2,73,52,21,12,0.7123287671232876,0.2876712328767123,0.0273972602739726,0.0,0.2191780821917808,0.0273972602739726,0.0136986301369863,0.0273972602739726,0.1643835616438356,3,1.0,javascript,AlloyTeam/AlloyTouch,,-1.2845163916413538
3,3,1,1,0,0,0,0,3,5,5,0,0,20,3,0,1,114,76,38,18,0.6666666666666666,0.3333333333333333,0.0,0.043859649122807,0.175438596491228,0.0,0.0087719298245614,0.0,0.1578947368421052,1,1.0,javascript,citronneur/node-rdpjs,certBlob,-1.0040637544336166
2,2,3,3,2,0,0,0,2,18,18,4,2,57,5,5,9,326,220,106,24,0.6748466257668712,0.3251533742331288,0.0061349693251533,0.0552147239263803,0.1748466257668711,0.0153374233128834,0.00920245398773,0.0153374233128834,0.0736196319018405,3,1.0,javascript,rranauro/boxspringjs,,1.8528839036260643
1,1,0,0,0,0,0,0,0,0,0,6,1,11,1,4,3,64,43,21,7,0.671875,0.328125,0.0,0.0,0.171875,0.0625,0.0,0.0625,0.109375,1,1.0,javascript,gilbitron/Raneto,StringStream,-2.0320258248151024
1,1,1,1,0,0,1,0,1,3,3,2,6,14,2,3,6,86,55,31,13,0.6395348837209303,0.3604651162790697,0.0116279069767441,0.0348837209302325,0.1627906976744186,0.0348837209302325,0.0116279069767441,0.0348837209302325,0.1511627906976744,2,1.0,javascript,rajgoel/reveal.js-plugins,,-1.0881704025876642
3,3,1,1,0,0,0,1,4,2,2,2,0,21,3,1,5,141,99,42,20,0.7021276595744681,0.2978723404255319,0.0,0.0141843971631205,0.1489361702127659,0.0070921985815602,0.0070921985815602,0.0070921985815602,0.1418439716312056,1,1.0,javascript,mz121star/NJBlog,$ParseProvider,-0.4352941667512391
1,1,0,0,0,0,0,0,1,0,0,0,3,13,1,0,0,44,30,14,8,0.6818181818181818,0.3181818181818182,0.0,0.0,0.2954545454545454,0.0,0.0,0.0,0.1818181818181818,1,1.0,javascript,sadiqhabib/tinymce-dist,isSameNotification,-2.5631859722732893
1,1,1,1,1,0,0,0,1,2,2,0,2,10,1,2,2,80,51,29,10,0.6375,0.3625,0.0125,0.025,0.125,0.025,0.0125,0.025,0.125,2,1.0,javascript,node-inspector/node-inspector,,-1.7253228591606549
1,1,0,0,1,0,0,0,0,2,2,0,1,12,3,4,3,67,45,22,10,0.6716417910447762,0.3283582089552239,0.0149253731343283,0.0298507462686567,0.1791044776119403,0.0597014925373134,0.0,0.0597014925373134,0.1492537313432835,2,1.0,javascript,confluentinc/kafka-rest-node,handleProduceResponse,-1.796328881816795
1,1,8,8,1,2,0,0,2,8,8,1,13,57,4,6,11,278,189,89,13,0.6798561151079137,0.3201438848920863,0.0107913669064748,0.0287769784172661,0.2050359712230215,0.0215827338129496,0.0287769784172661,0.0215827338129496,0.0467625899280575,4,1.0,javascript,quick-sort/jstock,boll,1.6833641311668575
1,1,2,2,0,0,0,0,1,3,3,0,1,13,1,1,2,66,43,23,10,0.6515151515151515,0.3484848484848485,0.0,0.0454545454545454,0.1969696969696969,0.0151515151515151,0.0303030303030303,0.0151515151515151,0.1515151515151515,1,1.0,javascript,SAP/openui5,,-1.9057554547676947
1,1,2,2,1,0,0,0,2,0,0,0,4,14,2,1,3,75,51,24,10,0.68,0.32,0.0133333333333333,0.0,0.1866666666666666,0.0133333333333333,0.0266666666666666,0.0133333333333333,0.1333333333333333,2,1.0,javascript,ariatemplates/ariatemplates,,-1.4869879361477711
7,7,6,6,1,0,0,0,8,23,23,0,5,86,8,0,8,439,297,142,28,0.6765375854214123,0.3234624145785877,0.0022779043280182,0.0523917995444191,0.1958997722095672,0.0,0.0136674259681093,0.0,0.0637813211845102,2,1.0,javascript,tensor5/JSLinter,jslintFile,3.9014000456935674
1,1,1,1,5,0,0,0,3,11,11,2,5,41,7,5,5,196,128,68,15,0.6530612244897959,0.3469387755102041,0.0255102040816326,0.0561224489795918,0.2091836734693877,0.0255102040816326,0.0051020408163265,0.0255102040816326,0.0765306122448979,6,1.0,javascript,xuliangzhan/xe-utils,getWhatYear,1.0096586474806852
1,1,0,0,1,0,0,0,0,2,2,0,0,10,3,2,0,56,38,18,12,0.6785714285714286,0.3214285714285714,0.0178571428571428,0.0357142857142857,0.1785714285714285,0.0357142857142857,0.0,0.0357142857142857,0.2142857142857142,2,1.0,javascript,ryanwilliams/cocos2d-javascript,,-2.0595318103123774
1,1,0,0,0,0,0,0,0,2,2,5,0,11,1,5,3,77,51,26,8,0.6623376623376623,0.3376623376623376,0.0,0.0259740259740259,0.1428571428571428,0.0649350649350649,0.0,0.0649350649350649,0.1038961038961039,1,1.0,javascript,mapbox/mapbox-gl-geocoder,MapboxGeocoder,-1.8706456013019763
7,7,5,5,2,0,0,0,3,12,12,2,5,105,9,7,5,413,294,119,20,0.711864406779661,0.288135593220339,0.0048426150121065,0.0290556900726392,0.2542372881355932,0.0169491525423728,0.0121065375302663,0.0169491525423728,0.0484261501210653,3,1.0,javascript,ripple/ripple-rest,getAccountPayments,3.172340762474408
3,3,0,0,3,0,0,0,5,4,4,3,5,29,6,4,3,189,125,64,12,0.6613756613756614,0.3386243386243386,0.0158730158730158,0.0211640211640211,0.1534391534391534,0.0211640211640211,0.0,0.0211640211640211,0.0634920634920634,4,1.0,javascript,adrai/node-cqrs-domain,,0.39419710595318197
1,1,2,2,0,0,0,0,1,3,3,2,0,15,1,3,0,57,38,19,7,0.6666666666666666,0.3333333333333333,0.0,0.0526315789473684,0.2631578947368421,0.0526315789473684,0.0350877192982456,0.0526315789473684,0.1228070175438596,1,1.0,javascript,zerobias/telegram-mtproto,GCD,-1.785939583633631
1,1,0,0,1,0,0,0,1,3,3,0,1,11,1,2,1,57,38,19,9,0.6666666666666666,0.3333333333333333,0.0175438596491228,0.0526315789473684,0.1929824561403508,0.0350877192982456,0.0,0.0350877192982456,0.1578947368421052,2,1.0,javascript,angular/material,gestureMove,-1.9224454057516451
3,3,2,2,3,0,0,0,0,10,10,0,2,32,6,4,2,168,112,56,17,0.6666666666666666,0.3333333333333333,0.0178571428571428,0.0595238095238095,0.1904761904761904,0.0238095238095238,0.0119047619047619,0.0238095238095238,0.1011904761904761,4,1.0,javascript,catapult-project/catapult,addUnderlyingListener,0.3946489166448552
1,1,2,2,0,0,0,0,0,2,2,1,0,13,1,2,2,77,52,25,10,0.6753246753246753,0.3246753246753247,0.0,0.0259740259740259,0.1688311688311688,0.0259740259740259,0.0259740259740259,0.0259740259740259,0.1298701298701298,1,1.0,javascript,eventbrite/britecharts,_handleDataSizeToggle,-1.846974865118853
1,1,1,1,0,0,0,0,1,4,4,0,0,27,1,0,1,122,83,39,12,0.680327868852459,0.319672131147541,0.0,0.0327868852459016,0.221311475409836,0.0,0.0081967213114754,0.0,0.0983606557377049,1,1.0,javascript,grasshopper-cms/grasshopper-api-js,_linkIdentity,-1.4997351779605836
2,2,0,0,0,0,0,0,2,6,6,4,3,23,2,5,2,118,78,40,15,0.6610169491525424,0.3389830508474576,0.0,0.0508474576271186,0.1949152542372881,0.0423728813559322,0.0,0.0423728813559322,0.1271186440677966,1,1.0,javascript,andrewplummer/Sugar,,-0.942942042725476
5,5,2,2,0,0,0,0,5,10,10,1,1,34,5,2,4,205,137,68,24,0.6682926829268293,0.3317073170731707,0.0,0.048780487804878,0.1658536585365853,0.0097560975609756,0.0097560975609756,0.0097560975609756,0.1170731707317073,1,1.0,javascript,Siilwyn/mustache-prestatic,,0.7252164860023907
1,1,0,0,0,0,0,0,0,2,2,1,0,12,1,2,0,48,31,17,8,0.6458333333333334,0.3541666666666667,0.0,0.0416666666666666,0.25,0.0416666666666666,0.0,0.0416666666666666,0.1666666666666666,1,1.0,javascript,ryanwilliams/cocos2d-javascript,Place,-2.478208697200537
1,1,0,0,1,0,0,0,1,2,2,2,1,16,2,3,1,81,54,27,12,0.6666666666666666,0.3333333333333333,0.0123456790123456,0.0246913580246913,0.1975308641975308,0.037037037037037,0.0,0.037037037037037,0.1481481481481481,2,1.0,javascript,Tamersoul/magic-wand-js,,-1.6301365544465114
4,4,6,6,2,0,0,0,3,9,9,11,2,69,6,12,4,294,197,97,20,0.6700680272108843,0.3299319727891156,0.0068027210884353,0.0306122448979591,0.2346938775510204,0.0408163265306122,0.0204081632653061,0.0408163265306122,0.0680272108843537,3,1.0,javascript,stayradiated/onepasswordjs,,2.334272374144236
1,1,2,2,0,0,0,0,1,2,2,0,0,10,1,1,6,87,59,28,10,0.6781609195402298,0.3218390804597701,0.0,0.0229885057471264,0.1149425287356321,0.0114942528735632,0.0229885057471264,0.0114942528735632,0.1149425287356321,1,1.0,javascript,ramakrishnan/db-migrate-cassandra,,-1.734021741177272
2,2,2,2,0,0,0,0,1,5,5,0,12,26,2,3,11,173,116,57,23,0.6705202312138728,0.3294797687861271,0.0,0.0289017341040462,0.1502890173410404,0.0173410404624277,0.0115606936416184,0.0173410404624277,0.1329479768786127,1,1.0,javascript,jfseb/mgnlq_er,dumpNice,-0.28771180696340354
1,2,1,0,0,0,0,0,1,0,0,1,0,7,1,3,0,40,23,17,7,0.575,0.425,0.0,0.0,0.175,0.075,0.025,0.075,0.175,1,2.0,go,aws/aws-sdk-go,SetCategory,-2.6295880321858403
1,3,5,1,3,1,0,0,3,14,14,2,3,58,6,12,5,297,186,111,20,0.6262626262626263,0.3737373737373737,0.0134680134680134,0.0471380471380471,0.1952861952861952,0.0404040404040404,0.0168350168350168,0.0404040404040404,0.0673400673400673,5,3.0,go,control-center/serviced,RestoreResourcePools,1.9213891107523455
1,4,1,0,0,0,0,0,1,2,2,0,0,11,1,3,0,69,42,27,8,0.6086956521739131,0.391304347826087,0.0,0.0289855072463768,0.1594202898550724,0.0434782608695652,0.0144927536231884,0.0434782608695652,0.1159420289855072,1,4.0,go,aws/aws-sdk-go,ListWebACLs,-2.0513713712801467
1,4,2,0,1,0,0,0,2,2,2,1,0,22,2,6,0,115,71,44,11,0.6173913043478261,0.3826086956521739,0.008695652173913,0.017391304347826,0.1913043478260869,0.0521739130434782,0.017391304347826,0.0521739130434782,0.0956521739130434,2,4.0,go,gtarcea/1DevDayTalk2014,Update,-1.1364527347607098
1,3,2,0,1,0,0,0,2,2,2,2,1,19,2,4,1,103,61,42,11,0.5922330097087378,0.4077669902912621,0.0097087378640776,0.0194174757281553,0.1844660194174757,0.0388349514563106,0.0194174757281553,0.0388349514563106,0.1067961165048543,2,3.0,go,inverse-inc/packetfence,Accept,-1.2936350096320337
1,2,0,0,0,0,0,0,1,1,1,0,1,5,1,1,2,62,40,22,15,0.6451612903225806,0.3548387096774194,0.0,0.0161290322580645,0.0806451612903225,0.0161290322580645,0.0,0.0161290322580645,0.2419354838709677,1,2.0,go,prometheus/node_exporter,NewTimeCollector,-2.4480177088017205
1,8,5,0,3,0,0,0,3,7,7,4,3,36,4,10,2,187,118,69,12,0.6310160427807486,0.3689839572192513,0.0160427807486631,0.0374331550802139,0.1925133689839572,0.053475935828877,0.0267379679144385,0.053475935828877,0.0641711229946524,4,8.0,go,NebulousLabs/merkletree,BuildReaderProof,0.756752054598171
1,1,17,0,11,0,0,1,5,20,20,7,13,85,12,42,17,502,293,209,13,0.5836653386454184,0.4163346613545817,0.0219123505976095,0.0398406374501992,0.1693227091633466,0.0836653386454183,0.0338645418326693,0.0836653386454183,0.0258964143426294,12,1.0,go,cybozu-go/well,Apply,6.1070888959829865
1,3,0,0,0,0,0,0,0,1,1,0,0,8,1,0,1,50,30,20,11,0.6,0.4,0.0,0.02,0.16,0.0,0.0,0.0,0.22,1,3.0,go,netrack/openflow,HandleOnce,-2.7374441662960973
1,5,4,0,1,0,0,0,1,7,7,0,1,47,2,8,2,207,134,73,13,0.6473429951690821,0.3526570048309179,0.0048309178743961,0.0338164251207729,0.2270531400966183,0.038647342995169,0.0193236714975845,0.038647342995169,0.0628019323671497,2,5.0,go,muesli/beehive,Post,-0.12587299463503626
1,3,2,1,1,0,0,0,2,3,3,0,1,15,2,4,1,95,58,37,12,0.6105263157894737,0.3894736842105263,0.0105263157894736,0.031578947368421,0.1578947368421052,0.0421052631578947,0.0210526315789473,0.0421052631578947,0.1263157894736842,2,3.0,go,libvirt/libvirt-go,GetUsageID,-1.2957576489190143
1,1,0,0,0,0,0,0,1,3,3,0,0,9,1,1,0,46,28,18,12,0.6086956521739131,0.391304347826087,0.0,0.0652173913043478,0.1956521739130435,0.0217391304347826,0.0,0.0217391304347826,0.2608695652173913,1,1.0,go,confluentinc/confluent-kafka-go,String,-2.689368023952019
1,1,1,0,2,0,0,0,1,1,1,1,1,12,3,3,2,73,45,28,13,0.6164383561643836,0.3835616438356164,0.0273972602739726,0.0136986301369863,0.1643835616438356,0.0410958904109589,0.0136986301369863,0.0410958904109589,0.1780821917808219,3,1.0,go,gocql/gocql,Close,-1.5393674308069827
1,3,0,0,0,0,0,0,1,3,3,0,0,13,1,1,0,68,42,26,9,0.6176470588235294,0.3823529411764705,0.0,0.0441176470588235,0.1911764705882352,0.0147058823529411,0.0,0.0147058823529411,0.1323529411764706,1,3.0,go,contiv/netplugin,DeleteServiceLB,-2.167337556754575
1,1,6,0,5,0,0,0,4,4,4,0,3,35,8,16,4,265,159,106,19,0.6,0.4,0.0188679245283018,0.0150943396226415,0.1320754716981132,0.060377358490566,0.0226415094339622,0.060377358490566,0.0716981132075471,6,1.0,go,envoyproxy/go-control-plane,Validate,1.3233916890128823
1,4,4,0,1,0,0,0,1,1,1,3,1,19,2,8,2,137,80,57,12,0.583941605839416,0.4160583941605839,0.0072992700729927,0.0072992700729927,0.1386861313868613,0.0583941605839416,0.0291970802919708,0.0583941605839416,0.0875912408759124,2,4.0,go,aws/aws-sdk-go,UnpeerVpcRequest,-0.9331321479594796
1,4,0,0,0,0,0,0,1,0,0,0,0,7,1,1,0,52,31,21,11,0.5961538461538461,0.4038461538461538,0.0,0.0,0.1346153846153846,0.0192307692307692,0.0,0.0192307692307692,0.2115384615384615,1,4.0,go,hyperledger/fabric-sdk-go,NewPeerGroupResolver,-2.643851178360809
1,4,0,0,0,0,0,0,1,0,0,0,0,6,1,1,0,64,41,23,9,0.640625,0.359375,0.0,0.0,0.09375,0.015625,0.0,0.015625,0.140625,1,4.0,go,topfreegames/pitaya,GetArgReply,-2.3374408981584955
1,2,1,0,0,0,0,0,1,0,0,1,0,7,1,3,0,40,23,17,7,0.575,0.425,0.0,0.0,0.175,0.075,0.025,0.075,0.175,1,2.0,go,aws/aws-sdk-go,SetOrganization,-2.6295880321858403
1,4,3,0,0,0,0,0,1,27,27,0,0,92,2,7,22,517,326,191,19,0.6305609284332688,0.3694390715667311,0.0,0.0522243713733075,0.1779497098646034,0.0135396518375241,0.0058027079303675,0.0135396518375241,0.0367504835589942,1,4.0,go,kubernetes/kubernetes,NewCmdAutoscale,2.204439782768739
1,5,1,0,1,0,0,0,2,2,2,0,1,20,2,4,0,97,63,34,9,0.6494845360824743,0.3505154639175257,0.0103092783505154,0.0206185567010309,0.2061855670103092,0.0412371134020618,0.0103092783505154,0.0412371134020618,0.0927835051546391,2,5.0,go,mailgun/scroll,registerFrontend,-1.2759361463521728
1,1,6,1,4,1,0,0,2,7,7,3,3,41,6,13,0,209,124,85,12,0.5933014354066986,0.4066985645933014,0.0239234449760765,0.0334928229665071,0.1961722488038277,0.062200956937799,0.0287081339712918,0.062200956937799,0.0574162679425837,6,1.0,go,hyperledger/fabric,GetPeers,1.0206212475202863
1,4,3,1,2,0,0,0,4,4,4,1,2,24,4,8,0,164,100,64,22,0.6097560975609756,0.3902439024390244,0.0121951219512195,0.024390243902439,0.1463414634146341,0.048780487804878,0.0182926829268292,0.048780487804878,0.1341463414634146,3,4.0,go,tideland/golib,List,0.014557373966990339
1,2,1,0,1,0,0,0,0,1,1,1,0,13,2,2,0,66,40,26,15,0.6060606060606061,0.3939393939393939,0.0151515151515151,0.0151515151515151,0.1969696969696969,0.0303030303030303,0.0151515151515151,0.0303030303030303,0.2272727272727272,2,2.0,go,keimoon/gore,AddShardWithPassword,-2.065168149986107
1,5,1,0,0,0,0,0,1,4,4,0,0,19,1,3,0,100,62,38,8,0.62,0.38,0.0,0.04,0.19,0.03,0.01,0.03,0.08,1,5.0,go,aws/aws-sdk-go,DescribeGameSessionQueuesWithContext,-1.621297581583332
1,4,1,0,0,0,0,0,1,2,2,0,0,11,1,3,0,63,38,25,8,0.6031746031746031,0.3968253968253968,0.0,0.0317460317460317,0.1746031746031746,0.0476190476190476,0.0158730158730158,0.0476190476190476,0.1269841269841269,1,4.0,go,aws/aws-sdk-go,GetExport,-2.114135263379266
1,5,10,1,2,1,0,0,3,6,6,1,2,73,4,22,2,413,248,165,15,0.6004842615012107,0.3995157384987893,0.0072639225181598,0.0145278450363196,0.1767554479418886,0.0532687651331719,0.0242130750605326,0.0532687651331719,0.036319612590799,4,5.0,go,manifoldco/torus-cli,createMachine,2.0281280621664486
1,2,1,0,0,0,0,0,1,0,0,1,0,7,1,3,0,40,23,17,7,0.575,0.425,0.0,0.0,0.175,0.075,0.025,0.075,0.175,1,2.0,go,aws/aws-sdk-go,SetResourceType,-2.6295880321858403
1,3,0,0,0,0,0,0,1,0,0,0,0,14,1,1,0,72,43,29,12,0.5972222222222222,0.4027777777777778,0.0,0.0,0.1944444444444444,0.0138888888888888,0.0,0.0138888888888888,0.1666666666666666,1,3.0,go,mailgun/mailgun-go,newError,-2.3808969056283353
1,1,0,0,0,0,0,0,1,2,2,0,0,11,1,1,0,55,33,22,8,0.6,0.4,0.0,0.0363636363636363,0.2,0.0181818181818181,0.0,0.0181818181818181,0.1454545454545454,1,1.0,go,pingcap/tidb,LastUpdateVersion,-2.4924356884824204
1,4,2,0,2,0,0,0,3,14,14,0,3,37,3,7,8,197,125,72,14,0.6345177664974619,0.365482233502538,0.0101522842639593,0.0710659898477157,0.1878172588832487,0.0355329949238578,0.0101522842639593,0.0355329949238578,0.0710659898477157,3,4.0,go,ethereum/go-ethereum,tuplePointsTo,0.4366543451139921
1,4,5,1,2,1,0,0,3,4,4,1,5,42,4,12,1,199,128,71,12,0.6432160804020101,0.3567839195979899,0.0150753768844221,0.0201005025125628,0.2110552763819095,0.0603015075376884,0.0251256281407035,0.0603015075376884,0.0603015075376884,4,4.0,go,google/badwolf,Generate,0.5857734589943396
1,2,30,4,13,9,0,0,3,35,35,15,6,186,24,63,19,911,559,352,26,0.6136114160263447,0.3863885839736553,0.0241492864983534,0.0384193194291986,0.2041712403951701,0.0691547749725576,0.0329308452250274,0.0691547749725576,0.0285400658616904,23,2.0,go,kubernetes/kops,RunTasks,13.062433632234987
1,1,0,0,1,1,0,0,2,1,1,0,0,10,3,3,1,66,39,27,12,0.5909090909090909,0.4090909090909091,0.0303030303030303,0.0151515151515151,0.1515151515151515,0.0454545454545454,0.0,0.0454545454545454,0.1818181818181818,3,1.0,go,br0xen/termbox-util,GetSelectedIndex,-1.6733641716272227
1,2,1,0,0,0,0,0,1,1,1,1,0,9,2,3,0,67,38,29,18,0.5671641791044776,0.4328358208955223,0.0,0.0149253731343283,0.1343283582089552,0.044776119402985,0.0149253731343283,0.044776119402985,0.2686567164179104,1,2.0,go,helm/helm,UpdateValueOverrides,-2.37145334958999
1,5,1,0,0,0,0,0,1,4,4,0,0,19,1,3,0,100,62,38,8,0.62,0.38,0.0,0.04,0.19,0.03,0.01,0.03,0.08,1,5.0,go,aws/aws-sdk-go,GetCurrentUserWithContext,-1.621297581583332
1,4,16,4,7,2,0,0,5,36,36,8,9,147,14,28,10,743,461,282,27,0.620457604306864,0.3795423956931359,0.0121130551816958,0.0484522207267833,0.1978465679676985,0.0376850605652759,0.0215343203230148,0.0376850605652759,0.0363391655450874,10,4.0,go,moby/moby,restore,7.975082899986227
1,3,1,0,0,0,0,0,0,5,5,0,0,21,1,2,0,83,52,31,9,0.6265060240963856,0.3734939759036144,0.0,0.0602409638554216,0.253012048192771,0.0240963855421686,0.0120481927710843,0.0240963855421686,0.108433734939759,1,3.0,go,olebedev/go-duktape,Error,-1.830428163228575
1,3,1,0,0,0,0,0,1,6,6,0,0,20,1,3,0,88,56,32,12,0.6363636363636364,0.3636363636363636,0.0,0.0681818181818181,0.2272727272727272,0.034090909090909,0.0113636363636363,0.034090909090909,0.1363636363636363,1,3.0,go,miekg/pkcs11,VerifyFinal,-1.6263660877595967
1,2,1,0,0,0,0,0,1,0,0,1,0,7,1,3,0,40,23,17,7,0.575,0.425,0.0,0.0,0.175,0.075,0.025,0.075,0.175,1,2.0,go,aws/aws-sdk-go,SetApiKey,-2.6295880321858403
1,2,1,0,0,0,0,0,0,2,2,1,0,16,1,2,0,74,45,29,8,0.6081081081081081,0.3918918918918919,0.0,0.027027027027027,0.2162162162162162,0.027027027027027,0.0135135135135135,0.027027027027027,0.1081081081081081,1,2.0,go,openshift/origin,completeQuota,-2.1389687948604155
1,2,1,0,0,0,0,0,1,0,0,1,0,7,1,3,0,40,23,17,7,0.575,0.425,0.0,0.0,0.175,0.075,0.025,0.075,0.175,1,2.0,go,gambol99/go-marathon,Storage,-2.6295880321858403
1,3,1,0,1,1,0,0,2,1,1,0,2,13,3,5,3,102,65,37,12,0.6372549019607843,0.3627450980392157,0.0196078431372549,0.0098039215686274,0.1274509803921568,0.0490196078431372,0.0098039215686274,0.0490196078431372,0.1176470588235294,3,3.0,go,rqlite/rqlite,isAtomic,-1.029747032610824
1,3,3,0,1,1,0,0,1,4,4,2,1,28,3,8,1,149,90,59,15,0.6040268456375839,0.3959731543624161,0.0134228187919463,0.0268456375838926,0.1879194630872483,0.0536912751677852,0.0201342281879194,0.0536912751677852,0.1006711409395973,3,3.0,go,mweagle/Sparta,MarshalJSON,-0.4328748551024564
1,2,4,0,1,1,0,0,2,11,11,0,0,45,4,9,4,225,137,88,17,0.6088888888888889,0.3911111111111111,0.0088888888888888,0.0488888888888888,0.2,0.04,0.0177777777777777,0.04,0.0755555555555555,3,2.0,go,goraft/raft,heartbeat,0.4477143901061803
1,2,2,0,0,0,0,0,0,3,3,1,1,25,2,4,1,104,65,39,15,0.625,0.375,0.0,0.0288461538461538,0.2403846153846154,0.0384615384615384,0.0192307692307692,0.0384615384615384,0.1442307692307692,1,2.0,go,antongulenko/golib,EscapeExistingFlags,-1.5663268037648235
1,6,18,2,11,1,0,1,11,13,13,6,15,127,15,46,3,584,367,217,20,0.6284246575342466,0.3715753424657534,0.0205479452054794,0.0222602739726027,0.2174657534246575,0.0787671232876712,0.0308219178082191,0.0787671232876712,0.0342465753424657,13,6.0,go,lightningnetwork/lnd,validateCommitmentSanity,7.672949279519316
1,8,10,0,9,0,0,0,7,14,14,2,7,95,10,27,10,515,346,169,17,0.6718446601941748,0.3281553398058252,0.0174757281553398,0.0271844660194174,0.1844660194174757,0.0524271844660194,0.0194174757281553,0.0524271844660194,0.033009708737864,10,8.0,go,docker/libnetwork,RequestPool,4.94217478303705
1,3,1,0,1,0,0,0,2,3,3,0,1,12,2,4,4,98,60,38,12,0.6122448979591837,0.3877551020408163,0.010204081632653,0.0306122448979591,0.1224489795918367,0.0408163265306122,0.010204081632653,0.0408163265306122,0.1224489795918367,2,3.0,go,digota/digota,NewLocker,-1.3764420686721521
1,5,0,0,1,0,0,0,1,4,4,0,1,18,3,1,1,112,70,42,17,0.625,0.375,0.0089285714285714,0.0357142857142857,0.1607142857142857,0.0089285714285714,0.0,0.0089285714285714,0.1517857142857142,2,5.0,go,influxdata/influxdb,FindAuthorizationByToken,-1.2548696373786816
1,4,2,1,1,0,0,0,2,7,7,0,3,28,2,4,7,221,139,82,16,0.6289592760180995,0.3710407239819004,0.004524886877828,0.0316742081447963,0.1266968325791855,0.0180995475113122,0.0090497737556561,0.0180995475113122,0.0723981900452488,2,4.0,go,fabric8-services/fabric8-wit,List,-0.18023233894087923
1,2,1,0,0,0,0,0,1,0,0,1,0,7,1,3,0,43,25,18,7,0.5813953488372093,0.4186046511627907,0.0,0.0,0.1627906976744186,0.0697674418604651,0.0232558139534883,0.0697674418604651,0.1627906976744186,1,2.0,go,go-swagger/go-swagger,WithPayload,-2.568295855118344
1,2,1,0,0,0,0,0,1,0,0,1,0,7,1,3,0,40,23,17,7,0.575,0.425,0.0,0.0,0.175,0.075,0.025,0.075,0.175,1,2.0,go,aws/aws-sdk-go,SetRetiringPrincipal,-2.6295880321858403
1,2,1,0,0,0,0,0,1,0,0,1,0,7,1,3,0,40,23,17,7,0.575,0.425,0.0,0.0,0.175,0.075,0.025,0.075,0.175,1,2.0,go,aws/aws-sdk-go,SetCacheNodeType,-2.6295880321858403
1,2,1,0,0,0,0,0,1,0,0,1,0,7,1,3,0,40,23,17,7,0.575,0.425,0.0,0.0,0.175,0.075,0.025,0.075,0.175,1,2.0,go,aws/aws-sdk-go,SetHidePassword,-2.6295880321858403
1,2,4,1,2,0,0,0,0,9,9,0,2,38,5,6,1,188,121,67,15,0.6436170212765957,0.3563829787234042,0.0106382978723404,0.0478723404255319,0.202127659574468,0.0319148936170212,0.0212765957446808,0.0319148936170212,0.0797872340425532,3,2.0,go,mweagle/Sparta,writePrettyString,0.016118136211109715
1,1,1,0,1,0,0,0,1,1,1,1,1,12,2,2,0,74,43,31,8,0.581081081081081,0.4189189189189189,0.0135135135135135,0.0135135135135135,0.1621621621621621,0.027027027027027,0.0135135135135135,0.027027027027027,0.1081081081081081,2,1.0,go,rs/xlog,Close,-1.9257166365805671
1,3,25,0,0,2,0,0,1,24,24,9,30,138,4,51,25,595,373,222,22,0.626890756302521,0.373109243697479,0.0033613445378151,0.0403361344537815,0.2319327731092437,0.0857142857142857,0.042016806722689,0.0857142857142857,0.0369747899159663,3,3.0,go,anthonynsimon/bild,UnsharpMask,6.247573496099677
1,4,4,2,4,2,0,0,3,8,8,1,7,41,7,10,7,243,152,91,16,0.6255144032921811,0.3744855967078189,0.0246913580246913,0.0329218106995884,0.1687242798353909,0.0411522633744856,0.0164609053497942,0.0411522633744856,0.0658436213991769,7,4.0,go,cosiner/gohper,Query,1.7778428473793404
1,3,4,0,2,1,0,0,1,1,1,3,1,32,4,10,3,162,97,65,13,0.5987654320987654,0.4012345679012346,0.0185185185185185,0.0061728395061728,0.1975308641975308,0.0617283950617283,0.0246913580246913,0.0617283950617283,0.0802469135802469,4,3.0,go,exoscale/egoscale,ListRequest,-0.13900937971694155
1,2,4,0,0,0,0,0,1,6,6,1,1,59,1,9,3,240,148,92,15,0.6166666666666667,0.3833333333333333,0.0,0.025,0.2458333333333333,0.0375,0.0166666666666666,0.0375,0.0625,1,2.0,go,PuerkitoBio/gocrawl,launchWorker,-0.28568472614859797
1,4,0,0,1,2,0,0,2,2,2,0,1,19,4,4,3,110,68,42,15,0.6181818181818182,0.3818181818181818,0.0272727272727272,0.0181818181818181,0.1727272727272727,0.0363636363636363,0.0,0.0363636363636363,0.1363636363636363,4,4.0,go,libopenstorage/openstorage,HasTarget,-0.6550002565945411
1,2,2,0,2,0,0,0,4,3,3,0,2,20,4,8,0,118,71,47,16,0.6016949152542372,0.3983050847457627,0.0169491525423728,0.0254237288135593,0.1694915254237288,0.0677966101694915,0.0169491525423728,0.0677966101694915,0.135593220338983,3,2.0,go,containerd/containerd,ensureDatabaseInitialized,-0.6444249554472886
1,2,4,0,1,1,0,0,0,9,9,2,1,34,3,9,3,163,100,63,14,0.6134969325153374,0.3865030674846625,0.0122699386503067,0.0552147239263803,0.2085889570552147,0.0552147239263803,0.0245398773006134,0.0552147239263803,0.0858895705521472,3,2.0,go,influxdata/influxdb,SetFileCount,-0.09684022919952442
1,5,1,0,2,0,0,0,3,3,3,0,2,20,3,5,3,116,73,43,12,0.6293103448275862,0.3706896551724138,0.0172413793103448,0.0258620689655172,0.1724137931034483,0.043103448275862,0.0086206896551724,0.043103448275862,0.1034482758620689,3,5.0,go,aws/aws-sdk-go,substitutePath,-0.7266644587324483
1,4,1,0,0,0,0,0,1,2,2,0,0,11,1,3,0,63,38,25,8,0.6031746031746031,0.3968253968253968,0.0,0.0317460317460317,0.1746031746031746,0.0476190476190476,0.0158730158730158,0.0476190476190476,0.1269841269841269,1,4.0,go,aws/aws-sdk-go,CreateRole,-2.114135263379266
1,4,4,0,1,0,0,0,1,2,2,3,1,28,2,8,2,164,98,66,12,0.5975609756097561,0.4024390243902439,0.0060975609756097,0.0121951219512195,0.1707317073170731,0.048780487804878,0.024390243902439,0.048780487804878,0.073170731707317,2,4.0,go,aws/aws-sdk-go,DeleteDocumentationPartRequest,-0.6906083382207736
1,2,6,0,6,1,0,0,6,9,9,1,6,60,8,19,4,297,183,114,12,0.6161616161616161,0.3838383838383838,0.0235690235690235,0.0303030303030303,0.202020202020202,0.0639730639730639,0.0202020202020202,0.0639730639730639,0.0404040404040404,8,2.0,go,hyperledger/fabric,HandleStateUpdates,2.4184112739862536
1,1,2,1,0,1,0,0,1,0,0,1,2,13,2,4,1,68,42,26,14,0.6176470588235294,0.3823529411764705,0.0147058823529411,0.0,0.1911764705882352,0.0588235294117647,0.0294117647058823,0.0588235294117647,0.2058823529411764,2,1.0,go,mesos/mesos-go,Size,-1.7293413879038602
1,2,1,0,0,0,0,0,0,13,13,0,0,28,1,2,7,170,106,64,14,0.6235294117647059,0.3764705882352941,0.0,0.0764705882352941,0.1647058823529411,0.0117647058823529,0.0058823529411764,0.0117647058823529,0.0823529411764705,1,2.0,go,kubernetes/kubernetes,Install,-0.8363207376443926
1,2,1,0,0,0,0,0,1,0,0,1,0,7,1,3,0,40,23,17,7,0.575,0.425,0.0,0.0,0.175,0.075,0.025,0.075,0.175,1,2.0,go,aws/aws-sdk-go,SetCslgAtom,-2.6295880321858403
1,5,2,0,2,0,0,0,3,4,4,0,1,24,3,7,2,159,99,60,12,0.6226415094339622,0.3773584905660377,0.0125786163522012,0.0251572327044025,0.1509433962264151,0.0440251572327044,0.0125786163522012,0.0440251572327044,0.0754716981132075,3,5.0,go,hyperhq/hyperd,PortMappingDel,-0.40778474553737243
1,3,0,0,0,0,0,0,1,1,1,0,0,8,1,1,0,45,30,15,8,0.6666666666666666,0.3333333333333333,0.0,0.0222222222222222,0.1777777777777777,0.0222222222222222,0.0,0.0222222222222222,0.1777777777777777,1,3.0,go,kubernetes/kops,CreateTags,-2.4764015796713084
1,7,2,0,2,0,0,0,4,6,6,0,2,33,4,8,5,239,150,89,23,0.6276150627615062,0.3723849372384937,0.00836820083682,0.0251046025104602,0.1380753138075313,0.0334728033472803,0.00836820083682,0.0334728033472803,0.0962343096234309,3,7.0,go,luci/luci-go,getCachedInfo,0.6102722661440435
1,2,0,0,0,0,0,0,1,1,1,0,0,7,1,1,0,33,21,12,8,0.6363636363636364,0.3636363636363636,0.0,0.0303030303030303,0.2121212121212121,0.0303030303030303,0.0,0.0303030303030303,0.2424242424242424,1,2.0,go,kataras/go-fs,RenameDir,-2.8558717084538277
1,2,2,0,2,0,0,0,3,5,5,1,1,24,3,7,2,116,70,46,14,0.603448275862069,0.396551724137931,0.0172413793103448,0.043103448275862,0.2068965517241379,0.0603448275862069,0.0172413793103448,0.0603448275862069,0.1206896551724138,3,2.0,go,kubernetes/kubernetes,LabelSelectorParam,-0.643085111562398
1,3,8,0,3,0,0,1,3,8,8,3,5,47,4,21,15,296,186,110,14,0.6283783783783784,0.3716216216216216,0.0101351351351351,0.027027027027027,0.1587837837837837,0.0709459459459459,0.027027027027027,0.0709459459459459,0.0472972972972973,4,3.0,go,cilium/cilium,NewClient,1.8013854601538268
1,4,5,0,3,0,0,0,3,7,7,2,2,41,4,13,1,214,133,81,13,0.6214953271028038,0.3785046728971962,0.014018691588785,0.0327102803738317,0.1915887850467289,0.0607476635514018,0.0233644859813084,0.0607476635514018,0.0607476635514018,4,4.0,go,cayleygraph/cayley,rulesFor,0.6464585063389605
1,2,0,0,0,0,0,0,1,2,2,0,0,11,1,1,1,67,43,24,12,0.6417910447761194,0.3582089552238806,0.0,0.0298507462686567,0.1641791044776119,0.0149253731343283,0.0,0.0149253731343283,0.1791044776119403,1,2.0,go,shiyanhui/dht,genIndexKeyByTrans,-2.271760606458726
1,2,0,0,0,0,0,0,1,1,1,0,0,8,1,1,1,39,27,12,8,0.6923076923076923,0.3076923076923077,0.0,0.0256410256410256,0.2051282051282051,0.0256410256410256,0.0,0.0256410256410256,0.2051282051282051,1,2.0,go,codemodus/parth,Sequent,-2.565455754924721
1,2,0,0,0,0,0,0,1,2,2,0,0,10,1,1,0,65,39,26,13,0.6,0.4,0.0,0.0307692307692307,0.1538461538461538,0.0153846153846153,0.0,0.0153846153846153,0.2,1,2.0,go,balzaczyy/golucene,NewIndexWriterConfig,-2.421878791568572
1,3,6,0,2,1,0,0,2,9,9,3,3,41,5,15,1,182,111,71,14,0.6098901098901099,0.3901098901098901,0.0164835164835164,0.0494505494505494,0.2252747252747252,0.0824175824175824,0.0329670329670329,0.0824175824175824,0.0769230769230769,4,3.0,go,rs/zerolog,AppendFloats32,0.8057681355148663
1,0,4,0,8,0,0,0,6,8,8,0,7,47,9,14,6,273,173,100,15,0.6336996336996337,0.3663003663003663,0.0293040293040293,0.0293040293040293,0.1721611721611721,0.0512820512820512,0.0146520146520146,0.0512820512820512,0.0549450549450549,9,0.0,go,cilium/cilium,checkOrMountDefaultLocations,2.19182451534591
1,1,0,0,1,0,0,0,2,0,0,0,3,6,2,2,4,50,30,20,9,0.6,0.4,0.02,0.0,0.12,0.04,0.0,0.04,0.18,2,1.0,go,Microsoft/hcsshim,IsV10,-2.1763743743311306
1,2,5,0,2,0,0,0,1,12,12,4,3,43,3,11,6,221,139,82,14,0.6289592760180995,0.3710407239819004,0.0090497737556561,0.0542986425339366,0.1945701357466063,0.0497737556561085,0.0226244343891402,0.0497737556561085,0.0633484162895927,3,2.0,go,kubernetes/kubernetes,ValidateDiscoveryBootstrapToken,0.6056378911171504
1,1,6,1,7,1,0,0,4,9,9,1,4,60,9,15,4,289,183,106,20,0.6332179930795848,0.3667820069204152,0.0276816608996539,0.0311418685121107,0.2076124567474048,0.0519031141868512,0.0207612456747404,0.0519031141868512,0.0692041522491349,9,1.0,go,hashicorp/packer,validate,2.5879418519274124
1,1,2,0,0,0,0,0,1,1,1,1,0,7,1,5,0,60,35,25,10,0.5833333333333334,0.4166666666666667,0.0,0.0166666666666666,0.1166666666666666,0.0833333333333333,0.0333333333333333,0.0833333333333333,0.1666666666666666,1,1.0,go,xanzy/go-cloudstack,NewListDedicatedGuestVlanRangesParams,-2.2606525571496845
1,0,1,0,0,0,0,0,0,3,3,0,0,10,1,2,1,54,33,21,9,0.6111111111111112,0.3888888888888889,0.0,0.0555555555555555,0.1851851851851851,0.037037037037037,0.0185185185185185,0.037037037037037,0.1666666666666666,1,0.0,go,istio/glog,Warningln,-2.4281324027615865
1,3,0,0,0,0,0,0,1,1,1,0,0,9,1,1,0,50,32,18,9,0.64,0.36,0.0,0.02,0.18,0.02,0.0,0.02,0.18,1,3.0,go,kubernetes/kubernetes,Validate,-2.485637023696277
1,1,33,2,4,2,0,3,0,43,43,22,6,235,8,68,17,1381,866,515,22,0.6270818247646633,0.3729181752353367,0.004344677769732,0.0311368573497465,0.170166545981173,0.0492396813902968,0.0238957277335264,0.0492396813902968,0.0159304851556842,7,1.0,go,lightningnetwork/lnd,readHandler,12.168835548364484
1,4,0,0,0,0,0,0,1,1,1,0,0,9,1,1,0,55,36,19,9,0.6545454545454545,0.3454545454545454,0.0,0.0181818181818181,0.1636363636363636,0.0181818181818181,0.0,0.0181818181818181,0.1636363636363636,1,4.0,go,go-gorp/gorp,UpdateColumns,-2.334670317630292
1,3,0,0,0,0,0,0,1,1,1,0,0,8,1,1,0,46,30,16,8,0.6521739130434783,0.3478260869565217,0.0,0.0217391304347826,0.1739130434782608,0.0217391304347826,0.0,0.0217391304347826,0.1739130434782608,1,3.0,go,kubernetes/kubernetes,Convert_v1beta1_PodMetrics_To_metrics_PodMetrics,-2.4925948625428607
1,3,1,1,1,0,0,0,2,2,2,0,0,10,2,2,1,74,45,29,12,0.6081081081081081,0.3918918918918919,0.0135135135135135,0.027027027027027,0.1351351351351351,0.027027027027027,0.0135135135135135,0.027027027027027,0.1621621621621621,2,3.0,go,markphelps/optional,Get,-1.6871599079778066
1,2,36,1,15,16,0,0,1,43,43,15,13,305,34,87,2,1223,784,439,25,0.6410466067048242,0.3589533932951758,0.0253475061324611,0.035159443990188,0.249386753883892,0.07113654946852,0.0294358135731807,0.07113654946852,0.0204415372035977,32,2.0,go,kubernetes/kubernetes,PodValidateLimitFunc,17.764296275375333
1,4,5,0,5,0,0,0,6,5,5,0,16,62,6,16,2,313,194,119,11,0.6198083067092651,0.3801916932907348,0.0159744408945686,0.0159744408945686,0.1980830670926517,0.0511182108626198,0.0159744408945686,0.0511182108626198,0.0351437699680511,6,4.0,go,keybase/client,readDownPointer,1.8744482125539332
1,3,1,0,0,0,0,0,1,4,4,0,0,11,1,3,0,70,42,28,9,0.6,0.4,0.0,0.0571428571428571,0.1571428571428571,0.0428571428571428,0.0142857142857142,0.0428571428571428,0.1285714285714285,1,3.0,go,u-root/dhcp4,MarshalBinary,-1.9981083817475158
1,3,2,0,2,0,0,0,3,2,2,0,2,33,3,7,0,162,100,62,12,0.6172839506172839,0.382716049382716,0.0123456790123456,0.0123456790123456,0.2037037037037037,0.0432098765432098,0.0123456790123456,0.0432098765432098,0.074074074074074,3,3.0,go,docker/cli,stackFromV1beta1,-0.5528553583150074
1,3,2,0,3,0,0,0,4,8,8,0,4,26,4,8,4,168,105,63,13,0.625,0.375,0.0178571428571428,0.0476190476190476,0.1547619047619047,0.0476190476190476,0.0119047619047619,0.0476190476190476,0.0773809523809523,4,3.0,go,kubernetes/kubernetes,MetaNamespaceKeyFunc,0.19863253495962058
1,2,1,0,0,0,0,0,1,0,0,1,0,7,1,3,0,40,23,17,7,0.575,0.425,0.0,0.0,0.175,0.075,0.025,0.075,0.175,1,2.0,go,aws/aws-sdk-go,SetCloudWatchLoggingOptions,-2.6295880321858403
1,3,3,0,2,0,0,0,3,2,2,0,2,17,3,9,0,115,70,45,9,0.6086956521739131,0.391304347826087,0.017391304347826,0.017391304347826,0.1478260869565217,0.0782608695652174,0.0260869565217391,0.0782608695652174,0.0782608695652174,3,3.0,go,deis/k8s-claimer,KubeConfig,-0.7623019984033909
1,2,10,1,4,2,0,0,2,8,8,8,20,61,7,20,13,287,179,108,11,0.6236933797909407,0.3763066202090592,0.0209059233449477,0.0278745644599303,0.2125435540069686,0.0696864111498257,0.0348432055749128,0.0696864111498257,0.0383275261324041,7,2.0,go,huandu/xstrings,Slice,2.84207483042015
1,4,2,0,2,0,0,0,2,1,1,0,2,15,3,6,0,105,62,43,12,0.5904761904761905,0.4095238095238095,0.019047619047619,0.0095238095238095,0.1428571428571428,0.0571428571428571,0.019047619047619,0.0571428571428571,0.1142857142857142,3,4.0,go,sevlyar/go-daemon,NewLogFile,-1.0597063922001817
1,4,1,0,1,0,0,0,2,2,2,0,1,37,2,4,13,227,144,83,12,0.6343612334801763,0.3656387665198238,0.0044052863436123,0.0088105726872246,0.1629955947136563,0.0176211453744493,0.0044052863436123,0.0176211453744493,0.052863436123348,2,4.0,go,BurntSushi/xgbutil,WmStrutPartialGet,-0.511549819943319
1,2,4,0,2,1,0,0,2,8,8,0,2,47,4,11,1,199,123,76,13,0.6180904522613065,0.3819095477386934,0.0150753768844221,0.0402010050251256,0.236180904522613,0.0552763819095477,0.0201005025125628,0.0552763819095477,0.0653266331658291,4,2.0,go,danryan/hal,Receive,0.38758082014828354
1,4,11,0,4,2,0,1,10,12,12,3,2,81,9,35,2,483,292,191,22,0.6045548654244306,0.3954451345755693,0.0124223602484472,0.0248447204968944,0.1677018633540372,0.072463768115942,0.0227743271221532,0.072463768115942,0.0455486542443064,7,4.0,go,goadesign/goa,UserTypes,4.664194317999741
1,1,2,0,1,0,0,0,2,2,2,1,1,15,2,6,3,79,48,31,9,0.6075949367088608,0.3924050632911392,0.0126582278481012,0.0253164556962025,0.189873417721519,0.0759493670886076,0.0253164556962025,0.0759493670886076,0.1139240506329113,2,1.0,go,chewxy/lingo,shift,-1.468832411637808
1,2,1,0,0,0,0,0,1,0,0,1,0,7,1,3,0,40,23,17,7,0.575,0.425,0.0,0.0,0.175,0.075,0.025,0.075,0.175,1,2.0,go,aws/aws-sdk-go,SetSourceArn,-2.6295880321858403
1,2,1,0,0,0,0,0,1,0,0,1,0,7,1,3,0,40,23,17,7,0.575,0.425,0.0,0.0,0.175,0.075,0.025,0.075,0.175,1,2.0,go,aws/aws-sdk-go,SetEnd,-2.6295880321858403
1,2,3,0,1,0,0,0,2,5,5,0,1,22,2,8,2,118,73,45,12,0.6186440677966102,0.3813559322033898,0.0084745762711864,0.0423728813559322,0.1864406779661017,0.0677966101694915,0.0254237288135593,0.0677966101694915,0.1016949152542373,2,2.0,go,brocaar/loraserver,FlushGatewayCache,-0.9188764946803721
1,3,3,0,1,0,0,0,2,4,4,0,1,28,2,8,0,130,83,47,9,0.6384615384615384,0.3615384615384615,0.0076923076923076,0.0307692307692307,0.2153846153846154,0.0615384615384615,0.023076923076923,0.0615384615384615,0.0692307692307692,2,3.0,go,kubernetes/kubernetes,Admit,-0.85846018585502
1,6,3,0,3,0,0,0,4,7,7,0,3,46,4,10,0,241,148,93,14,0.6141078838174274,0.3858921161825726,0.0124481327800829,0.0290456431535269,0.1908713692946058,0.0414937759336099,0.0124481327800829,0.0414937759336099,0.0580912863070539,4,6.0,go,kubernetes/kubernetes,NewWebhook,0.6845841422770812
1,4,0,0,0,0,0,0,1,1,1,0,0,14,1,1,0,73,44,29,13,0.6027397260273972,0.3972602739726027,0.0,0.0136986301369863,0.1917808219178082,0.0136986301369863,0.0,0.0136986301369863,0.1780821917808219,1,4.0,go,sendgridlabs/go-kinesis,NewAuthWithAssumedRole,-2.2599599641182864
1,4,0,0,0,0,0,0,0,1,1,0,0,6,1,0,1,49,30,19,8,0.6122448979591837,0.3877551020408163,0.0,0.0204081632653061,0.1224489795918367,0.0,0.0,0.0,0.1632653061224489,1,4.0,go,vitessio/vitess,SupplyCol,-2.594433332520407
1,4,5,1,3,2,0,0,3,7,7,1,2,41,6,13,8,237,150,87,21,0.6329113924050633,0.3670886075949367,0.0210970464135021,0.0295358649789029,0.1729957805907173,0.0548523206751054,0.0210970464135021,0.0548523206751054,0.0886075949367088,6,4.0,go,securego/gosec,ignore,1.6108500417760079
1,2,0,0,1,0,0,0,2,0,0,0,3,8,2,1,0,55,33,22,11,0.6,0.4,0.0181818181818181,0.0,0.1454545454545454,0.0181818181818181,0.0,0.0181818181818181,0.2,2,2.0,go,yarpc/yarpc-go,GetOldString,-2.1869840602837605
1,4,12,0,6,2,0,0,0,4,4,3,0,60,9,26,7,339,221,118,17,0.6519174041297935,0.3480825958702065,0.023598820058997,0.0117994100294985,0.1769911504424778,0.0766961651917404,0.0353982300884955,0.0766961651917404,0.0501474926253687,9,4.0,go,influxdata/telegraf,processStat,2.8944208607030215
1,11,21,1,6,2,0,0,7,60,60,3,3,308,14,50,131,3067,1829,1238,28,0.5963482230192371,0.4036517769807629,0.0026084121291164,0.019563090968373,0.1004238669709814,0.0163025758069775,0.0068470818389305,0.0163025758069775,0.0091294424519074,9,11.0,go,qor/qor-example,ConfigureAdmin,19.542016545090906
1,2,1,0,0,0,0,0,1,0,0,1,0,7,1,3,0,40,23,17,7,0.575,0.425,0.0,0.0,0.175,0.075,0.025,0.075,0.175,1,2.0,go,aws/aws-sdk-go,SetRetrievalByteRange,-2.6295880321858403
1,3,2,0,1,0,0,0,2,1,1,2,1,12,2,4,0,89,52,37,14,0.5842696629213483,0.4157303370786517,0.0112359550561797,0.0112359550561797,0.1348314606741573,0.0449438202247191,0.0224719101123595,0.0449438202247191,0.1573033707865168,2,3.0,go,SkygearIO/go-skycli,MakeEmptyRecord,-1.499214566508485
1,4,19,0,8,3,0,0,5,16,16,6,9,126,12,46,10,592,364,228,22,0.6148648648648649,0.3851351351351351,0.018581081081081,0.027027027027027,0.2128378378378378,0.0777027027027027,0.0320945945945945,0.0777027027027027,0.0371621621621621,12,4.0,go,coredns/coredns,External,6.866867639952066
1,1,1,0,1,0,0,0,2,2,2,0,1,9,2,4,0,61,35,26,9,0.5737704918032787,0.4262295081967213,0.0163934426229508,0.0327868852459016,0.1475409836065573,0.0655737704918032,0.0163934426229508,0.0655737704918032,0.1475409836065573,2,1.0,go,kubernetes/kubernetes,DeepCopy,-1.9106279324670803
1,1,14,2,6,3,0,1,1,5,5,8,6,77,10,29,14,460,294,166,24,0.6391304347826087,0.3608695652173913,0.0195652173913043,0.0108695652173913,0.1673913043478261,0.0630434782608695,0.0304347826086956,0.0630434782608695,0.0521739130434782,10,1.0,go,terraform-providers/terraform-provider-openstack,getInstanceAddresses,4.679003261342867
1,3,1,0,1,0,0,0,2,2,2,0,1,11,2,4,1,79,48,31,9,0.6075949367088608,0.3924050632911392,0.0126582278481012,0.0253164556962025,0.1392405063291139,0.050632911392405,0.0126582278481012,0.050632911392405,0.1139240506329113,2,3.0,go,rkt/rkt,TmpFile,-1.5976861533024385
1,2,2,0,1,0,0,0,1,3,3,1,0,21,2,4,1,98,60,38,9,0.6122448979591837,0.3877551020408163,0.010204081632653,0.0306122448979591,0.2142857142857142,0.0408163265306122,0.0204081632653061,0.0408163265306122,0.0918367346938775,2,2.0,go,vulcand/vulcand,DeleteMiddleware,-1.398871890182572
1,2,0,0,1,0,0,0,2,0,0,0,2,8,2,2,2,55,33,22,11,0.6,0.4,0.0181818181818181,0.0,0.1454545454545454,0.0363636363636363,0.0,0.0363636363636363,0.2,2,2.0,go,cloudflare/cloudflare-go,userBaseURL,-2.1547313120903557
1,4,0,0,0,0,0,0,1,2,2,0,0,10,1,1,0,73,44,29,8,0.6027397260273972,0.3972602739726027,0.0,0.0273972602739726,0.136986301369863,0.0136986301369863,0.0,0.0136986301369863,0.1095890410958904,1,4.0,go,hashicorp/nomad,GetClientCertificate,-2.177331589368492
1,2,1,0,0,0,0,0,1,0,0,1,0,7,1,3,0,40,23,17,7,0.575,0.425,0.0,0.0,0.175,0.075,0.025,0.075,0.175,1,2.0,go,aws/aws-sdk-go,SetAnnotationValue,-2.6295880321858403
1,2,1,0,0,0,0,0,1,0,0,1,0,7,1,3,0,40,23,17,7,0.575,0.425,0.0,0.0,0.175,0.075,0.025,0.075,0.175,1,2.0,go,aws/aws-sdk-go,SetQueryExecutionId,-2.6295880321858403
1,0,0,0,0,0,0,0,1,2,2,0,0,11,1,1,0,64,36,28,13,0.5625,0.4375,0.0,0.03125,0.171875,0.015625,0.0,0.015625,0.203125,1,0.0,go,m3db/m3x,NewOptions,-2.605460245018885
1,5,2,0,2,0,0,0,3,5,5,0,2,28,3,7,3,188,116,72,14,0.6170212765957447,0.3829787234042553,0.0106382978723404,0.026595744680851,0.1489361702127659,0.0372340425531914,0.0106382978723404,0.0372340425531914,0.0744680851063829,3,5.0,go,luci/luci-go,Ensure,-0.164438406587962
1,4,0,0,0,0,0,0,1,1,1,0,0,7,1,1,0,45,28,17,8,0.6222222222222222,0.3777777777777777,0.0,0.0222222222222222,0.1555555555555555,0.0222222222222222,0.0,0.0222222222222222,0.1777777777777777,1,4.0,go,casbin/casbin,AddPolicy,-2.5359354026325476
1,2,2,0,1,1,0,0,1,4,4,0,1,18,3,6,0,96,56,40,11,0.5833333333333334,0.4166666666666667,0.0208333333333333,0.0416666666666666,0.1875,0.0625,0.0208333333333333,0.0625,0.1145833333333333,3,2.0,go,pilosa/pilosa,row,-1.0600860090188506
1,2,0,0,2,0,0,0,2,2,2,0,4,16,3,2,4,98,61,37,16,0.6224489795918368,0.3775510204081632,0.0204081632653061,0.0204081632653061,0.1632653061224489,0.0204081632653061,0.0,0.0204081632653061,0.1632653061224489,3,2.0,go,pivotal-cf/brokerapi,ValidatedStatusCode,-1.2032700396528313
1,2,1,0,0,0,0,0,1,3,3,0,0,12,1,3,0,64,38,26,8,0.59375,0.40625,0.0,0.046875,0.1875,0.046875,0.015625,0.046875,0.125,1,2.0,go,sirupsen/logrus,WithContext,-2.1501956469714387
1,3,6,3,1,0,0,0,1,10,10,2,0,45,3,7,3,215,137,78,13,0.6372093023255814,0.3627906976744186,0.0046511627906976,0.0465116279069767,0.2093023255813953,0.0325581395348837,0.027906976744186,0.0325581395348837,0.0604651162790697,2,3.0,go,qor/qor,Decode,0.2761142470137594
1,4,3,1,1,1,0,0,2,3,3,1,1,20,4,7,1,129,81,48,15,0.627906976744186,0.3720930232558139,0.0155038759689922,0.0232558139534883,0.1550387596899224,0.0542635658914728,0.0232558139534883,0.0542635658914728,0.1162790697674418,3,4.0,go,chrislusf/gleam,FindCols,-0.4192392826155836
1,2,1,0,0,0,0,0,1,0,0,1,0,7,1,3,0,40,23,17,7,0.575,0.425,0.0,0.0,0.175,0.075,0.025,0.075,0.175,1,2.0,go,aws/aws-sdk-go,SetServerName,-2.6295880321858403
1,2,1,0,0,0,0,0,1,0,0,1,0,7,1,3,0,40,23,17,7,0.575,0.425,0.0,0.0,0.175,0.075,0.025,0.075,0.175,1,2.0,go,aws/aws-sdk-go,SetPlacementId,-2.6295880321858403
1,1,1,0,1,0,0,0,2,2,2,0,2,8,2,4,3,59,34,25,9,0.576271186440678,0.423728813559322,0.0169491525423728,0.0338983050847457,0.135593220338983,0.0677966101694915,0.0169491525423728,0.0677966101694915,0.1525423728813559,2,1.0,go,libp2p/go-libp2p-kad-dht,GetClusterLevel,-1.871293633442638
1,1,12,0,7,4,0,0,1,10,10,4,3,71,12,28,6,340,206,134,15,0.6058823529411764,0.3941176470588235,0.0323529411764705,0.0294117647058823,0.2088235294117647,0.0823529411764705,0.0352941176470588,0.0823529411764705,0.0441176470588235,12,1.0,go,hashicorp/nomad,setImplicitConstraints,3.9537507768935316
1,2,0,0,0,0,0,0,1,0,0,0,0,6,1,1,0,37,23,14,8,0.6216216216216216,0.3783783783783784,0.0,0.0,0.1621621621621621,0.027027027027027,0.0,0.027027027027027,0.2162162162162162,1,2.0,go,go-playground/locales,WeekdayAbbreviated,-2.8689954111141027
1,1,0,0,1,0,0,0,2,3,3,0,1,10,2,2,1,56,34,22,10,0.6071428571428571,0.3928571428571428,0.0178571428571428,0.0535714285714285,0.1785714285714285,0.0357142857142857,0.0,0.0357142857142857,0.1785714285714285,2,1.0,go,morikuni/aec,Apply,-1.9728136486192906
1,5,0,0,0,0,0,0,1,2,2,0,0,12,1,1,0,70,46,24,10,0.6571428571428571,0.3428571428571428,0.0,0.0285714285714285,0.1714285714285714,0.0142857142857142,0.0,0.0142857142857142,0.1428571428571428,1,5.0,go,atlassian/smith,GetBundlesByObject,-2.0472848888575825
1,5,1,0,0,0,0,0,1,4,4,0,0,19,1,3,0,100,62,38,8,0.62,0.38,0.0,0.04,0.19,0.03,0.01,0.03,0.08,1,5.0,go,aws/aws-sdk-go,DeleteApplicationsWithContext,-1.621297581583332
1,2,1,0,0,0,0,0,1,0,0,1,0,7,1,3,0,40,23,17,7,0.575,0.425,0.0,0.0,0.175,0.075,0.025,0.075,0.175,1,2.0,go,aws/aws-sdk-go,SetPlatform,-2.6295880321858403
1,2,0,0,0,0,0,0,1,1,1,0,0,8,1,1,0,45,27,18,8,0.6,0.4,0.0,0.0222222222222222,0.1777777777777777,0.0222222222222222,0.0,0.0222222222222222,0.1777777777777777,1,2.0,go,scylladb/gocqlx,TTL,-2.6724727665789056
1,2,3,0,0,0,0,0,1,5,5,1,0,41,1,7,3,258,154,104,16,0.5968992248062015,0.4031007751937984,0.0,0.0193798449612403,0.1589147286821705,0.0271317829457364,0.0116279069767441,0.0271317829457364,0.0620155038759689,1,2.0,go,ethereum/go-ethereum,SetHandshakeController,-0.5017672081575923
1,1,1,0,1,1,0,0,1,7,7,0,0,21,4,3,4,136,82,54,16,0.6029411764705882,0.3970588235294117,0.0147058823529411,0.0514705882352941,0.1544117647058823,0.0220588235294117,0.0073529411764705,0.0220588235294117,0.1176470588235294,3,1.0,go,nats-io/gnatsd,handleSignals,-0.7259047007706387
1,2,0,0,1,1,0,0,2,0,0,0,1,11,3,3,0,63,38,25,13,0.6031746031746031,0.3968253968253968,0.0317460317460317,0.0,0.1746031746031746,0.0476190476190476,0.0,0.0476190476190476,0.2063492063492063,3,2.0,go,nlopes/slack,GetGroupByID,-1.6919345843059743
1,1,0,0,0,0,0,0,1,3,3,0,2,8,1,1,1,53,32,21,13,0.6037735849056604,0.3962264150943396,0.0,0.0566037735849056,0.1509433962264151,0.0188679245283018,0.0,0.0188679245283018,0.2452830188679245,1,1.0,go,gosuri/uiprogress,CompletedPercent,-2.5447770405835284
1,2,1,0,1,1,0,0,2,1,1,0,1,14,3,5,0,80,47,33,12,0.5875,0.4125,0.025,0.0125,0.175,0.0625,0.0125,0.0625,0.15,3,2.0,go,br0xen/termbox-util,GetOptionFromText,-1.3596906143678515
1,5,1,0,0,0,0,0,1,4,4,0,0,19,1,3,0,100,62,38,8,0.62,0.38,0.0,0.04,0.19,0.03,0.01,0.03,0.08,1,5.0,go,aws/aws-sdk-go,RenderUiTemplateWithContext,-1.621297581583332
1,4,4,2,1,0,0,0,2,9,9,0,1,36,3,6,2,187,116,71,17,0.6203208556149733,0.3796791443850267,0.0053475935828877,0.0481283422459893,0.1925133689839572,0.0320855614973262,0.0213903743315508,0.0320855614973262,0.0909090909090909,2,4.0,go,ceph/go-ceph,Stat,-0.008734282503746546
1,6,10,3,6,0,0,0,5,13,13,3,6,80,8,19,8,421,260,161,16,0.6175771971496437,0.3824228028503563,0.014251781472684,0.0308788598574821,0.1900237529691211,0.0451306413301662,0.0237529691211401,0.0451306413301662,0.0380047505938242,7,6.0,go,hyperledger/fabric-sdk-go,NewIdentityManager,3.5496113488832135
1,2,1,0,0,0,0,0,1,0,0,1,0,7,1,3,0,40,23,17,7,0.575,0.425,0.0,0.0,0.175,0.075,0.025,0.075,0.175,1,2.0,go,aws/aws-sdk-go,SetStatus,-2.6295880321858403
1,2,1,0,0,0,0,0,1,0,0,1,0,7,1,3,0,43,25,18,7,0.5813953488372093,0.4186046511627907,0.0,0.0,0.1627906976744186,0.0697674418604651,0.0232558139534883,0.0697674418604651,0.1627906976744186,1,2.0,go,aws/aws-sdk-go,SetFaceModelVersions,-2.568295855118344
1,2,1,0,0,0,0,0,1,0,0,1,0,7,1,3,0,40,23,17,7,0.575,0.425,0.0,0.0,0.175,0.075,0.025,0.075,0.175,1,2.0,go,aws/aws-sdk-go,SetCommitSpecifier,-2.6295880321858403
1,2,1,0,1,0,0,0,2,2,2,0,1,11,2,4,0,67,39,28,9,0.582089552238806,0.417910447761194,0.0149253731343283,0.0298507462686567,0.1641791044776119,0.0597014925373134,0.0149253731343283,0.0597014925373134,0.1343283582089552,2,2.0,go,keybase/client,MakeAllIds,-1.7896618291966329
1,4,4,0,1,0,0,0,1,2,2,3,1,28,2,8,2,164,98,66,12,0.5975609756097561,0.4024390243902439,0.0060975609756097,0.0121951219512195,0.1707317073170731,0.048780487804878,0.024390243902439,0.048780487804878,0.073170731707317,2,4.0,go,aws/aws-sdk-go,DeleteTrafficPolicyInstanceRequest,-0.6906083382207736
1,2,4,1,1,0,0,1,1,3,3,3,1,30,2,7,1,177,113,64,15,0.6384180790960452,0.3615819209039548,0.0056497175141242,0.0169491525423728,0.1694915254237288,0.03954802259887,0.0225988700564971,0.03954802259887,0.0847457627118644,2,2.0,go,coscms/xorm,SQL,-0.30766181105719925
1,1,1,0,2,0,0,0,4,4,4,0,0,10,4,6,5,117,68,49,15,0.5811965811965812,0.4188034188034188,0.017094017094017,0.0341880341880341,0.0854700854700854,0.0512820512820512,0.0085470085470085,0.0512820512820512,0.1282051282051282,3,1.0,go,kubernetes/kubernetes,cachedHasSynced,-0.854516505729381
1,2,1,0,0,0,0,0,1,0,0,1,0,7,1,3,0,40,23,17,7,0.575,0.425,0.0,0.0,0.175,0.075,0.025,0.075,0.175,1,2.0,go,aws/aws-sdk-go,SetPmtPid,-2.6295880321858403
1,0,1,0,2,0,0,0,3,3,3,0,2,11,3,5,1,69,40,29,9,0.5797101449275363,0.4202898550724637,0.0289855072463768,0.0434782608695652,0.1594202898550724,0.072463768115942,0.0144927536231884,0.072463768115942,0.1304347826086956,3,0.0,go,kubernetes/minikube,LoadCachedImagesInConfigFile,-1.3617624238216073
1,2,0,0,0,0,0,0,1,3,3,0,0,11,1,1,0,62,37,25,9,0.5967741935483871,0.4032258064516129,0.0,0.0483870967741935,0.1774193548387097,0.0161290322580645,0.0,0.0161290322580645,0.1451612903225806,1,2.0,go,lightningnetwork/lnd,InitNextRevocation,-2.331466713197447
1,2,1,0,0,0,0,0,1,0,0,1,0,7,1,3,0,43,25,18,7,0.5813953488372093,0.4186046511627907,0.0,0.0,0.1627906976744186,0.0697674418604651,0.0232558139534883,0.0697674418604651,0.1627906976744186,1,2.0,go,aws/aws-sdk-go,SetCheckerIpRanges,-2.568295855118344
1,6,11,4,12,0,0,0,9,33,33,4,13,139,14,28,12,875,531,344,38,0.6068571428571429,0.3931428571428571,0.0137142857142857,0.0377142857142857,0.1588571428571428,0.032,0.0125714285714285,0.032,0.0434285714285714,13,6.0,go,juju/juju,SetSuspended,9.03801858116555
1,2,1,0,1,0,0,0,2,3,3,1,0,13,2,3,0,62,36,26,9,0.5806451612903226,0.4193548387096774,0.0161290322580645,0.0483870967741935,0.2096774193548387,0.0483870967741935,0.0161290322580645,0.0483870967741935,0.1451612903225806,2,2.0,go,montanaflynn/stats,sortedCopyDif,-1.7641428603674123
1,4,17,0,7,1,0,1,1,17,17,9,3,110,10,38,12,622,384,238,25,0.617363344051447,0.382636655948553,0.0128617363344051,0.0273311897106109,0.1768488745980707,0.0610932475884244,0.0273311897106109,0.0610932475884244,0.040192926045016,9,4.0,go,gorilla/handlers,CompressHandlerLevel,5.979615742139665
1,2,3,0,3,0,0,0,4,5,5,0,2,31,4,10,3,165,104,61,12,0.6303030303030303,0.3696969696969697,0.0181818181818181,0.0303030303030303,0.1878787878787878,0.0606060606060606,0.0181818181818181,0.0606060606060606,0.0727272727272727,4,2.0,go,juju/juju,Run,0.06653968287823676
1,2,1,0,0,0,0,0,1,0,0,1,0,7,1,3,0,40,23,17,7,0.575,0.425,0.0,0.0,0.175,0.075,0.025,0.075,0.175,1,2.0,go,aws/aws-sdk-go,SetConsumerARN,-2.6295880321858403
1,2,1,0,0,0,0,0,1,0,0,1,0,7,1,3,0,40,23,17,7,0.575,0.425,0.0,0.0,0.175,0.075,0.025,0.075,0.175,1,2.0,go,aws/aws-sdk-go,SetParameterKey,-2.6295880321858403
1,4,4,0,1,0,0,0,1,2,2,3,1,28,2,8,2,164,98,66,12,0.5975609756097561,0.4024390243902439,0.0060975609756097,0.0121951219512195,0.1707317073170731,0.048780487804878,0.024390243902439,0.048780487804878,0.073170731707317,2,4.0,go,aws/aws-sdk-go,UpdateLicenseConfigurationRequest,-0.6906083382207736
1,2,1,0,0,0,0,0,1,0,0,1,0,7,1,3,0,43,25,18,7,0.5813953488372093,0.4186046511627907,0.0,0.0,0.1627906976744186,0.0697674418604651,0.0232558139534883,0.0697674418604651,0.1627906976744186,1,2.0,go,aws/aws-sdk-go,SetPolicyVersions,-2.568295855118344
1,2,1,0,1,0,0,0,2,3,3,0,1,13,2,4,1,75,44,31,12,0.5866666666666667,0.4133333333333333,0.0133333333333333,0.04,0.1733333333333333,0.0533333333333333,0.0133333333333333,0.0533333333333333,0.16,2,2.0,go,git-lfs/git-lfs,RepositoryPermissions,-1.6663869031045488
1,2,1,0,1,0,0,0,2,3,3,0,1,18,2,4,1,93,58,35,13,0.6236559139784946,0.3763440860215054,0.010752688172043,0.032258064516129,0.1935483870967742,0.043010752688172,0.010752688172043,0.043010752688172,0.1397849462365591,2,2.0,go,aporeto-inc/trireme-lib,Run,-1.4276647340240827
1,2,1,0,0,0,0,0,1,0,0,1,0,7,1,3,0,40,23,17,7,0.575,0.425,0.0,0.0,0.175,0.075,0.025,0.075,0.175,1,2.0,go,aws/aws-sdk-go,SetFields,-2.6295880321858403
1,1,1,0,1,0,0,0,2,2,2,0,1,9,2,4,0,61,35,26,9,0.5737704918032787,0.4262295081967213,0.0163934426229508,0.0327868852459016,0.1475409836065573,0.0655737704918032,0.0163934426229508,0.0655737704918032,0.1475409836065573,2,1.0,go,argoproj/argo-cd,DeepCopy,-1.9106279324670803
1,4,0,0,0,0,0,0,1,1,1,0,0,6,1,1,0,44,28,16,8,0.6363636363636364,0.3636363636363636,0.0,0.0227272727272727,0.1363636363636363,0.0227272727272727,0.0,0.0227272727272727,0.1818181818181818,1,4.0,go,klauspost/compress,NewWriterLevel,-2.5269130081659434
1,3,1,0,0,0,0,0,0,2,2,0,0,14,2,2,0,90,56,34,14,0.6222222222222222,0.3777777777777777,0.0,0.0222222222222222,0.1555555555555555,0.0222222222222222,0.0111111111111111,0.0222222222222222,0.1555555555555555,1,3.0,go,salsaflow/salsaflow,goSearchIssues,-1.9582112008360169
1,1,4,0,12,1,0,0,2,18,18,0,16,74,14,11,14,469,293,176,19,0.6247334754797441,0.3752665245202559,0.0277185501066098,0.0383795309168443,0.1577825159914712,0.0234541577825159,0.0085287846481876,0.0234541577825159,0.0405117270788912,14,1.0,go,aws/aws-sdk-go,Validate,4.56574158720556
1,2,1,0,0,0,0,0,1,0,0,1,0,7,1,3,0,40,23,17,7,0.575,0.425,0.0,0.0,0.175,0.075,0.025,0.075,0.175,1,2.0,go,aws/aws-sdk-go,SetTrafficDialPercentage,-2.6295880321858403
1,1,2,0,5,0,0,0,2,7,7,0,5,29,6,6,5,198,120,78,15,0.6060606060606061,0.3939393939393939,0.0252525252525252,0.0353535353535353,0.1464646464646464,0.0303030303030303,0.0101010101010101,0.0303030303030303,0.0757575757575757,6,1.0,go,aws/aws-sdk-go,Validate,0.48373262832930775
1,3,2,0,0,0,0,0,1,3,3,0,0,17,1,5,1,94,61,33,10,0.648936170212766,0.351063829787234,0.0,0.0319148936170212,0.1808510638297872,0.0531914893617021,0.0212765957446808,0.0531914893617021,0.1063829787234042,1,3.0,go,magefile/mage,Output,-1.6092677800178932
1,3,1,0,1,0,0,0,2,3,3,0,1,16,2,4,7,101,67,34,12,0.6633663366336634,0.3366336633663366,0.0099009900990099,0.0297029702970297,0.1584158415841584,0.0396039603960396,0.0099009900990099,0.0396039603960396,0.1188118811881188,2,3.0,go,kubernetes-retired/contrib,parseLiteralSource,-1.1907592698296272
1,4,4,0,1,0,0,0,1,2,2,3,1,28,2,8,2,164,98,66,12,0.5975609756097561,0.4024390243902439,0.0060975609756097,0.0121951219512195,0.1707317073170731,0.048780487804878,0.024390243902439,0.048780487804878,0.073170731707317,2,4.0,go,aws/aws-sdk-go,RemoveThingFromThingGroupRequest,-0.6906083382207736
1,3,0,0,0,0,0,0,1,0,0,0,0,6,1,1,0,37,23,14,7,0.6216216216216216,0.3783783783783784,0.0,0.0,0.1621621621621621,0.027027027027027,0.0,0.027027027027027,0.1891891891891892,1,3.0,go,go-playground/locales,OrdinalPluralRule,-2.7656215263161874
1,2,1,0,0,0,0,0,1,0,0,1,0,7,1,3,0,40,23,17,7,0.575,0.425,0.0,0.0,0.175,0.075,0.025,0.075,0.175,1,2.0,go,aws/aws-sdk-go,SetDirectoryId,-2.6295880321858403
1,4,1,0,0,0,0,0,1,2,2,0,0,11,1,3,0,63,38,25,8,0.6031746031746031,0.3968253968253968,0.0,0.0317460317460317,0.1746031746031746,0.0476190476190476,0.0158730158730158,0.0476190476190476,0.1269841269841269,1,4.0,go,aws/aws-sdk-go,PutRolePolicy,-2.114135263379266
1,1,0,0,0,0,0,0,1,1,1,0,0,6,1,1,0,39,25,14,9,0.6410256410256411,0.358974358974359,0.0,0.0256410256410256,0.1538461538461538,0.0256410256410256,0.0,0.0256410256410256,0.2307692307692307,1,1.0,go,golang/oauth2,AppEngineTokenSource,-2.802792018381291
1,1,1,0,1,0,0,0,2,6,6,0,1,15,2,4,0,86,51,35,10,0.5930232558139535,0.4069767441860465,0.0116279069767441,0.0697674418604651,0.1744186046511628,0.0465116279069767,0.0116279069767441,0.0465116279069767,0.1162790697674418,2,1.0,go,cilium/cilium,lookupAndDeleteServiceWeights,-1.4406248124869316
1,2,3,0,1,0,0,0,1,3,3,1,0,21,2,7,1,93,57,36,13,0.6129032258064516,0.3870967741935484,0.010752688172043,0.032258064516129,0.2258064516129032,0.075268817204301,0.032258064516129,0.075268817204301,0.1397849462365591,2,2.0,go,Jumpscale/go-raml,GetProperty,-1.260668106578677
1,4,4,0,1,0,0,0,2,4,4,1,1,28,2,10,6,149,97,52,10,0.6510067114093959,0.348993288590604,0.0067114093959731,0.0268456375838926,0.1879194630872483,0.0671140939597315,0.0268456375838926,0.0671140939597315,0.0671140939597315,2,4.0,go,denverdino/aliyungo,DeleteProject,-0.47962771111416486
1,5,2,0,3,0,0,0,4,6,6,0,2,28,4,8,6,169,106,63,13,0.6272189349112426,0.3727810650887574,0.0177514792899408,0.0355029585798816,0.165680473372781,0.0473372781065088,0.0118343195266272,0.0473372781065088,0.0769230769230769,4,5.0,go,containers/storage,Get,0.19028925133503424
1,2,1,0,0,0,0,0,1,0,0,1,0,7,1,3,0,40,23,17,7,0.575,0.425,0.0,0.0,0.175,0.075,0.025,0.075,0.175,1,2.0,go,aws/aws-sdk-go,SetUserName,-2.6295880321858403
1,5,8,1,5,1,0,1,4,12,12,3,3,69,7,20,5,356,226,130,15,0.6348314606741573,0.3651685393258427,0.0168539325842696,0.0337078651685393,0.1938202247191011,0.0561797752808988,0.0224719101123595,0.0561797752808988,0.0421348314606741,7,5.0,go,lestrrat-go/jsref,Resolve,3.0831594394612103
1,4,1,0,0,0,0,0,1,2,2,0,0,11,1,3,0,63,38,25,8,0.6031746031746031,0.3968253968253968,0.0,0.0317460317460317,0.1746031746031746,0.0476190476190476,0.0158730158730158,0.0476190476190476,0.1269841269841269,1,4.0,go,aws/aws-sdk-go,GetObjectLegalHold,-2.114135263379266
1,1,6,0,0,0,0,0,0,8,8,6,0,40,1,12,0,165,99,66,10,0.6,0.4,0.0,0.0484848484848484,0.2424242424242424,0.0727272727272727,0.0363636363636363,0.0727272727272727,0.0606060606060606,1,1.0,go,spf13/cobra,ResetFlags,-0.5019870613345614
1,6,4,0,2,0,0,0,3,4,4,0,2,31,3,11,2,167,109,58,9,0.6526946107784432,0.3473053892215569,0.0119760479041916,0.0239520958083832,0.18562874251497,0.0658682634730539,0.0239520958083832,0.0658682634730539,0.0538922155688622,3,6.0,go,google/go-github,GetGrant,-0.04793683744240792
1,4,10,0,11,5,0,0,3,8,8,4,14,98,17,28,3,464,286,178,24,0.6163793103448276,0.3836206896551724,0.0344827586206896,0.0172413793103448,0.2112068965517241,0.0603448275862069,0.021551724137931,0.0603448275862069,0.0517241379310344,17,4.0,go,go4org/go4,ItemByID,6.15081794678477
1,1,1,0,3,0,0,0,2,6,6,0,5,22,4,4,6,153,92,61,13,0.6013071895424836,0.3986928104575163,0.0196078431372549,0.0392156862745098,0.1437908496732026,0.0261437908496732,0.0065359477124183,0.0261437908496732,0.0849673202614379,4,1.0,go,aws/aws-sdk-go,Validate,-0.3843369932650807
1,1,0,0,0,0,0,0,1,2,2,0,0,11,1,1,0,52,35,17,10,0.6730769230769231,0.3269230769230769,0.0,0.0384615384615384,0.2115384615384615,0.0192307692307692,0.0,0.0192307692307692,0.1923076923076923,1,1.0,go,hyperledger/fabric,Modsub,-2.424361656951755
1,1,0,0,0,0,0,0,1,1,1,0,0,5,1,1,0,49,30,19,10,0.6122448979591837,0.3877551020408163,0.0,0.0204081632653061,0.1020408163265306,0.0204081632653061,0.0,0.0204081632653061,0.2040816326530612,1,1.0,go,ikeikeikeike/go-sitemap-generator,Get,-2.71233587961208
1,2,3,0,1,0,0,0,1,2,2,2,1,18,2,6,0,99,58,41,12,0.5858585858585859,0.4141414141414141,0.0101010101010101,0.0202020202020202,0.1818181818181818,0.0606060606060606,0.0303030303030303,0.0606060606060606,0.1212121212121212,2,2.0,go,containous/traefik,DeepCopyInto,-1.3379387009473047
1,4,25,0,17,3,0,0,11,14,14,17,43,148,21,61,27,751,472,279,15,0.6284953395472703,0.3715046604527297,0.0266311584553928,0.0186418109187749,0.1970705725699068,0.081225033288948,0.033288948069241,0.081225033288948,0.0199733688415446,21,4.0,go,abursavich/nett,parseIPv6,11.384529772369099
1,4,4,1,6,0,0,0,3,11,11,0,6,61,7,9,5,324,204,120,14,0.6296296296296297,0.3703703703703703,0.0185185185185185,0.0339506172839506,0.1882716049382716,0.0277777777777777,0.0123456790123456,0.0277777777777777,0.0432098765432098,7,4.0,go,kyokomi/go-docomo,GetSearch,1.9430750956612015
1,8,5,0,11,1,0,0,11,12,12,1,16,92,13,22,12,534,342,192,14,0.6404494382022472,0.3595505617977528,0.0224719101123595,0.0224719101123595,0.1722846441947565,0.0411985018726591,0.0093632958801498,0.0411985018726591,0.0262172284644194,13,8.0,go,hashicorp/vault,handleRoleTagLogin,5.542661324150395
1,6,2,0,1,0,0,0,2,5,5,0,1,25,2,6,2,140,90,50,12,0.6428571428571429,0.3571428571428571,0.0071428571428571,0.0357142857142857,0.1785714285714285,0.0428571428571428,0.0142857142857142,0.0428571428571428,0.0857142857142857,2,6.0,go,pilosa/pilosa,ShardNodes,-0.6858454532274997
1,2,9,0,7,1,0,0,6,17,17,2,9,72,10,24,12,384,242,142,18,0.6302083333333334,0.3697916666666667,0.0208333333333333,0.0442708333333333,0.1875,0.0625,0.0234375,0.0625,0.046875,9,2.0,go,gopasspw/gopass,Shred,4.036798869598789
1,1,1,0,2,0,0,0,2,3,3,0,2,13,3,4,3,101,59,42,13,0.5841584158415841,0.4158415841584158,0.0198019801980198,0.0297029702970297,0.1287128712871287,0.0396039603960396,0.0099009900990099,0.0396039603960396,0.1287128712871287,3,1.0,go,aws/aws-sdk-go,Validate,-1.2157464937150464
1,3,2,0,3,0,0,0,4,3,3,0,3,21,4,8,1,124,75,49,12,0.6048387096774194,0.3951612903225806,0.0241935483870967,0.0241935483870967,0.1693548387096774,0.064516129032258,0.0161290322580645,0.064516129032258,0.0967741935483871,4,3.0,go,lostisland/go-sawyer,DecodeFrom,-0.3548287179932247
1,1,3,0,6,0,0,0,2,7,7,0,6,33,7,8,5,227,139,88,15,0.6123348017621145,0.3876651982378855,0.026431718061674,0.0308370044052863,0.145374449339207,0.0352422907488986,0.013215859030837,0.0352422907488986,0.066079295154185,7,1.0,go,aws/aws-sdk-go,Validate,0.9629635406131984
1,2,0,0,0,0,0,0,1,0,0,0,0,6,1,1,0,37,23,14,8,0.6216216216216216,0.3783783783783784,0.0,0.0,0.1621621621621621,0.027027027027027,0.0,0.027027027027027,0.2162162162162162,1,2.0,go,go-playground/locales,MonthWide,-2.8689954111141027
1,4,5,0,6,0,0,0,7,7,7,0,6,51,7,17,1,271,172,99,10,0.6346863468634686,0.3653136531365313,0.022140221402214,0.025830258302583,0.1881918819188192,0.062730627306273,0.018450184501845,0.062730627306273,0.03690036900369,7,4.0,go,beeker1121/goque,Dequeue,1.8871519259741945
1,5,1,0,0,0,0,0,1,4,4,0,0,19,1,3,0,100,62,38,8,0.62,0.38,0.0,0.04,0.19,0.03,0.01,0.03,0.08,1,5.0,go,aws/aws-sdk-go,PutConfigurationSetSendingOptionsWithContext,-1.621297581583332
1,1,1,0,0,0,0,0,1,2,2,1,0,10,1,3,0,61,35,26,8,0.5737704918032787,0.4262295081967213,0.0,0.0327868852459016,0.1639344262295081,0.0491803278688524,0.0163934426229508,0.0491803278688524,0.1311475409836065,1,1.0,go,docker/libnetwork,ReleaseAll,-2.300952024699174
1,3,3,0,4,0,0,0,4,8,8,0,7,34,5,10,2,206,129,77,14,0.6262135922330098,0.3737864077669903,0.0194174757281553,0.0388349514563106,0.1650485436893204,0.0485436893203883,0.0145631067961165,0.0485436893203883,0.0679611650485436,5,3.0,go,juju/juju,getStdinPipe,0.7724803903584562
1,1,0,0,1,0,0,0,2,0,0,0,3,7,2,2,1,54,32,22,10,0.5925925925925926,0.4074074074074074,0.0185185185185185,0.0,0.1296296296296296,0.037037037037037,0.0,0.037037037037037,0.1851851851851851,2,1.0,go,google/go-github,GetURL,-2.201027080501361
1,1,1,0,1,0,0,0,2,2,2,0,1,9,2,4,0,59,34,25,9,0.576271186440678,0.423728813559322,0.0169491525423728,0.0338983050847457,0.1525423728813559,0.0677966101694915,0.0169491525423728,0.0677966101694915,0.1525423728813559,2,1.0,go,kidoman/embd,Wake,-1.9211628527901214
1,2,1,0,0,0,0,0,1,0,0,1,0,8,1,3,0,45,27,18,8,0.6,0.4,0.0,0.0,0.1777777777777777,0.0666666666666666,0.0222222222222222,0.0666666666666666,0.1777777777777777,1,2.0,go,AndrewBurian/powermux,Any,-2.532059379545467
1,3,35,0,11,2,0,0,1,18,18,18,3,140,16,73,8,632,373,259,16,0.5901898734177216,0.4098101265822785,0.0205696202531645,0.0284810126582278,0.2215189873417721,0.115506329113924,0.055379746835443,0.115506329113924,0.0253164556962025,14,3.0,go,kubernetes/kubernetes,ResourceConfigForPod,8.721553578840156
1,4,2,0,0,0,0,0,1,1,1,0,0,12,1,5,2,94,60,34,9,0.6382978723404256,0.3617021276595745,0.0,0.0106382978723404,0.1276595744680851,0.0531914893617021,0.0212765957446808,0.0531914893617021,0.0957446808510638,1,4.0,go,manifoldco/torus-cli,Get,-1.7182571026685063
1,3,1,0,1,0,0,0,2,4,4,0,1,19,2,4,0,89,56,33,10,0.6292134831460674,0.3707865168539326,0.0112359550561797,0.0449438202247191,0.2134831460674157,0.0449438202247191,0.0112359550561797,0.0449438202247191,0.1123595505617977,2,3.0,go,CapillarySoftware/goreport,dec_ref_int32,-1.3451208133188821
1,2,1,0,0,0,0,0,1,0,0,1,0,7,1,3,0,40,23,17,7,0.575,0.425,0.0,0.0,0.175,0.075,0.025,0.075,0.175,1,2.0,go,mafredri/cdp,SetClip,-2.6295880321858403
1,3,2,0,0,0,0,0,1,1,1,1,0,13,1,5,0,76,46,30,9,0.6052631578947368,0.3947368421052631,0.0,0.0131578947368421,0.1710526315789473,0.0657894736842105,0.0263157894736842,0.0657894736842105,0.1184210526315789,1,3.0,go,influxdata/influxdb,PutCellView,-1.930617061295378
1,1,5,0,1,1,0,0,1,3,3,2,0,16,3,11,2,95,54,41,12,0.5684210526315789,0.431578947368421,0.0210526315789473,0.031578947368421,0.1684210526315789,0.1157894736842105,0.0526315789473684,0.1157894736842105,0.1263157894736842,3,1.0,go,Workiva/go-datastructures,Length,-0.7728371622217391
1,2,2,0,2,0,0,0,3,7,7,2,3,29,3,7,4,157,95,62,12,0.6050955414012739,0.3949044585987261,0.0127388535031847,0.0445859872611464,0.1847133757961783,0.0445859872611464,0.0127388535031847,0.0445859872611464,0.0764331210191082,3,2.0,go,kubernetes-retired/contrib,Unlock,-0.26046365880992606
1,2,0,0,0,0,0,0,1,3,3,0,0,20,1,1,1,94,65,29,14,0.6914893617021277,0.3085106382978723,0.0,0.0319148936170212,0.2127659574468085,0.0106382978723404,0.0,0.0106382978723404,0.1489361702127659,1,2.0,go,choria-io/go-choria,RegisterAgents,-1.7911280416622237
1,2,0,0,0,0,0,0,0,1,1,0,0,7,1,0,0,38,23,15,8,0.6052631578947368,0.3947368421052631,0.0,0.0263157894736842,0.1842105263157894,0.0,0.0,0.0,0.2105263157894736,1,2.0,go,hyperledger/fabric-sdk-go,Unregister,-2.9079768678853104
1,1,1,0,0,1,0,0,0,10,10,0,0,32,2,3,6,171,107,64,12,0.6257309941520468,0.3742690058479532,0.0058479532163742,0.0584795321637426,0.1871345029239766,0.0175438596491228,0.0058479532163742,0.0175438596491228,0.0701754385964912,2,1.0,go,vitessio/vitess,Close,-0.7234330527774487
1,2,3,0,3,0,0,0,1,12,12,0,3,45,4,6,12,305,185,120,17,0.6065573770491803,0.3934426229508196,0.0098360655737704,0.0393442622950819,0.1475409836065573,0.0196721311475409,0.0098360655737704,0.0196721311475409,0.0557377049180327,4,2.0,go,intelsdi-x/snap,SelectAndKill,0.8381989112767156
1,1,0,0,0,0,0,0,1,2,2,0,0,10,1,1,0,52,31,21,8,0.5961538461538461,0.4038461538461538,0.0,0.0384615384615384,0.1923076923076923,0.0192307692307692,0.0,0.0192307692307692,0.1538461538461538,1,1.0,go,vitessio/vitess,TopoChecksum,-2.5440465396097753
1,1,3,0,3,1,0,0,1,6,6,3,0,24,6,7,8,158,102,56,17,0.6455696202531646,0.3544303797468354,0.0253164556962025,0.0379746835443038,0.1518987341772152,0.0443037974683544,0.0189873417721519,0.0443037974683544,0.1075949367088607,5,1.0,go,lytics/cloudstorage,CleanETag,0.3262747982348677
1,2,0,0,0,0,0,0,1,1,1,0,0,10,1,1,0,53,34,19,8,0.6415094339622641,0.3584905660377358,0.0,0.0188679245283018,0.1886792452830188,0.0188679245283018,0.0,0.0188679245283018,0.1509433962264151,1,2.0,go,issue9/assert,False,-2.450247670903938
1,3,0,0,0,0,0,0,1,2,2,0,0,15,1,1,0,77,45,32,12,0.5844155844155844,0.4155844155844156,0.0,0.0259740259740259,0.1948051948051948,0.0129870129870129,0.0,0.0129870129870129,0.1558441558441558,1,3.0,go,muesli/beehive,NewLogMessage,-2.2292391395317397
1,6,0,0,0,0,0,0,1,1,1,0,0,12,1,1,0,95,66,29,10,0.6947368421052632,0.3052631578947368,0.0,0.0105263157894736,0.1263157894736842,0.0105263157894736,0.0,0.0105263157894736,0.1052631578947368,1,6.0,go,tsuna/gohbase,NewPutStr,-1.770957965366611
1,2,1,0,0,0,0,0,1,0,0,1,0,7,1,3,0,40,23,17,7,0.575,0.425,0.0,0.0,0.175,0.075,0.025,0.075,0.175,1,2.0,go,aws/aws-sdk-go,SetDelimiter,-2.6295880321858403
1,2,0,0,0,0,0,0,1,1,1,0,0,11,1,1,4,90,58,32,14,0.6444444444444445,0.3555555555555555,0.0,0.0111111111111111,0.1222222222222222,0.0111111111111111,0.0,0.0111111111111111,0.1555555555555555,1,2.0,go,benbjohnson/phantomjs,SetFrameContent,-2.0588821474052694
1,4,3,1,1,0,0,0,2,3,3,1,4,36,2,7,4,194,126,68,11,0.6494845360824743,0.3505154639175257,0.0051546391752577,0.0154639175257731,0.1855670103092783,0.0360824742268041,0.0154639175257731,0.0360824742268041,0.056701030927835,2,4.0,go,xo/xo,PgLargeobjectMetadatumByOid,-0.3530262000544409
1,2,0,0,0,0,0,0,1,0,0,0,0,6,1,1,0,37,23,14,8,0.6216216216216216,0.3783783783783784,0.0,0.0,0.1621621621621621,0.027027027027027,0.0,0.027027027027027,0.2162162162162162,1,2.0,go,go-playground/locales,MonthWide,-2.8689954111141027
1,2,1,0,0,0,0,0,1,0,0,1,0,7,1,3,0,40,23,17,7,0.575,0.425,0.0,0.0,0.175,0.075,0.025,0.075,0.175,1,2.0,go,aws/aws-sdk-go,SetNextToken,-2.6295880321858403
1,4,2,0,2,0,0,0,3,7,7,0,1,34,3,7,2,167,110,57,13,0.6586826347305389,0.3413173652694611,0.0119760479041916,0.0419161676646706,0.2035928143712574,0.0419161676646706,0.0119760479041916,0.0419161676646706,0.0778443113772455,3,4.0,go,kubernetes/kubernetes,maxRequestConstraint,-0.12179687499772437
1,3,2,0,1,0,0,0,2,3,3,0,1,28,2,6,0,131,82,49,13,0.6259541984732825,0.3740458015267175,0.0076335877862595,0.0229007633587786,0.2137404580152671,0.0458015267175572,0.015267175572519,0.0458015267175572,0.099236641221374,2,3.0,go,tideland/golib,newResp,-0.997804176929774
1,1,2,0,0,0,0,0,1,1,1,1,0,8,1,5,0,46,26,20,8,0.5652173913043478,0.4347826086956521,0.0,0.0217391304347826,0.1739130434782608,0.108695652173913,0.0434782608695652,0.108695652173913,0.1739130434782608,1,1.0,go,atdiar/sac,NewFromPool,-2.4029163929531596
1,3,9,0,4,0,0,0,4,8,8,2,4,51,5,22,4,279,174,105,10,0.6236559139784946,0.3763440860215054,0.014336917562724,0.028673835125448,0.1827956989247312,0.078853046594982,0.032258064516129,0.078853046594982,0.03584229390681,5,3.0,go,russellcardullo/go-pingdom,List,1.6271123820692515
1,2,0,0,1,0,0,0,2,0,0,0,0,16,3,2,0,105,59,46,17,0.5619047619047619,0.4380952380952381,0.0095238095238095,0.0,0.1523809523809524,0.019047619047619,0.0,0.019047619047619,0.1619047619047619,2,2.0,go,revel/revel,ValidationResult,-1.7439988684352032
1,4,4,0,1,0,0,0,1,2,2,3,1,28,2,8,2,164,98,66,12,0.5975609756097561,0.4024390243902439,0.0060975609756097,0.0121951219512195,0.1707317073170731,0.048780487804878,0.024390243902439,0.048780487804878,0.073170731707317,2,4.0,go,aws/aws-sdk-go,DeleteApiRequest,-0.6906083382207736
1,3,5,0,5,1,0,0,4,15,15,0,4,58,7,11,4,281,174,107,14,0.6192170818505338,0.3807829181494662,0.0213523131672597,0.0533807829181494,0.2064056939501779,0.0391459074733096,0.0177935943060498,0.0391459074733096,0.0498220640569395,7,3.0,go,kubernetes/kubernetes,replenishQuota,2.062563440962443
1,1,2,0,3,0,0,0,2,2,2,0,6,21,4,6,6,124,77,47,16,0.6209677419354839,0.3790322580645161,0.0241935483870967,0.0161290322580645,0.1693548387096774,0.0483870967741935,0.0161290322580645,0.0483870967741935,0.1290322580645161,4,1.0,go,ligato/cn-infra,GetPort,-0.5006195489763569
1,2,1,0,0,0,0,0,1,0,0,1,0,7,1,3,0,40,23,17,7,0.575,0.425,0.0,0.0,0.175,0.075,0.025,0.075,0.175,1,2.0,go,aws/aws-sdk-go,SetRoleAlias,-2.6295880321858403
1,4,4,0,1,0,0,0,1,1,1,3,1,19,2,8,2,137,80,57,12,0.583941605839416,0.4160583941605839,0.0072992700729927,0.0072992700729927,0.1386861313868613,0.0583941605839416,0.0291970802919708,0.0583941605839416,0.0875912408759124,2,4.0,go,aws/aws-sdk-go,ListInstanceProfilesRequest,-0.9331321479594796
1,4,1,0,0,0,0,0,1,2,2,0,0,11,1,3,0,63,38,25,8,0.6031746031746031,0.3968253968253968,0.0,0.0317460317460317,0.1746031746031746,0.0476190476190476,0.0158730158730158,0.0476190476190476,0.1269841269841269,1,4.0,go,aws/aws-sdk-go,GetPhoneNumber,-2.114135263379266
1,4,8,0,4,0,0,0,4,13,13,3,3,72,6,20,10,399,242,157,18,0.606516290726817,0.3934837092731829,0.0100250626566416,0.0325814536340852,0.1804511278195488,0.050125313283208,0.0200501253132832,0.050125313283208,0.0451127819548872,5,4.0,go,centrifugal/centrifugo,Unsubscribe,2.6356647968342632
1,5,1,0,1,0,0,0,2,1,1,0,1,12,2,4,0,88,55,33,10,0.625,0.375,0.0113636363636363,0.0113636363636363,0.1363636363636363,0.0454545454545454,0.0113636363636363,0.0454545454545454,0.1136363636363636,2,5.0,go,luci/luci-go,CreateMachine,-1.4799287885542343
1,4,0,0,0,0,0,0,1,3,3,0,0,21,2,1,1,106,66,40,18,0.6226415094339622,0.3773584905660377,0.0,0.0283018867924528,0.1981132075471698,0.0094339622641509,0.0,0.0094339622641509,0.1698113207547169,1,4.0,go,dop251/goja,DefineDataProperty,-1.6739481454337255
1,2,1,0,1,0,0,0,1,3,3,1,1,11,2,3,1,66,40,26,12,0.6060606060606061,0.3939393939393939,0.0151515151515151,0.0454545454545454,0.1666666666666666,0.0454545454545454,0.0151515151515151,0.0454545454545454,0.1818181818181818,2,2.0,go,cilium/cilium,Error,-1.7747658350251951
1,2,1,0,0,0,0,0,1,0,0,1,0,7,1,3,0,40,23,17,7,0.575,0.425,0.0,0.0,0.175,0.075,0.025,0.075,0.175,1,2.0,go,aws/aws-sdk-go,SetAutoScalingRoleArn,-2.6295880321858403
1,0,4,0,3,0,0,0,1,8,8,1,2,36,4,9,3,183,110,73,14,0.6010928961748634,0.3989071038251366,0.0163934426229508,0.0437158469945355,0.1967213114754098,0.0491803278688524,0.0218579234972677,0.0491803278688524,0.0765027322404371,4,0.0,go,vitessio/vitess,interceptors,0.04533356275167723
1,2,0,0,0,0,0,0,1,1,1,0,0,10,1,1,0,44,29,15,9,0.6590909090909091,0.3409090909090909,0.0,0.0227272727272727,0.2272727272727272,0.0227272727272727,0.0,0.0227272727272727,0.2045454545454545,1,2.0,go,scgolang/sc,Amclip,-2.586756883737821
1,2,1,0,0,0,0,0,1,0,0,1,0,7,1,3,0,43,25,18,7,0.5813953488372093,0.4186046511627907,0.0,0.0,0.1627906976744186,0.0697674418604651,0.0232558139534883,0.0697674418604651,0.1627906976744186,1,2.0,go,aws/aws-sdk-go,SetWarnings,-2.568295855118344
1,1,0,0,1,0,0,0,0,1,1,0,2,16,2,0,0,66,41,25,12,0.6212121212121212,0.3787878787878788,0.0151515151515151,0.0151515151515151,0.2424242424242424,0.0,0.0,0.0,0.1818181818181818,2,1.0,go,henrylee2cn/pholcus,TryFlushSuccess,-2.1603858357917978
1,5,1,0,0,0,0,0,1,4,4,0,0,19,1,3,0,100,62,38,8,0.62,0.38,0.0,0.04,0.19,0.03,0.01,0.03,0.08,1,5.0,go,aws/aws-sdk-go,GetFieldLevelEncryptionWithContext,-1.621297581583332
1,1,2,0,1,2,0,0,1,6,6,1,0,26,4,7,1,132,85,47,17,0.6439393939393939,0.3560606060606061,0.0227272727272727,0.0454545454545454,0.1969696969696969,0.053030303030303,0.0151515151515151,0.053030303030303,0.1287878787878787,4,1.0,go,tendermint/tendermint,intersect,-0.22594768301206325
1,12,0,0,0,0,0,0,4,3,3,0,0,18,4,4,0,143,91,52,27,0.6363636363636364,0.3636363636363636,0.0,0.0209790209790209,0.1258741258741259,0.0279720279720279,0.0,0.0279720279720279,0.1888111888111888,1,12.0,go,mesosphere/mesos-dns,NewStateLoader,-0.5056114436366811
1,6,13,1,5,1,0,0,2,11,11,6,4,80,7,27,0,393,242,151,22,0.6157760814249363,0.3842239185750636,0.015267175572519,0.0279898218829516,0.2035623409669211,0.0687022900763358,0.0330788804071246,0.0687022900763358,0.0559796437659033,7,6.0,go,juju/juju,CharmURL,3.578845474260127
1,5,0,0,1,0,0,0,2,1,1,0,1,9,2,2,4,71,45,26,10,0.6338028169014085,0.3661971830985915,0.0140845070422535,0.0140845070422535,0.1267605633802817,0.028169014084507,0.0,0.028169014084507,0.1408450704225352,2,5.0,go,control-center/serviced,AllowRetry,-1.68531599066777
1,1,14,1,1,1,0,1,1,3,3,10,3,41,4,37,6,280,166,114,16,0.5928571428571429,0.4071428571428571,0.0071428571428571,0.0107142857142857,0.1464285714285714,0.1321428571428571,0.05,0.1321428571428571,0.0571428571428571,3,1.0,go,henrylee2cn/pholcus,FileNameReplace,2.0023601837321845
1,1,5,0,2,1,0,1,3,13,13,1,2,60,5,16,8,338,206,132,17,0.6094674556213018,0.3905325443786982,0.0088757396449704,0.0384615384615384,0.1775147928994082,0.0473372781065088,0.014792899408284,0.0473372781065088,0.0502958579881656,4,1.0,go,kubernetes/kubernetes,Serve,1.8222491318952285
1,4,4,2,2,0,0,0,2,6,6,1,2,27,3,6,3,152,93,59,12,0.6118421052631579,0.3881578947368421,0.0131578947368421,0.0394736842105263,0.1776315789473684,0.0394736842105263,0.0263157894736842,0.0394736842105263,0.0789473684210526,3,4.0,go,libvirt/libvirt-go,GetMaxVcpus,-0.19108178677282955
1,5,1,0,1,0,0,0,2,3,3,0,1,18,2,4,0,99,63,36,11,0.6363636363636364,0.3636363636363636,0.0101010101010101,0.0303030303030303,0.1818181818181818,0.0404040404040404,0.0101010101010101,0.0404040404040404,0.1111111111111111,2,5.0,go,gravitational/teleport,CurrentClusterAccessPoint,-1.2420280312315133
1,3,2,0,0,0,0,0,1,1,1,0,0,10,1,5,2,68,41,27,9,0.6029411764705882,0.3970588235294117,0.0,0.0147058823529411,0.1470588235294117,0.0735294117647058,0.0294117647058823,0.0735294117647058,0.1323529411764706,1,3.0,go,luci/luci-go,ReadByte,-2.0332130125776895
1,2,1,0,0,0,0,0,1,0,0,1,0,7,1,3,0,40,23,17,7,0.575,0.425,0.0,0.0,0.175,0.075,0.025,0.075,0.175,1,2.0,go,aws/aws-sdk-go,SetId,-2.6295880321858403
1,4,3,1,2,0,0,0,3,3,3,0,2,21,3,7,1,129,80,49,10,0.6201550387596899,0.3798449612403101,0.0155038759689922,0.0232558139534883,0.1627906976744186,0.0542635658914728,0.0232558139534883,0.0542635658914728,0.0775193798449612,3,4.0,go,xanzy/go-cloudstack,ListAutoScalePolicies,-0.5491919510382692
1,4,6,2,2,2,0,0,3,10,10,2,2,44,5,13,3,263,170,93,13,0.6463878326996197,0.3536121673003802,0.0152091254752851,0.0380228136882129,0.1673003802281368,0.0494296577946768,0.0228136882129277,0.0494296577946768,0.0494296577946768,5,4.0,go,brocaar/loraserver,GetGatewaysForIDs,1.5305238455700514
1,1,0,0,0,0,0,0,1,1,1,0,0,8,1,1,1,43,28,15,9,0.6511627906976745,0.3488372093023256,0.0,0.0232558139534883,0.1860465116279069,0.0232558139534883,0.0,0.0232558139534883,0.2093023255813953,1,1.0,go,mkideal/cli,ToString,-2.670205614248654
1,1,0,0,1,0,0,0,2,0,0,0,3,7,2,2,1,54,32,22,10,0.5925925925925926,0.4074074074074074,0.0185185185185185,0.0,0.1296296296296296,0.037037037037037,0.0,0.037037037037037,0.1851851851851851,2,1.0,go,google/go-github,GetAssigneesURL,-2.201027080501361
1,1,5,0,3,0,0,0,2,11,11,3,5,42,5,13,3,267,162,105,20,0.6067415730337079,0.3932584269662921,0.0112359550561797,0.0411985018726591,0.1573033707865168,0.048689138576779,0.0187265917602996,0.048689138576779,0.0749063670411985,4,1.0,go,mesos/mesos-go,Start,1.1334485360345112
1,4,4,0,1,0,0,0,1,1,1,3,1,24,2,8,6,209,121,88,20,0.5789473684210527,0.4210526315789473,0.0047846889952153,0.0047846889952153,0.1148325358851674,0.0382775119617224,0.0191387559808612,0.0382775119617224,0.0956937799043062,2,4.0,go,aws/aws-sdk-go,ListMetricsRequest,-0.39679847438777194
1,1,1,0,1,0,0,0,2,2,2,0,0,12,2,4,1,67,40,27,9,0.5970149253731343,0.4029850746268656,0.0149253731343283,0.0298507462686567,0.1791044776119403,0.0597014925373134,0.0149253731343283,0.0597014925373134,0.1343283582089552,2,1.0,go,hyperledger/fabric-sdk-go,SecurityAlgorithm,-1.8062682145673619
1,3,0,0,0,0,0,0,1,1,1,0,0,8,1,1,0,46,30,16,8,0.6521739130434783,0.3478260869565217,0.0,0.0217391304347826,0.1739130434782608,0.0217391304347826,0.0,0.0217391304347826,0.1739130434782608,1,3.0,go,kubernetes/kubernetes,Convert_kubeadm_ExternalEtcd_To_v1beta2_ExternalEtcd,-2.4925948625428607
1,2,1,0,0,0,0,0,1,0,0,1,0,7,1,3,0,40,23,17,7,0.575,0.425,0.0,0.0,0.175,0.075,0.025,0.075,0.175,1,2.0,go,aws/aws-sdk-go,SetName,-2.6295880321858403
1,1,0,0,1,0,0,0,2,0,0,0,3,7,2,2,0,56,33,23,11,0.5892857142857143,0.4107142857142857,0.0178571428571428,0.0,0.125,0.0357142857142857,0.0,0.0357142857142857,0.1964285714285714,2,1.0,go,google/go-github,GetCreatedAt,-2.219799805556357
1,1,4,1,5,0,0,0,3,6,6,3,5,28,7,9,6,184,113,71,15,0.6141304347826086,0.3858695652173913,0.0271739130434782,0.0326086956521739,0.1521739130434782,0.0489130434782608,0.0217391304347826,0.0489130434782608,0.0815217391304347,6,1.0,go,olivere/elastic,Validate,0.8929529104334709
1,5,1,0,3,0,0,0,5,10,10,0,3,34,5,7,5,223,140,83,22,0.6278026905829597,0.3721973094170404,0.0134529147982062,0.0448430493273542,0.1524663677130044,0.0313901345291479,0.0044843049327354,0.0313901345291479,0.0986547085201793,4,5.0,go,moby/moby,NoTasksForService,0.8744465261251112
1,1,2,0,0,0,0,0,1,1,1,1,0,8,1,5,0,46,26,20,8,0.5652173913043478,0.4347826086956521,0.0,0.0217391304347826,0.1739130434782608,0.108695652173913,0.0434782608695652,0.108695652173913,0.1739130434782608,1,1.0,go,dropbox/dropbox-sdk-go-unofficial,NewPaperChangeDeploymentPolicyDetails,-2.4029163929531596
1,4,9,1,4,1,0,0,1,11,11,6,8,52,7,18,10,290,178,112,17,0.6137931034482759,0.3862068965517241,0.0172413793103448,0.0379310344827586,0.1793103448275862,0.0620689655172413,0.0310344827586206,0.0620689655172413,0.0586206896551724,6,4.0,go,keybase/client,Write,2.407795225073487
1,3,0,0,0,0,0,0,1,6,6,0,0,11,1,1,0,71,43,28,14,0.6056338028169014,0.3943661971830985,0.0,0.0845070422535211,0.1549295774647887,0.0140845070422535,0.0,0.0140845070422535,0.1971830985915492,1,3.0,go,juju/juju,NewCredentialValidatorAPI,-2.0480291674206046
1,14,0,0,0,0,0,0,1,4,4,0,0,16,1,1,0,179,114,65,12,0.6368715083798883,0.3631284916201117,0.0,0.0223463687150838,0.0893854748603352,0.0055865921787709,0.0,0.0055865921787709,0.0670391061452514,1,14.0,go,google/go-genproto,XXX_OneofFuncs,-0.8697187618848563
1,2,8,0,0,0,0,1,1,0,0,8,0,13,1,17,8,199,122,77,10,0.6130653266331658,0.3869346733668342,0.0,0.0,0.0653266331658291,0.0854271356783919,0.0402010050251256,0.0854271356783919,0.050251256281407,1,2.0,go,pkg/sftp,requestMethod,-0.173742150486078
1,2,1,0,0,0,0,0,1,0,0,1,0,7,1,3,0,36,21,15,7,0.5833333333333334,0.4166666666666667,0.0,0.0,0.1944444444444444,0.0833333333333333,0.0277777777777777,0.0833333333333333,0.1944444444444444,1,2.0,go,quorumsco/elastic,BoostFactor,-2.68279340163546
1,5,0,0,2,0,0,0,2,14,14,0,1,38,6,1,3,247,151,96,32,0.611336032388664,0.388663967611336,0.0080971659919028,0.0566801619433198,0.1538461538461538,0.0040485829959514,0.0,0.0040485829959514,0.1295546558704453,3,5.0,go,keybase/client,HandleFavoritesChanged,0.7956651516227876
1,2,1,0,0,0,0,0,1,0,0,1,0,7,1,3,0,40,23,17,7,0.575,0.425,0.0,0.0,0.175,0.075,0.025,0.075,0.175,1,2.0,go,aws/aws-sdk-go,SetEngine,-2.6295880321858403
1,4,3,0,0,0,0,0,1,1,1,0,0,17,1,7,3,109,72,37,9,0.6605504587155964,0.3394495412844037,0.0,0.0091743119266055,0.1559633027522936,0.0642201834862385,0.0275229357798165,0.0642201834862385,0.0825688073394495,1,4.0,go,juju/juju,PrepareContainerInterfaceInfo,-1.4266634465145618
1,4,8,0,4,0,0,0,4,9,9,4,4,37,5,20,10,226,138,88,11,0.6106194690265486,0.3893805309734513,0.0176991150442477,0.0398230088495575,0.163716814159292,0.0884955752212389,0.0353982300884955,0.0884955752212389,0.0486725663716814,5,4.0,go,uber-go/dosa,parseTTLTag,1.5533345532941827
1,2,1,0,0,0,0,0,1,0,0,1,0,7,1,3,0,43,25,18,7,0.5813953488372093,0.4186046511627907,0.0,0.0,0.1627906976744186,0.0697674418604651,0.0232558139534883,0.0697674418604651,0.1627906976744186,1,2.0,go,aws/aws-sdk-go,SetCreatedTime,-2.568295855118344
1,3,0,0,0,0,0,0,1,1,1,0,0,15,1,1,2,82,56,26,11,0.6829268292682927,0.3170731707317073,0.0,0.0121951219512195,0.1829268292682926,0.0121951219512195,0.0,0.0121951219512195,0.1341463414634146,1,3.0,go,vitessio/vitess,GenerateDeleteSubquery,-1.9968328134893032
1,4,3,0,1,0,0,0,2,1,1,0,1,22,2,8,0,105,64,41,10,0.6095238095238096,0.3904761904761905,0.0095238095238095,0.0095238095238095,0.2095238095238095,0.0761904761904762,0.0285714285714285,0.0761904761904762,0.0952380952380952,2,4.0,go,go-kit/kit,DeleteAddress,-1.1619548229268486
1,2,5,0,0,0,0,0,2,0,0,3,0,24,2,12,0,126,72,54,13,0.5714285714285714,0.4285714285714285,0.0,0.0,0.1904761904761904,0.0952380952380952,0.0396825396825396,0.0952380952380952,0.1031746031746031,1,2.0,go,koding/websocketproxy,NewProxy,-1.1265109727043423
1,2,5,0,2,1,0,1,1,3,3,5,4,24,4,13,8,161,96,65,16,0.5962732919254659,0.4037267080745341,0.0186335403726708,0.0186335403726708,0.1490683229813664,0.0807453416149068,0.031055900621118,0.0807453416149068,0.0993788819875776,4,2.0,go,obieq/goar,processSorts,0.46249642957076964
1,4,3,3,1,0,0,0,2,3,3,2,1,23,2,6,1,123,78,45,12,0.6341463414634146,0.3658536585365853,0.008130081300813,0.024390243902439,0.1869918699186991,0.048780487804878,0.024390243902439,0.048780487804878,0.0975609756097561,2,4.0,go,grafana-tools/sdk,DeleteDatasourceByName,-0.7102156844710265
1,1,6,1,3,0,0,0,1,3,3,4,3,27,4,11,1,138,81,57,12,0.5869565217391305,0.4130434782608695,0.0217391304347826,0.0217391304347826,0.1956521739130435,0.0797101449275362,0.0434782608695652,0.0797101449275362,0.0869565217391304,4,1.0,go,perkeep/perkeep,closePack,-0.08324047289957895
1,1,4,0,1,1,0,1,1,1,1,2,1,23,3,12,0,103,61,42,15,0.5922330097087378,0.4077669902912621,0.0194174757281553,0.0097087378640776,0.2233009708737864,0.116504854368932,0.0388349514563106,0.116504854368932,0.145631067961165,3,1.0,go,hashicorp/terraform,ChangeType,-0.583851545210976
1,3,1,0,0,0,0,0,1,60,60,0,0,168,1,3,3,630,405,225,12,0.6428571428571429,0.3571428571428571,0.0,0.0952380952380952,0.2666666666666666,0.0047619047619047,0.0015873015873015,0.0047619047619047,0.019047619047619,1,3.0,go,nak3/kubernetes-manifest-scanner,NewKubectlCommand,3.7924417643455204
1,1,1,0,1,0,0,0,2,2,2,0,1,10,2,4,0,65,38,27,10,0.5846153846153846,0.4153846153846154,0.0153846153846153,0.0307692307692307,0.1538461538461538,0.0615384615384615,0.0153846153846153,0.0615384615384615,0.1538461538461538,2,1.0,go,flynn/flynn,Start,-1.8655740799148568
1,2,1,0,0,0,0,0,0,2,2,1,0,12,1,2,0,61,36,25,8,0.5901639344262295,0.4098360655737705,0.0,0.0327868852459016,0.1967213114754098,0.0327868852459016,0.0163934426229508,0.0327868852459016,0.1311475409836065,1,2.0,go,hashicorp/nomad,setNode,-2.3099025462180314
1,1,1,0,0,1,0,0,1,2,2,0,0,12,2,4,0,64,38,26,10,0.59375,0.40625,0.015625,0.03125,0.1875,0.0625,0.015625,0.0625,0.15625,2,1.0,go,bradleyjkemp/cupaloy,WithOptions,-1.8732819246324686
1,3,1,0,0,0,0,0,1,1,1,1,0,11,1,2,2,70,46,24,10,0.6571428571428571,0.3428571428571428,0.0,0.0142857142857142,0.1571428571428571,0.0285714285714285,0.0142857142857142,0.0285714285714285,0.1428571428571428,1,3.0,go,softlayer/softlayer-go,GetGlobalIpRecord,-2.0303089258621676
1,4,0,0,1,0,0,0,2,5,5,0,1,18,2,2,2,105,66,39,14,0.6285714285714286,0.3714285714285714,0.0095238095238095,0.0476190476190476,0.1714285714285714,0.019047619047619,0.0,0.019047619047619,0.1333333333333333,2,4.0,go,vitessio/vitess,Resolve,-1.2429275984348032
1,2,3,0,1,1,0,0,1,2,2,2,0,19,3,8,0,95,56,39,14,0.5894736842105263,0.4105263157894737,0.0210526315789473,0.0210526315789473,0.2,0.0842105263157894,0.031578947368421,0.0842105263157894,0.1473684210526315,3,2.0,go,src-d/go-git,RemoveSection,-0.9639539163025763
1,2,1,0,0,0,0,0,1,0,0,1,0,7,1,3,0,40,23,17,7,0.575,0.425,0.0,0.0,0.175,0.075,0.025,0.075,0.175,1,2.0,go,aws/aws-sdk-go,SetPlatformStatus,-2.6295880321858403
1,1,0,0,0,0,0,0,1,1,1,0,0,8,1,1,0,45,27,18,8,0.6,0.4,0.0,0.0222222222222222,0.1777777777777777,0.0222222222222222,0.0,0.0222222222222222,0.1777777777777777,1,1.0,go,coscms/xorm,Distinct,-2.7186328461936826
1,2,1,0,0,0,0,0,1,0,0,1,0,7,1,3,0,40,23,17,7,0.575,0.425,0.0,0.0,0.175,0.075,0.025,0.075,0.175,1,2.0,go,aws/aws-sdk-go,SetWorkflowId,-2.6295880321858403
1,2,3,1,1,0,0,0,1,2,2,2,1,33,3,5,2,141,89,52,11,0.6312056737588653,0.3687943262411347,0.0070921985815602,0.0141843971631205,0.2340425531914893,0.0354609929078014,0.0212765957446808,0.0354609929078014,0.0780141843971631,2,2.0,go,go-openapi/errors,NewParseError,-0.8759731700953814
1,4,0,0,0,0,0,0,2,2,2,0,0,14,2,2,0,78,50,28,15,0.6410256410256411,0.358974358974359,0.0,0.0256410256410256,0.1794871794871795,0.0256410256410256,0.0,0.0256410256410256,0.1923076923076923,1,4.0,go,influxdata/influxdb,DeleteTelegrafConfig,-1.9231198938072516
1,2,1,0,0,0,0,0,1,0,0,1,0,7,1,3,0,40,23,17,7,0.575,0.425,0.0,0.0,0.175,0.075,0.025,0.075,0.175,1,2.0,go,aws/aws-sdk-go,SetRefreshTokenValidity,-2.6295880321858403
1,2,3,0,0,0,0,0,1,1,1,2,0,12,1,7,0,61,35,26,8,0.5737704918032787,0.4262295081967213,0.0,0.0163934426229508,0.1967213114754098,0.1147540983606557,0.0491803278688524,0.1147540983606557,0.1311475409836065,1,2.0,go,dropbox/dropbox-sdk-go-unofficial,NewAddPaperDocUserMemberResult,-1.969636764756164
1,2,0,0,0,0,0,0,1,2,2,0,0,9,1,1,0,56,36,20,10,0.6428571428571429,0.3571428571428571,0.0,0.0357142857142857,0.1607142857142857,0.0178571428571428,0.0,0.0178571428571428,0.1785714285714285,1,2.0,go,tyler-sommer/stick,filterTrim,-2.3986337481712248
1,1,1,0,1,0,0,0,2,1,1,0,0,9,2,4,1,64,41,23,12,0.640625,0.359375,0.015625,0.015625,0.140625,0.0625,0.015625,0.0625,0.1875,2,1.0,go,juju/juju,Validate,-1.8592909040490806
1,2,3,0,3,1,0,0,0,5,5,2,3,32,5,7,0,157,94,63,15,0.5987261146496815,0.4012738853503185,0.0254777070063694,0.0318471337579617,0.2038216560509554,0.0445859872611464,0.019108280254777,0.0445859872611464,0.0955414012738853,5,2.0,go,cilium/cilium,SetDefaultOpts,0.03946474899445412
1,2,6,0,2,0,0,0,3,3,3,2,2,23,3,15,0,146,84,62,12,0.5753424657534246,0.4246575342465753,0.0136986301369863,0.0205479452054794,0.1575342465753424,0.1027397260273972,0.0410958904109589,0.1027397260273972,0.0821917808219178,3,2.0,go,crewjam/go-cloudformation,UnmarshalJSON,-0.22323357819795753
1,1,5,0,5,0,0,0,2,8,8,4,0,38,6,12,0,171,104,67,11,0.6081871345029239,0.391812865497076,0.0292397660818713,0.0467836257309941,0.2222222222222222,0.0701754385964912,0.0292397660818713,0.0701754385964912,0.0643274853801169,6,1.0,go,cloudfoundry/gorouter,HeadersToLog,0.7559946037031501
1,6,5,2,6,0,0,0,6,4,4,0,5,39,7,12,3,234,154,80,15,0.6581196581196581,0.3418803418803419,0.0256410256410256,0.017094017094017,0.1666666666666666,0.0512820512820512,0.0213675213675213,0.0512820512820512,0.0641025641025641,7,6.0,go,google/skylark,getattr,1.743123225148146
1,6,3,0,1,0,0,0,1,3,3,1,1,26,2,7,2,130,87,43,12,0.6692307692307692,0.3307692307692307,0.0076923076923076,0.023076923076923,0.2,0.0538461538461538,0.023076923076923,0.0538461538461538,0.0923076923076923,2,6.0,go,mattbaird/elastigo,GetSource,-0.7174216560463497
1,4,0,0,0,2,0,0,0,1,1,0,2,18,3,2,0,84,55,29,14,0.6547619047619048,0.3452380952380952,0.0238095238095238,0.0119047619047619,0.2142857142857142,0.0238095238095238,0.0,0.0238095238095238,0.1666666666666666,3,4.0,go,skip2/go-qrcode,set2dPattern,-1.299811682338884
1,3,0,0,0,0,0,0,1,1,1,0,0,8,1,1,0,49,32,17,8,0.6530612244897959,0.3469387755102041,0.0,0.0204081632653061,0.1632653061224489,0.0204081632653061,0.0,0.0204081632653061,0.1632653061224489,1,3.0,go,kubernetes/kubernetes,Convert_v1_NodeProxyOptions_To_core_NodeProxyOptions,-2.4446462832526783
1,2,6,0,3,0,0,0,3,5,5,2,2,32,4,15,0,162,95,67,11,0.5864197530864198,0.4135802469135802,0.0185185185185185,0.0308641975308641,0.1975308641975308,0.0925925925925925,0.037037037037037,0.0925925925925925,0.0679012345679012,4,2.0,go,tobischo/gokeepasslib,SetContent,0.23167505584619943
1,2,5,0,3,0,0,1,6,7,7,2,3,39,4,19,5,217,131,86,12,0.6036866359447005,0.3963133640552995,0.0138248847926267,0.032258064516129,0.1797235023041474,0.0875576036866359,0.0230414746543778,0.0875576036866359,0.0552995391705069,4,2.0,go,hyperboloide/pipe,AddStep,1.1386674852763408
1,2,0,0,0,0,0,0,1,1,1,0,0,6,1,1,1,43,27,16,9,0.627906976744186,0.3720930232558139,0.0,0.0232558139534883,0.1395348837209302,0.0232558139534883,0.0,0.0232558139534883,0.2093023255813953,1,2.0,go,andygrunwald/megos,GetURLForStateSummaryFilePid,-2.687928958543632
1,0,2,1,1,1,0,0,2,0,0,1,1,10,3,6,3,63,37,26,12,0.5873015873015873,0.4126984126984127,0.0317460317460317,0.0,0.1587301587301587,0.0952380952380952,0.0317460317460317,0.0952380952380952,0.1904761904761904,3,0.0,go,influx6/haiku-deprecated,allEmpty,-1.4209986571224567
1,2,4,0,2,0,0,0,3,1,1,3,2,24,3,11,0,102,60,42,10,0.5882352941176471,0.4117647058823529,0.0196078431372549,0.0098039215686274,0.2352941176470588,0.1078431372549019,0.0392156862745098,0.1078431372549019,0.0980392156862745,3,2.0,go,m3db/m3x,Add,-0.659857130824952
1,1,2,0,1,0,0,0,1,3,3,1,2,26,2,5,2,118,76,42,10,0.6440677966101694,0.3559322033898305,0.0084745762711864,0.0254237288135593,0.2203389830508474,0.0423728813559322,0.0169491525423728,0.0423728813559322,0.0847457627118644,2,1.0,go,aws/aws-sdk-go,New,-1.1721054314107495
1,2,6,2,2,0,0,0,3,3,3,2,2,24,3,11,0,130,77,53,10,0.5923076923076923,0.4076923076923077,0.0153846153846153,0.023076923076923,0.1846153846153846,0.0846153846153846,0.0461538461538461,0.0846153846153846,0.0769230769230769,3,2.0,go,kubernetes/kops,UnmarshalJSON,-0.2664520361482646
1,2,1,0,0,0,0,0,1,0,0,1,0,7,1,3,0,40,23,17,7,0.575,0.425,0.0,0.0,0.175,0.075,0.025,0.075,0.175,1,2.0,go,aws/aws-sdk-go,SetIfMatch,-2.6295880321858403
1,20,18,1,8,0,0,0,8,27,27,8,5,134,13,42,8,782,489,293,23,0.6253196930946292,0.3746803069053708,0.0102301790281329,0.0345268542199488,0.1713554987212276,0.0537084398976982,0.0230179028132992,0.0537084398976982,0.0294117647058823,9,20.0,go,juju/juju,publicControllerLogin,8.274166326781648
1,5,14,1,10,1,0,0,2,16,16,11,39,93,17,28,20,527,326,201,24,0.618595825426945,0.381404174573055,0.0208728652751423,0.0303605313092979,0.1764705882352941,0.0531309297912713,0.0265654648956356,0.0531309297912713,0.0455407969639468,12,5.0,go,webx-top/com,RandomSpec0,6.8316491553661045
1,2,1,0,0,0,0,0,1,0,0,1,0,7,1,3,0,40,23,17,7,0.575,0.425,0.0,0.0,0.175,0.075,0.025,0.075,0.175,1,2.0,go,aws/aws-sdk-go,SetPageSize,-2.6295880321858403
1,1,1,0,1,0,0,0,2,1,1,0,0,9,2,4,0,60,36,24,9,0.6,0.4,0.0166666666666666,0.0166666666666666,0.15,0.0666666666666666,0.0166666666666666,0.0666666666666666,0.15,2,1.0,go,abbot/go-http-auth,FromContext,-1.9449192237153767
1,1,0,0,0,0,0,0,1,3,3,0,0,11,1,1,0,62,37,25,9,0.5967741935483871,0.4032258064516129,0.0,0.0483870967741935,0.1774193548387097,0.0161290322580645,0.0,0.0161290322580645,0.1451612903225806,1,1.0,go,casbin/casbin,GetAllRoles,-2.377626792812225
1,1,1,0,0,0,0,0,1,4,4,0,0,14,1,3,7,91,61,30,9,0.6703296703296703,0.3296703296703296,0.0,0.0439560439560439,0.1538461538461538,0.0329670329670329,0.0109890109890109,0.0329670329670329,0.0989010989010989,1,1.0,go,kubernetes/kops,applyChannel,-1.6925675567997003
1,4,0,0,0,0,0,0,1,1,1,0,0,9,1,1,0,45,29,16,8,0.6444444444444445,0.3555555555555555,0.0,0.0222222222222222,0.2,0.0222222222222222,0.0,0.0222222222222222,0.1777777777777777,1,4.0,go,containerd/continuity,Readlink,-2.4744587047733337
1,5,7,1,7,1,0,0,7,10,10,2,5,65,9,20,7,326,202,124,16,0.6196319018404908,0.3803680981595092,0.0245398773006134,0.0306748466257668,0.1993865030674846,0.0613496932515337,0.0214723926380368,0.0613496932515337,0.0490797546012269,9,5.0,go,keybase/client,ChangeAccountName,3.303298337569173
1,2,1,0,0,0,0,0,1,0,0,1,0,7,1,3,0,40,23,17,7,0.575,0.425,0.0,0.0,0.175,0.075,0.025,0.075,0.175,1,2.0,go,aws/aws-sdk-go,SetMinIInterval,-2.6295880321858403
1,2,1,0,0,0,0,0,1,0,0,1,0,7,1,3,0,40,23,17,7,0.575,0.425,0.0,0.0,0.175,0.075,0.025,0.075,0.175,1,2.0,go,aws/aws-sdk-go,SetPublishedSchemaArn,-2.6295880321858403
1,4,0,0,0,0,0,0,1,1,1,0,0,5,1,1,0,47,29,18,8,0.6170212765957447,0.3829787234042553,0.0,0.0212765957446808,0.1063829787234042,0.0212765957446808,0.0,0.0212765957446808,0.1702127659574468,1,4.0,go,bxcodec/faker,Email,-2.5267813624378617
1,5,2,0,0,0,0,0,2,7,7,0,0,44,2,6,0,201,129,72,22,0.6417910447761194,0.3582089552238806,0.0,0.0348258706467661,0.2189054726368159,0.0298507462686567,0.0099502487562189,0.0298507462686567,0.1094527363184079,1,5.0,go,vitessio/vitess,StreamExecuteKeyRanges,-0.29042165963006394
1,2,1,0,0,0,0,0,1,0,0,1,0,7,1,3,0,40,23,17,7,0.575,0.425,0.0,0.0,0.175,0.075,0.025,0.075,0.175,1,2.0,go,aws/aws-sdk-go,SetMaxRecords,-2.6295880321858403
1,5,1,0,0,0,0,0,1,4,4,0,0,19,1,3,0,100,62,38,8,0.62,0.38,0.0,0.04,0.19,0.03,0.01,0.03,0.08,1,5.0,go,aws/aws-sdk-go,CreateRepositoryWithContext,-1.621297581583332
1,2,2,0,0,0,0,0,1,2,2,0,0,20,1,5,2,109,68,41,10,0.6238532110091743,0.3761467889908257,0.0,0.018348623853211,0.1834862385321101,0.0458715596330275,0.018348623853211,0.0458715596330275,0.091743119266055,1,2.0,go,nanopack/mist,handleWho,-1.6507782940547404
1,7,2,0,0,0,0,0,1,1,1,1,0,21,1,4,2,134,87,47,10,0.6492537313432836,0.3507462686567164,0.0,0.0074626865671641,0.1567164179104477,0.0298507462686567,0.0149253731343283,0.0298507462686567,0.0746268656716417,1,7.0,go,softlayer/softlayer-go,GetSummaryData,-1.2728934622856845
1,5,4,0,2,0,0,1,4,6,6,0,2,32,3,13,1,181,113,68,13,0.6243093922651933,0.3756906077348066,0.011049723756906,0.0331491712707182,0.1767955801104972,0.0718232044198895,0.0220994475138121,0.0718232044198895,0.0718232044198895,3,5.0,go,thecodeteam/gorackhd,ReadResponse,0.3999708206328873
1,3,3,0,2,0,0,0,3,7,7,0,2,31,3,9,7,163,107,56,14,0.656441717791411,0.3435582822085889,0.0122699386503067,0.0429447852760736,0.1901840490797546,0.0552147239263803,0.0184049079754601,0.0552147239263803,0.0858895705521472,3,3.0,go,keybase/client,GetExecPathFromPID,0.0022096901982883
1,2,1,0,0,0,0,0,1,2,2,1,0,14,1,3,0,82,50,32,13,0.6097560975609756,0.3902439024390244,0.0,0.024390243902439,0.1707317073170731,0.0365853658536585,0.0121951219512195,0.0365853658536585,0.1585365853658536,1,2.0,go,contiv/netplugin,addMaster,-2.0074439595140485
1,4,4,0,1,0,0,0,1,1,1,3,1,19,2,8,2,137,80,57,12,0.583941605839416,0.4160583941605839,0.0072992700729927,0.0072992700729927,0.1386861313868613,0.0583941605839416,0.0291970802919708,0.0583941605839416,0.0875912408759124,2,4.0,go,aws/aws-sdk-go,DeleteVoiceChannelRequest,-0.9331321479594796
1,4,5,0,6,0,0,0,6,8,8,1,7,46,7,16,6,247,153,94,11,0.6194331983805668,0.3805668016194332,0.0242914979757085,0.0323886639676113,0.1862348178137652,0.0647773279352226,0.020242914979757,0.0647773279352226,0.0445344129554655,7,4.0,go,markbates/goth,GetAuthURL,1.8638555398182126
1,4,4,0,1,0,0,0,1,1,1,3,1,19,2,8,2,137,80,57,12,0.583941605839416,0.4160583941605839,0.0072992700729927,0.0072992700729927,0.1386861313868613,0.0583941605839416,0.0291970802919708,0.0583941605839416,0.0875912408759124,2,4.0,go,aws/aws-sdk-go,GetFunctionDefinitionRequest,-0.9331321479594796
1,6,2,0,0,0,0,0,2,2,2,2,0,20,2,6,0,103,65,38,15,0.6310679611650486,0.3689320388349514,0.0,0.0194174757281553,0.1941747572815534,0.058252427184466,0.0194174757281553,0.058252427184466,0.145631067961165,1,6.0,go,juju/juju,ControllerInstances,-1.2505832624692967
1,1,3,0,1,0,0,0,2,4,4,0,9,30,2,8,8,147,95,52,11,0.6462585034013606,0.3537414965986394,0.0068027210884353,0.0272108843537414,0.2040816326530612,0.0544217687074829,0.0204081632653061,0.0544217687074829,0.0748299319727891,2,1.0,go,twpayne/go-geom,Distance,-0.5710800219297807
1,2,1,0,0,0,0,0,1,0,0,1,0,7,1,3,0,38,22,16,7,0.5789473684210527,0.4210526315789473,0.0,0.0,0.1842105263157894,0.0789473684210526,0.0263157894736842,0.0789473684210526,0.1842105263157894,1,2.0,go,olivere/elastic,VersionType,-2.655156289102963
1,4,1,0,0,0,0,0,1,2,2,0,0,14,1,3,0,72,45,27,7,0.625,0.375,0.0,0.0277777777777777,0.1944444444444444,0.0416666666666666,0.0138888888888888,0.0416666666666666,0.0972222222222222,1,4.0,go,nats-io/nats-streaming-server,FirstAndLastSequence,-1.9651394549419712
1,6,2,0,1,1,0,0,1,4,4,0,0,21,4,5,0,137,83,54,18,0.6058394160583942,0.3941605839416058,0.0145985401459854,0.0291970802919708,0.1532846715328467,0.0364963503649635,0.0145985401459854,0.0364963503649635,0.1313868613138686,3,6.0,go,pebbe/zmq4,AddChannelTime,-0.5461472181051578
1,1,24,1,2,2,0,0,1,16,16,20,22,110,6,47,12,427,262,165,16,0.6135831381733021,0.3864168618266979,0.009367681498829,0.0374707259953161,0.2576112412177986,0.1100702576112412,0.0562060889929742,0.1100702576112412,0.0374707259953161,5,1.0,go,cespare/xxhash,Sum64,5.363799198064477
1,2,0,0,0,0,0,0,1,2,2,0,0,7,1,1,0,45,27,18,10,0.6,0.4,0.0,0.0444444444444444,0.1555555555555555,0.0222222222222222,0.0,0.0222222222222222,0.2222222222222222,1,2.0,go,hprose/hprose-golang,IDList,-2.6873866843260075
1,1,19,0,8,0,0,0,1,37,37,17,43,103,17,39,44,596,369,227,36,0.6191275167785235,0.3808724832214765,0.0134228187919463,0.0620805369127516,0.1728187919463087,0.0654362416107382,0.0318791946308724,0.0654362416107382,0.0604026845637583,9,1.0,go,uluyol/hdrhist,encodeZigZag,8.720825538111722
1,4,4,0,1,0,0,0,1,2,2,3,1,28,2,8,2,164,98,66,12,0.5975609756097561,0.4024390243902439,0.0060975609756097,0.0121951219512195,0.1707317073170731,0.048780487804878,0.024390243902439,0.048780487804878,0.073170731707317,2,4.0,go,aws/aws-sdk-go,UntagProjectRequest,-0.6906083382207736
1,5,1,0,0,0,0,0,1,4,4,0,0,19,1,3,0,100,62,38,8,0.62,0.38,0.0,0.04,0.19,0.03,0.01,0.03,0.08,1,5.0,go,aws/aws-sdk-go,ListCompatibleImagesWithContext,-1.621297581583332
1,6,1,0,1,0,0,0,2,2,2,0,1,25,2,4,0,139,93,46,11,0.6690647482014388,0.3309352517985611,0.0071942446043165,0.014388489208633,0.1798561151079136,0.0287769784172661,0.0071942446043165,0.0287769784172661,0.079136690647482,2,6.0,go,kubernetes/kops,Patch,-0.9436401560344837
1,4,4,0,1,0,0,0,1,2,2,3,1,28,2,8,2,164,98,66,12,0.5975609756097561,0.4024390243902439,0.0060975609756097,0.0121951219512195,0.1707317073170731,0.048780487804878,0.024390243902439,0.048780487804878,0.073170731707317,2,4.0,go,aws/aws-sdk-go,SetTagsForResourceRequest,-0.6906083382207736
1,2,1,0,0,0,0,0,1,0,0,1,0,7,1,3,0,40,23,17,7,0.575,0.425,0.0,0.0,0.175,0.075,0.025,0.075,0.175,1,2.0,go,aws/aws-sdk-go,SetFeedbackURL,-2.6295880321858403
1,5,5,1,1,0,0,0,1,4,4,2,0,23,3,9,2,135,84,51,12,0.6222222222222222,0.3777777777777777,0.0074074074074074,0.0296296296296296,0.1703703703703703,0.0666666666666666,0.037037037037037,0.0666666666666666,0.0888888888888888,2,5.0,go,control-center/serviced,MigrateServices,-0.5120512609229741
1,2,1,0,0,0,0,0,1,0,0,1,0,7,1,3,0,40,23,17,7,0.575,0.425,0.0,0.0,0.175,0.075,0.025,0.075,0.175,1,2.0,go,aws/aws-sdk-go,SetSize,-2.6295880321858403
1,4,4,1,2,0,0,0,4,3,3,1,2,20,4,10,0,141,83,58,16,0.5886524822695035,0.4113475177304964,0.0141843971631205,0.0212765957446808,0.1418439716312056,0.0709219858156028,0.0283687943262411,0.0709219858156028,0.1134751773049645,3,4.0,go,lightningnetwork/lnd,GetLookoutTip,-0.2007771382956124
1,2,6,0,7,1,0,0,4,26,26,0,6,95,10,17,19,490,313,177,16,0.6387755102040816,0.3612244897959183,0.0163265306122449,0.0530612244897959,0.1938775510204081,0.0346938775510204,0.0122448979591836,0.0346938775510204,0.0326530612244898,9,2.0,go,control-center/serviced,Release,4.323721263149447
1,6,25,0,18,0,0,0,12,46,46,10,20,243,20,62,15,1150,744,406,18,0.6469565217391304,0.3530434782608695,0.0156521739130434,0.04,0.2113043478260869,0.0539130434782608,0.0217391304347826,0.0539130434782608,0.0156521739130434,19,6.0,go,kubernetes/kubernetes,RunPodSandbox,13.413221050182976
1,4,1,0,1,0,0,0,2,2,2,0,0,17,3,4,1,99,63,36,14,0.6363636363636364,0.3636363636363636,0.0101010101010101,0.0202020202020202,0.1717171717171717,0.0404040404040404,0.0101010101010101,0.0404040404040404,0.1414141414141414,2,4.0,go,googleapis/gnostic,getShelf,-1.299617735333988
1,5,1,0,0,0,0,0,1,4,4,0,0,19,1,3,0,100,62,38,8,0.62,0.38,0.0,0.04,0.19,0.03,0.01,0.03,0.08,1,5.0,go,aws/aws-sdk-go,GetObjectTorrentWithContext,-1.621297581583332
1,3,6,0,1,0,0,0,2,4,4,4,3,29,2,14,2,122,75,47,9,0.6147540983606558,0.3852459016393442,0.0081967213114754,0.0327868852459016,0.2377049180327868,0.1147540983606557,0.0491803278688524,0.1147540983606557,0.0737704918032786,2,3.0,go,kubernetes/minikube,PackTversion,-0.3519379897856362
1,5,2,0,0,0,0,0,1,1,1,1,0,17,1,5,0,97,60,37,9,0.6185567010309279,0.3814432989690721,0.0,0.0103092783505154,0.1752577319587628,0.0515463917525773,0.0206185567010309,0.0515463917525773,0.0927835051546391,1,5.0,go,luci/luci-go,Get,-1.6509096486576602
1,4,3,0,2,0,0,0,3,2,2,0,2,26,3,9,4,170,106,64,12,0.6235294117647059,0.3764705882352941,0.0117647058823529,0.0117647058823529,0.1529411764705882,0.0529411764705882,0.0176470588235294,0.0529411764705882,0.0705882352941176,3,4.0,go,oz/osdb,GetIMDBMovieDetails,-0.34862324662033983
1,5,0,0,1,0,0,0,2,4,4,0,1,15,2,2,1,89,55,34,13,0.6179775280898876,0.3820224719101123,0.0112359550561797,0.0449438202247191,0.1685393258426966,0.0224719101123595,0.0,0.0224719101123595,0.146067415730337,2,5.0,go,gohugoio/hugo,pageToPermalinkSlugElseTitle,-1.4178216038341958
1,3,1,0,0,0,0,0,1,7,7,1,0,30,1,3,1,137,82,55,9,0.5985401459854015,0.4014598540145985,0.0,0.0510948905109489,0.218978102189781,0.0218978102189781,0.0072992700729927,0.0218978102189781,0.0656934306569343,1,3.0,go,containerd/console,Shutdown,-1.2967609542748535
1,2,1,0,0,0,0,0,1,0,0,1,0,7,1,3,0,43,25,18,7,0.5813953488372093,0.4186046511627907,0.0,0.0,0.1627906976744186,0.0697674418604651,0.0232558139534883,0.0697674418604651,0.1627906976744186,1,2.0,go,aws/aws-sdk-go,SetPartitionSerialList,-2.568295855118344
1,2,1,0,0,0,0,0,1,0,0,1,0,7,1,3,0,43,25,18,7,0.5813953488372093,0.4186046511627907,0.0,0.0,0.1627906976744186,0.0697674418604651,0.0232558139534883,0.0697674418604651,0.1627906976744186,1,2.0,go,aws/aws-sdk-go,SetOnPremisesInstanceTagFilters,-2.568295855118344
1,2,5,0,1,1,0,0,1,3,3,4,1,32,3,11,0,162,97,65,17,0.5987654320987654,0.4012345679012346,0.0123456790123456,0.0185185185185185,0.1975308641975308,0.0679012345679012,0.0308641975308641,0.0679012345679012,0.1049382716049382,3,2.0,go,kubernetes/kubernetes,DeepCopyInto,-0.1638270027645407
1,2,0,0,0,0,0,0,1,1,1,0,0,7,1,1,0,39,24,15,8,0.6153846153846154,0.3846153846153846,0.0,0.0256410256410256,0.1794871794871795,0.0256410256410256,0.0,0.0256410256410256,0.2051282051282051,1,2.0,go,docker/libnetwork,DeleteTree,-2.756590785920497
1,1,0,0,0,0,0,0,1,0,0,0,0,12,1,1,1,94,56,38,16,0.5957446808510638,0.4042553191489361,0.0,0.0,0.1276595744680851,0.0106382978723404,0.0,0.0106382978723404,0.1702127659574468,1,1.0,go,hashicorp/vault,pathFetchListCerts,-2.256034779318311
1,2,6,0,2,0,0,0,3,3,3,2,2,23,3,15,0,146,84,62,12,0.5753424657534246,0.4246575342465753,0.0136986301369863,0.0205479452054794,0.1575342465753424,0.1027397260273972,0.0410958904109589,0.1027397260273972,0.0821917808219178,3,2.0,go,crewjam/go-cloudformation,UnmarshalJSON,-0.22323357819795753
1,3,4,0,0,0,0,0,1,1,1,3,0,15,1,9,2,102,62,40,10,0.6078431372549019,0.392156862745098,0.0,0.0098039215686274,0.1470588235294117,0.088235294117647,0.0392156862745098,0.088235294117647,0.0980392156862745,1,3.0,go,xanzy/go-cloudstack,NewDeleteTagsParams,-1.3928817839251149
1,9,5,0,2,0,0,0,4,10,10,0,2,48,4,14,4,291,185,106,19,0.6357388316151202,0.3642611683848797,0.0068728522336769,0.0343642611683848,0.1649484536082474,0.0481099656357388,0.0171821305841924,0.0481099656357388,0.0652920962199312,3,9.0,go,cilium/cilium,OpenMapWithName,1.3753364170097007
1,3,6,0,1,1,0,0,1,9,9,3,1,62,3,14,3,294,182,112,18,0.6190476190476191,0.3809523809523809,0.0068027210884353,0.0306122448979591,0.2108843537414966,0.0476190476190476,0.0204081632653061,0.0476190476190476,0.0612244897959183,3,3.0,go,luci/luci-go,Validate,1.0183006178118708
1,3,1,0,0,0,0,0,1,1,1,1,0,11,1,2,2,67,44,23,10,0.6567164179104478,0.3432835820895522,0.0,0.0149253731343283,0.1641791044776119,0.0298507462686567,0.0149253731343283,0.0298507462686567,0.1492537313432835,1,3.0,go,softlayer/softlayer-go,GetEuSupportedFlag,-2.060775141241016
1,3,2,1,0,0,0,0,1,2,2,1,0,14,1,4,1,67,42,25,8,0.6268656716417911,0.373134328358209,0.0,0.0298507462686567,0.208955223880597,0.0597014925373134,0.0298507462686567,0.0597014925373134,0.1194029850746268,1,3.0,go,xo/xo,PgNotify,-1.8416568129454889
1,4,0,0,0,0,0,0,1,1,1,0,0,6,1,1,0,52,31,21,8,0.5961538461538461,0.4038461538461538,0.0,0.0192307692307692,0.1153846153846153,0.0192307692307692,0.0,0.0192307692307692,0.1538461538461538,1,4.0,go,cjgdev/goryman,SendMaybeRecv,-2.4955007645824585
1,2,1,0,0,0,0,0,1,0,0,1,0,7,1,3,0,40,23,17,7,0.575,0.425,0.0,0.0,0.175,0.075,0.025,0.075,0.175,1,2.0,go,aws/aws-sdk-go,SetGranteeType,-2.6295880321858403
1,2,12,1,6,1,0,1,6,24,24,4,6,121,8,31,6,531,337,194,15,0.6346516007532956,0.3653483992467043,0.0131826741996233,0.0451977401129943,0.2278719397363465,0.0583804143126177,0.0225988700564971,0.0583804143126177,0.0282485875706214,8,2.0,go,vitessio/vitess,init,5.2345975203320565
1,3,1,0,2,0,0,1,2,14,14,0,2,46,3,4,3,233,144,89,17,0.6180257510729614,0.3819742489270386,0.0085836909871244,0.0600858369098712,0.1974248927038626,0.0171673819742489,0.0042918454935622,0.0171673819742489,0.0729613733905579,3,3.0,go,ory/fosite,WriteRevocationResponse,0.5365303490008544
1,2,1,0,0,0,0,0,1,0,0,1,0,7,1,3,0,40,23,17,7,0.575,0.425,0.0,0.0,0.175,0.075,0.025,0.075,0.175,1,2.0,go,aws/aws-sdk-go,SetEnableECSManagedTags,-2.6295880321858403
1,3,3,0,3,0,0,0,4,6,6,0,3,31,4,10,4,176,113,63,10,0.6420454545454546,0.3579545454545454,0.0170454545454545,0.034090909090909,0.1761363636363636,0.0568181818181818,0.0170454545454545,0.0568181818181818,0.0568181818181818,4,3.0,go,gravitational/teleport,RoundtripWithConn,0.21481076377574335
1,6,6,0,8,0,0,0,8,11,11,0,7,73,9,20,12,417,262,155,15,0.6282973621103117,0.3717026378896882,0.0191846522781774,0.026378896882494,0.1750599520383693,0.0479616306954436,0.014388489208633,0.0479616306954436,0.0359712230215827,9,6.0,go,hashicorp/vault,responseWrappingUnwrap,3.6187117798569837
1,4,6,1,8,1,0,0,6,7,7,3,9,56,10,16,6,290,181,109,17,0.6241379310344828,0.3758620689655172,0.0310344827586206,0.0241379310344827,0.193103448275862,0.0551724137931034,0.0206896551724137,0.0551724137931034,0.0586206896551724,10,4.0,go,tendermint/tendermint,Read,3.111621847995857
1,6,7,3,3,0,0,0,3,3,3,1,3,33,4,11,2,202,130,72,11,0.6435643564356436,0.3564356435643564,0.0148514851485148,0.0148514851485148,0.1633663366336633,0.0544554455445544,0.0346534653465346,0.0544554455445544,0.0544554455445544,4,6.0,go,mattn/go-oci8,ociHandleAlloc,0.6533131303316001
1,1,1,0,1,0,0,0,1,1,1,0,1,9,2,3,0,65,36,29,14,0.5538461538461539,0.4461538461538462,0.0153846153846153,0.0153846153846153,0.1384615384615384,0.0461538461538461,0.0153846153846153,0.0461538461538461,0.2153846153846154,2,1.0,go,revel/revel,NewRequest,-2.165006316356878
1,2,1,0,0,0,0,0,1,0,0,1,0,7,1,3,0,40,23,17,7,0.575,0.425,0.0,0.0,0.175,0.075,0.025,0.075,0.175,1,2.0,go,olivere/elastic,IgnoreUnavailable,-2.6295880321858403
1,6,9,2,3,0,0,0,1,8,8,4,1,35,6,15,5,250,152,98,15,0.608,0.392,0.012,0.032,0.14,0.06,0.036,0.06,0.06,4,6.0,go,containous/traefik,AllTasks,1.302568188126057
1,1,1,0,0,0,0,0,1,1,1,0,0,7,1,3,0,48,29,19,8,0.6041666666666666,0.3958333333333333,0.0,0.0208333333333333,0.1458333333333333,0.0625,0.0208333333333333,0.0625,0.1666666666666666,1,1.0,go,Workiva/go-datastructures,entry,-2.502403953134524
1,5,8,0,3,0,0,0,3,7,7,3,3,46,5,19,6,252,155,97,12,0.6150793650793651,0.3849206349206349,0.0119047619047619,0.0277777777777777,0.1825396825396825,0.0753968253968253,0.0317460317460317,0.0753968253968253,0.0476190476190476,4,5.0,go,topfreegames/pitaya,NewStatsdReporter,1.2733941706344598
1,5,0,0,0,0,0,0,1,2,2,0,1,23,1,1,5,185,111,74,18,0.6,0.4,0.0,0.0108108108108108,0.1243243243243243,0.0054054054054054,0.0,0.0054054054054054,0.0972972972972973,1,5.0,go,evalphobia/logrus_sentry,NewWithClientSentryHook,-1.1889557311548504
1,2,1,0,0,0,0,0,1,2,2,0,0,10,1,3,0,53,31,22,9,0.5849056603773585,0.4150943396226415,0.0,0.0377358490566037,0.1886792452830188,0.0566037735849056,0.0188679245283018,0.0566037735849056,0.1698113207547169,1,2.0,go,cilium/cilium,DeleteKey,-2.380570828737876
1,2,6,0,3,1,0,0,4,7,7,2,5,40,5,17,6,222,132,90,12,0.5945945945945946,0.4054054054054054,0.018018018018018,0.0315315315315315,0.1801801801801801,0.0765765765765765,0.027027027027027,0.0765765765765765,0.054054054054054,5,2.0,go,glycerine/zygomys,GenerateNewScope,1.1366851054742495
1,3,2,0,0,1,0,1,0,4,4,2,0,23,2,6,2,127,83,44,17,0.6535433070866141,0.3464566929133858,0.0078740157480314,0.0314960629921259,0.1811023622047244,0.0472440944881889,0.0157480314960629,0.0472440944881889,0.1338582677165354,2,3.0,go,pilosa/pilosa,AppendWithPrefix,-0.6781226427829143
1,1,10,5,1,1,0,0,1,11,11,8,13,63,3,23,18,340,216,124,13,0.6352941176470588,0.3647058823529411,0.0058823529411764,0.0323529411764705,0.1852941176470588,0.0676470588235294,0.0294117647058823,0.0676470588235294,0.038235294117647,3,1.0,go,scgolang/sc,Inputs,2.34511355514585
1,2,1,0,0,0,0,0,1,0,0,1,0,7,1,3,0,40,23,17,7,0.575,0.425,0.0,0.0,0.175,0.075,0.025,0.075,0.175,1,2.0,go,aws/aws-sdk-go,SetResourceMetadata,-2.6295880321858403
1,2,1,0,0,0,0,0,1,0,0,1,0,7,1,3,0,43,25,18,7,0.5813953488372093,0.4186046511627907,0.0,0.0,0.1627906976744186,0.0697674418604651,0.0232558139534883,0.0697674418604651,0.1627906976744186,1,2.0,go,aws/aws-sdk-go,SetExpiresAt,-2.568295855118344
1,2,1,0,0,0,0,0,1,0,0,1,0,7,1,3,0,40,23,17,7,0.575,0.425,0.0,0.0,0.175,0.075,0.025,0.075,0.175,1,2.0,go,aws/aws-sdk-go,SetNextToken,-2.6295880321858403
1,2,1,0,1,0,0,0,0,2,2,0,1,12,2,2,0,58,34,24,12,0.5862068965517241,0.4137931034482758,0.0172413793103448,0.0344827586206896,0.2068965517241379,0.0344827586206896,0.0172413793103448,0.0344827586206896,0.2068965517241379,2,2.0,go,trivago/gollum,AddWildcardProducersToRouter,-2.1162165807297137
1,4,3,0,2,0,0,1,4,4,4,1,2,33,3,12,4,171,107,64,12,0.6257309941520468,0.3742690058479532,0.0116959064327485,0.023391812865497,0.1929824561403508,0.0701754385964912,0.0175438596491228,0.0701754385964912,0.0701754385964912,3,4.0,go,ipfs/go-cid,Sum,0.19976688020489144
1,2,6,1,1,1,0,0,1,3,3,4,2,27,3,10,1,175,101,74,19,0.5771428571428572,0.4228571428571429,0.0114285714285714,0.0171428571428571,0.1542857142857142,0.0571428571428571,0.0342857142857142,0.0571428571428571,0.1085714285714285,3,2.0,go,juju/juju,loop,-0.03071683901201096
1,5,3,0,4,0,0,0,5,14,14,0,7,75,5,11,19,487,314,173,16,0.6447638603696099,0.3552361396303901,0.0082135523613963,0.028747433264887,0.1540041067761807,0.0225872689938398,0.0061601642710472,0.0225872689938398,0.0328542094455852,5,5.0,go,fabric8-services/fabric8-auth,UserProfilePayload,2.661861081186608
1,6,2,0,5,0,0,0,4,18,18,0,4,80,6,8,4,372,238,134,14,0.6397849462365591,0.3602150537634409,0.0134408602150537,0.0483870967741935,0.2150537634408602,0.021505376344086,0.0053763440860215,0.021505376344086,0.0376344086021505,6,6.0,go,coredns/coredns,ServeDNS,2.2710682395762904
1,1,8,0,4,0,0,0,3,16,16,2,6,67,5,19,20,369,238,131,11,0.6449864498644986,0.3550135501355013,0.010840108401084,0.043360433604336,0.1815718157181571,0.051490514905149,0.021680216802168,0.051490514905149,0.029810298102981,5,1.0,go,deis/deis,Run,2.356867660074619
1,5,9,0,1,0,0,0,1,7,7,7,5,47,5,19,10,264,155,109,22,0.5871212121212122,0.4128787878787879,0.0037878787878787,0.0265151515151515,0.178030303030303,0.0719696969696969,0.034090909090909,0.0719696969696969,0.0833333333333333,2,5.0,go,rpaloschi/dxf-go,NewLayer,1.33400796300648
1,2,1,0,0,0,0,0,1,0,0,1,0,7,1,3,0,43,25,18,7,0.5813953488372093,0.4186046511627907,0.0,0.0,0.1627906976744186,0.0697674418604651,0.0232558139534883,0.0697674418604651,0.1627906976744186,1,2.0,go,aws/aws-sdk-go,SetRoomSkillParameters,-2.568295855118344
1,5,4,1,3,0,0,0,4,3,3,0,3,31,4,10,2,180,118,62,9,0.6555555555555556,0.3444444444444444,0.0166666666666666,0.0166666666666666,0.1722222222222222,0.0555555555555555,0.0222222222222222,0.0555555555555555,0.05,4,5.0,go,sarahhodne/go-librato,List,0.25687350387015606
1,1,0,0,0,0,0,0,0,3,3,0,0,12,1,0,1,62,38,24,8,0.6129032258064516,0.3870967741935484,0.0,0.0483870967741935,0.1935483870967742,0.0,0.0,0.0,0.1290322580645161,1,1.0,go,cloudfoundry/cli,DisplayNewline,-2.409538768134605
1,3,15,0,2,1,0,0,3,14,14,8,6,78,4,33,9,366,229,137,14,0.6256830601092896,0.3743169398907104,0.0081967213114754,0.0382513661202185,0.2131147540983606,0.0901639344262295,0.040983606557377,0.0901639344262295,0.0382513661202185,4,3.0,go,balzaczyy/golucene,NewForUtilFrom,3.1127635775580034
1,4,4,0,2,0,0,0,3,4,4,1,3,28,3,8,4,148,96,52,11,0.6486486486486487,0.3513513513513513,0.0135135135135135,0.027027027027027,0.1891891891891892,0.054054054054054,0.027027027027027,0.054054054054054,0.0743243243243243,3,4.0,go,terra-farm/go-xen-api-client,GetAllRecords,-0.18182464460437336
1,5,2,0,0,0,0,0,0,2,2,1,0,32,1,4,0,132,81,51,12,0.6136363636363636,0.3863636363636363,0.0,0.0151515151515151,0.2424242424242424,0.0303030303030303,0.0151515151515151,0.0303030303030303,0.0909090909090909,1,5.0,go,opencontainers/runtime-tools,AddLinuxResourcesDevice,-1.404561231367746
1,2,1,0,0,0,0,0,1,0,0,1,0,7,1,3,0,40,23,17,7,0.575,0.425,0.0,0.0,0.175,0.075,0.025,0.075,0.175,1,2.0,go,aws/aws-sdk-go,SetName,-2.6295880321858403
1,2,6,0,13,2,0,1,24,54,54,0,22,168,16,47,17,920,559,361,17,0.6076086956521739,0.3923913043478261,0.0163043478260869,0.058695652173913,0.1826086956521739,0.0510869565217391,0.0065217391304347,0.0510869565217391,0.0184782608695652,16,2.0,go,golang/protobuf,equalAny,11.450911517629779
1,1,2,0,0,1,0,0,1,1,1,1,0,11,2,6,0,69,44,25,10,0.6376811594202898,0.3623188405797101,0.0144927536231884,0.0144927536231884,0.1594202898550724,0.0869565217391304,0.0289855072463768,0.0869565217391304,0.144927536231884,2,1.0,go,influxdata/telegraf,copyTags,-1.621555874100572
1,3,3,0,1,1,0,0,2,1,1,1,0,16,3,9,0,131,82,49,16,0.6259541984732825,0.3740458015267175,0.015267175572519,0.0076335877862595,0.1221374045801526,0.0687022900763358,0.0229007633587786,0.0687022900763358,0.1221374045801526,3,3.0,go,Jeffail/gabs,ChildrenMap,-0.6529092673760428
1,6,37,4,27,4,0,0,19,51,51,9,30,275,35,89,42,1613,1041,572,47,0.6453812771233726,0.3546187228766274,0.0192188468691878,0.0316181029138251,0.1704897706137631,0.055176689398636,0.022938623682579,0.055176689398636,0.0291382517048977,32,6.0,go,fabric8-services/fabric8-wit,WriteNames,21.577479172376083
1,4,3,0,2,1,0,0,3,4,4,3,7,26,4,7,3,142,87,55,15,0.6126760563380281,0.3873239436619718,0.0211267605633802,0.028169014084507,0.1830985915492957,0.0492957746478873,0.0211267605633802,0.0492957746478873,0.1056338028169014,4,4.0,go,mikkyang/id3-go,ByteInt,0.15255386882687114
1,4,1,0,0,0,0,0,1,2,2,0,0,11,1,3,0,63,38,25,8,0.6031746031746031,0.3968253968253968,0.0,0.0317460317460317,0.1746031746031746,0.0476190476190476,0.0158730158730158,0.0476190476190476,0.1269841269841269,1,4.0,go,aws/aws-sdk-go,GetSearchSuggestions,-2.114135263379266
1,2,1,0,0,0,0,0,1,0,0,1,0,7,1,3,0,40,23,17,7,0.575,0.425,0.0,0.0,0.175,0.075,0.025,0.075,0.175,1,2.0,go,aws/aws-sdk-go,SetContentHandling,-2.6295880321858403
1,2,5,0,2,0,0,0,3,8,8,1,2,41,3,13,4,210,128,82,14,0.6095238095238096,0.3904761904761905,0.0095238095238095,0.0380952380952381,0.1952380952380952,0.0619047619047619,0.0238095238095238,0.0619047619047619,0.0666666666666666,3,2.0,go,matiaskorhonen/ftp2s3,Bytes,0.35305214037686655
1,1,6,1,3,1,0,0,1,1,1,3,2,43,5,12,1,205,126,79,13,0.6146341463414634,0.3853658536585366,0.0195121951219512,0.0048780487804878,0.2097560975609756,0.0585365853658536,0.0292682926829268,0.0585365853658536,0.0634146341463414,5,1.0,go,yarpc/yarpc-go,New,0.44884762460217875
1,3,4,0,0,1,0,0,1,2,2,1,0,25,2,10,2,133,85,48,11,0.6390977443609023,0.3609022556390977,0.0075187969924812,0.0150375939849624,0.18796992481203,0.075187969924812,0.0300751879699248,0.075187969924812,0.0827067669172932,2,3.0,go,urandom/readeef,Read,-0.7947370338702384
1,3,4,1,5,1,0,0,4,5,5,1,4,35,7,11,3,228,144,84,18,0.631578947368421,0.3684210526315789,0.0263157894736842,0.0219298245614035,0.1535087719298245,0.0482456140350877,0.0175438596491228,0.0482456140350877,0.0789473684210526,7,3.0,go,hashicorp/terraform,Open,1.44564796587543
1,3,3,0,0,0,0,0,1,4,4,1,0,20,1,7,1,113,71,42,14,0.6283185840707964,0.3716814159292035,0.0,0.0353982300884955,0.1769911504424778,0.0619469026548672,0.0265486725663716,0.0619469026548672,0.1238938053097345,1,3.0,go,kubernetes/kubernetes,Validate,-1.2821610279522924
1,4,2,0,2,0,0,0,3,3,3,0,2,21,3,7,2,110,69,41,9,0.6272727272727273,0.3727272727272727,0.0181818181818181,0.0272727272727272,0.1909090909090909,0.0636363636363636,0.0181818181818181,0.0636363636363636,0.0818181818181818,3,4.0,go,sajari/word2vec,Cos,-0.7128573503810952
1,1,0,0,0,0,0,0,1,0,0,0,0,9,1,1,0,47,27,20,11,0.574468085106383,0.425531914893617,0.0,0.0,0.1914893617021276,0.0212765957446808,0.0,0.0212765957446808,0.2340425531914893,1,1.0,go,andybons/hipchat,NewClient,-2.9165401968139686
1,2,3,0,3,1,0,0,1,7,7,0,2,31,5,7,2,173,110,63,16,0.6358381502890174,0.3641618497109826,0.0231213872832369,0.0404624277456647,0.1791907514450867,0.0404624277456647,0.0173410404624277,0.0404624277456647,0.0924855491329479,5,2.0,go,control-center/serviced,PostProcess,0.2782270530914948
1,3,5,0,3,0,0,0,3,7,7,3,3,47,4,13,2,202,128,74,17,0.6336633663366337,0.3663366336633663,0.0148514851485148,0.0346534653465346,0.2326732673267326,0.0643564356435643,0.0247524752475247,0.0643564356435643,0.0841584158415841,4,3.0,go,kubernetes/gengo,Do,0.78506515271831
1,1,2,0,1,0,0,0,3,1,1,1,1,13,3,7,0,82,48,34,14,0.5853658536585366,0.4146341463414634,0.0121951219512195,0.0121951219512195,0.1585365853658536,0.0853658536585365,0.024390243902439,0.0853658536585365,0.1707317073170731,2,1.0,go,hyperledger/fabric-sdk-go,WithIdentityConfig,-1.475357651405452
1,2,1,0,0,0,0,0,1,0,0,1,0,7,1,3,0,43,25,18,7,0.5813953488372093,0.4186046511627907,0.0,0.0,0.1627906976744186,0.0697674418604651,0.0232558139534883,0.0697674418604651,0.1627906976744186,1,2.0,go,aws/aws-sdk-go,SetShardLevelMetrics,-2.568295855118344
1,1,9,1,1,2,0,0,1,11,11,4,3,49,5,18,2,222,134,88,14,0.6036036036036037,0.3963963963963964,0.0135135135135135,0.0495495495495495,0.2207207207207207,0.081081081081081,0.0405405405405405,0.081081081081081,0.063063063063063,4,1.0,go,icrowley/fake,CreditCardNum,1.293478845107867
1,3,1,0,1,0,0,1,4,4,4,0,1,22,2,9,2,124,76,48,12,0.6129032258064516,0.3870967741935484,0.0080645161290322,0.032258064516129,0.1774193548387097,0.0725806451612903,0.0080645161290322,0.0725806451612903,0.0967741935483871,2,3.0,go,vitessio/vitess,ToFloat64,-0.6593091778906499
1,2,3,0,1,0,0,0,2,0,0,3,1,16,2,8,0,82,48,34,9,0.5853658536585366,0.4146341463414634,0.0121951219512195,0.0,0.1951219512195122,0.0975609756097561,0.0365853658536585,0.0975609756097561,0.1097560975609756,2,2.0,go,kubernetes/kubernetes,ApplyTo,-1.387015989680499
1,2,0,0,0,0,0,0,1,0,0,0,0,5,1,1,1,60,34,26,12,0.5666666666666667,0.4333333333333333,0.0,0.0,0.0833333333333333,0.0166666666666666,0.0,0.0166666666666666,0.2,1,2.0,go,gopherjs/vecty,CompositionStart,-2.694058085994219
1,2,2,1,1,1,0,0,1,3,3,0,1,16,3,2,0,93,57,36,13,0.6129032258064516,0.3870967741935484,0.021505376344086,0.032258064516129,0.1720430107526881,0.021505376344086,0.021505376344086,0.021505376344086,0.1397849462365591,3,2.0,go,kubernetes/kubernetes,IgnoreReceives,-1.1339792301038816
1,4,1,0,1,0,0,0,2,3,3,0,0,14,2,4,1,104,67,37,12,0.6442307692307693,0.3557692307692308,0.0096153846153846,0.0288461538461538,0.1346153846153846,0.0384615384615384,0.0096153846153846,0.0384615384615384,0.1153846153846153,2,4.0,go,kubernetes/kubernetes,GetAttrs,-1.2704413288757699
1,3,0,0,0,0,0,0,1,2,2,0,0,11,1,1,1,61,41,20,11,0.6721311475409836,0.3278688524590163,0.0,0.0327868852459016,0.180327868852459,0.0163934426229508,0.0,0.0163934426229508,0.180327868852459,1,3.0,go,flynn/flynn,SignalJob,-2.218276374702583
1,0,10,0,2,0,0,0,0,13,13,3,2,61,5,20,14,383,235,148,19,0.6135770234986945,0.3864229765013054,0.0052219321148825,0.0339425587467362,0.1592689295039164,0.052219321148825,0.0261096605744125,0.052219321148825,0.0496083550913838,3,0.0,go,bhoriuchi/go-bunyan,main,1.8283772923646322
1,4,3,1,0,0,0,0,1,1,1,0,0,16,1,5,1,95,58,37,10,0.6105263157894737,0.3894736842105263,0.0,0.0105263157894736,0.1684210526315789,0.0526315789473684,0.031578947368421,0.0526315789473684,0.1052631578947368,1,4.0,go,juju/juju,CharmRelations,-1.6383225545266582
1,3,1,0,0,0,0,0,1,3,3,0,0,14,1,3,0,75,45,30,9,0.6,0.4,0.0,0.04,0.1866666666666666,0.04,0.0133333333333333,0.04,0.12,1,3.0,go,nats-io/nats-streaming-server,FirstMsg,-2.001775993460517
1,3,3,1,1,0,0,0,2,2,2,0,1,15,2,6,1,114,71,43,10,0.6228070175438597,0.3771929824561403,0.0087719298245614,0.0175438596491228,0.131578947368421,0.0526315789473684,0.0263157894736842,0.0526315789473684,0.087719298245614,2,3.0,go,prasmussen/gandi-api,Balance,-1.1181775078622447
1,1,3,1,2,0,0,0,2,3,3,1,2,20,3,6,6,129,82,47,12,0.6356589147286822,0.3643410852713178,0.0155038759689922,0.0232558139534883,0.1550387596899224,0.0465116279069767,0.0232558139534883,0.0465116279069767,0.0930232558139534,3,1.0,go,yarpc/yarpc-go,String,-0.6367312728305731
1,5,2,0,2,0,0,0,5,8,8,0,2,32,5,9,0,244,158,86,19,0.6475409836065574,0.3524590163934426,0.0081967213114754,0.0327868852459016,0.1311475409836065,0.0368852459016393,0.0081967213114754,0.0368852459016393,0.0778688524590164,3,5.0,go,openshift/origin,RegisterConversions,0.6533865535392278
1,1,2,1,1,1,0,0,1,5,5,0,1,19,4,4,2,109,66,43,13,0.6055045871559633,0.3944954128440367,0.018348623853211,0.0458715596330275,0.1743119266055046,0.036697247706422,0.018348623853211,0.036697247706422,0.1192660550458715,3,1.0,go,kubernetes/kops,SanitizeString,-0.8627132100947436
1,1,0,0,0,0,0,0,1,3,3,0,0,13,1,1,0,97,60,37,15,0.6185567010309279,0.3814432989690721,0.0,0.0309278350515463,0.134020618556701,0.0103092783505154,0.0,0.0103092783505154,0.1546391752577319,1,1.0,go,marcusolsson/tui-go,NewGrid,-2.0186260085836936
1,4,4,1,2,1,0,0,3,4,4,1,2,32,4,10,1,192,121,71,14,0.6302083333333334,0.3697916666666667,0.015625,0.0208333333333333,0.1666666666666666,0.0520833333333333,0.0208333333333333,0.0520833333333333,0.0729166666666666,4,4.0,go,hyperledger/fabric,NewConsortiumConfig,0.3559344457547265
1,6,1,0,2,1,0,0,2,4,4,0,5,34,4,5,3,171,114,57,18,0.6666666666666666,0.3333333333333333,0.0175438596491228,0.023391812865497,0.1988304093567251,0.0292397660818713,0.0058479532163742,0.0292397660818713,0.1052631578947368,4,6.0,go,kubernetes/kubernetes,TransformFromStorage,0.16254356860854083
1,1,0,0,1,0,0,0,2,0,0,0,3,7,2,2,1,52,31,21,9,0.5961538461538461,0.4038461538461538,0.0192307692307692,0.0,0.1346153846153846,0.0384615384615384,0.0,0.0384615384615384,0.173076923076923,2,1.0,go,google/go-github,GetTwoFactorRequirementEnabled,-2.189668131730807
1,4,1,0,0,0,0,0,1,2,2,0,0,11,1,3,0,63,38,25,8,0.6031746031746031,0.3968253968253968,0.0,0.0317460317460317,0.1746031746031746,0.0476190476190476,0.0158730158730158,0.0476190476190476,0.1269841269841269,1,4.0,go,aws/aws-sdk-go,DeleteEvaluation,-2.114135263379266
1,0,8,1,2,1,0,0,1,9,9,2,1,56,4,16,1,264,164,100,13,0.6212121212121212,0.3787878787878788,0.0113636363636363,0.034090909090909,0.2121212121212121,0.0606060606060606,0.0303030303030303,0.0606060606060606,0.0492424242424242,4,0.0,go,micro/go-config,NewSource,0.9726349646498521
1,9,6,0,1,0,0,0,2,10,10,3,2,58,2,14,3,256,166,90,12,0.6484375,0.3515625,0.00390625,0.0390625,0.2265625,0.0546875,0.0234375,0.0546875,0.046875,2,9.0,go,apcera/gssapi,AcquireCred,0.8941834485708213
1,1,6,1,4,1,0,0,4,14,14,1,3,55,7,10,4,268,165,103,17,0.6156716417910447,0.3843283582089552,0.0186567164179104,0.0522388059701492,0.2052238805970149,0.0373134328358208,0.0223880597014925,0.0373134328358208,0.0634328358208955,6,1.0,go,zach-klippenstein/goadb,publishDevices,1.8639044506464406
1,2,1,0,0,0,0,0,1,0,0,1,0,7,1,3,0,43,25,18,7,0.5813953488372093,0.4186046511627907,0.0,0.0,0.1627906976744186,0.0697674418604651,0.0232558139534883,0.0697674418604651,0.1627906976744186,1,2.0,go,aws/aws-sdk-go,SetInitiators,-2.568295855118344
1,2,1,0,0,0,0,0,1,0,0,1,0,7,1,3,0,43,25,18,7,0.5813953488372093,0.4186046511627907,0.0,0.0,0.1627906976744186,0.0697674418604651,0.0232558139534883,0.0697674418604651,0.1627906976744186,1,2.0,go,open-policy-agent/opa,WithManager,-2.568295855118344
1,4,1,0,1,1,0,0,2,7,7,0,0,29,3,5,2,164,102,62,16,0.6219512195121951,0.3780487804878049,0.0121951219512195,0.0426829268292682,0.1768292682926829,0.0304878048780487,0.0060975609756097,0.0304878048780487,0.0975609756097561,3,4.0,go,juju/juju,ControllerByAPIEndpoints,-0.3219194903788914
1,6,2,0,2,0,0,0,1,55,55,0,0,191,8,5,31,923,597,326,21,0.6468039003250271,0.3531960996749729,0.0021668472372697,0.0595882990249187,0.2069339111592632,0.0054171180931744,0.0021668472372697,0.0054171180931744,0.0227518959913326,3,6.0,go,decred/dcrdata,NewInsightApiRouter,6.15154141100198
1,1,5,0,0,0,0,0,2,6,6,5,0,24,2,11,1,138,83,55,15,0.6014492753623188,0.3985507246376811,0.0,0.0434782608695652,0.1739130434782608,0.0797101449275362,0.036231884057971,0.0797101449275362,0.108695652173913,1,1.0,go,abcum/fibre,Server,-0.6401204827884401
1,3,3,0,3,0,0,0,4,7,7,1,3,33,4,10,2,177,112,65,11,0.632768361581921,0.3672316384180791,0.0169491525423728,0.03954802259887,0.1864406779661017,0.0564971751412429,0.0169491525423728,0.0564971751412429,0.0621468926553672,4,3.0,go,gravitational/teleport,AsAuthMethod,0.2986347628074854
1,2,1,0,0,0,0,0,1,0,0,1,0,7,1,3,0,40,23,17,7,0.575,0.425,0.0,0.0,0.175,0.075,0.025,0.075,0.175,1,2.0,go,aws/aws-sdk-go,SetDuration,-2.6295880321858403
1,5,0,0,0,0,0,0,0,1,1,0,0,7,1,0,1,50,32,18,8,0.64,0.36,0.0,0.02,0.14,0.0,0.0,0.0,0.16,1,5.0,go,vitessio/vitess,PushFilter,-2.4657728318352614
1,3,7,2,7,0,0,0,4,3,3,4,7,43,8,14,3,247,152,95,16,0.6153846153846154,0.3846153846153846,0.0283400809716599,0.0121457489878542,0.1740890688259109,0.0566801619433198,0.0283400809716599,0.0566801619433198,0.0647773279352226,8,3.0,go,docker/libnetwork,parseInterface,1.9978554559452002
1,2,1,0,0,0,0,0,1,0,0,1,0,7,1,3,0,40,23,17,7,0.575,0.425,0.0,0.0,0.175,0.075,0.025,0.075,0.175,1,2.0,go,aws/aws-sdk-go,SetVersion,-2.6295880321858403
1,4,5,0,4,1,0,0,4,6,6,1,7,44,6,15,9,252,158,94,18,0.626984126984127,0.373015873015873,0.0198412698412698,0.0238095238095238,0.1746031746031746,0.0595238095238095,0.0198412698412698,0.0595238095238095,0.0714285714285714,6,4.0,go,kubernetes/kubernetes,GetStorageAccesskey,1.6665092463406606
1,2,0,0,0,0,0,0,1,1,1,0,2,15,1,1,2,85,52,33,14,0.611764705882353,0.388235294117647,0.0,0.0117647058823529,0.1764705882352941,0.0117647058823529,0.0,0.0117647058823529,0.1647058823529411,1,2.0,go,tylertreat/bench,GetRequester,-2.136896262837293
1,6,1,0,0,0,0,0,1,4,4,0,0,17,2,3,0,108,65,43,13,0.6018518518518519,0.3981481481481481,0.0,0.037037037037037,0.1574074074074074,0.0277777777777777,0.0092592592592592,0.0277777777777777,0.1203703703703703,1,6.0,go,remind101/pkg,Match,-1.5021718309138268
1,2,4,0,0,1,0,0,1,2,2,2,4,26,2,9,5,127,83,44,11,0.6535433070866141,0.3464566929133858,0.0078740157480314,0.0157480314960629,0.2047244094488189,0.0708661417322834,0.0314960629921259,0.0708661417322834,0.0866141732283464,2,2.0,go,tendermint/tendermint,PriorityEvidence,-0.6956503466024453
1,2,1,0,0,0,0,0,1,0,0,1,0,7,1,3,0,40,23,17,7,0.575,0.425,0.0,0.0,0.175,0.075,0.025,0.075,0.175,1,2.0,go,aws/aws-sdk-go,SetStatus,-2.6295880321858403
1,6,9,2,5,0,0,0,5,8,8,2,3,78,7,19,4,399,254,145,16,0.6365914786967418,0.3634085213032581,0.012531328320802,0.0200501253132832,0.1954887218045112,0.0476190476190476,0.0225563909774436,0.0476190476190476,0.0401002506265664,6,6.0,go,hashicorp/nomad,Dispense,2.8117714449746227
1,2,1,0,0,0,0,0,1,7,7,0,0,23,1,3,2,110,70,40,11,0.6363636363636364,0.3636363636363636,0.0,0.0636363636363636,0.209090909090909,0.0272727272727272,0.009090909090909,0.0272727272727272,0.1,1,2.0,go,hyperledger/fabric,PeerCert,-1.4412389273458248
1,2,3,0,2,0,0,0,2,12,12,1,4,46,4,8,6,260,165,95,18,0.6346153846153846,0.3653846153846153,0.0076923076923076,0.0461538461538461,0.1769230769230769,0.0307692307692307,0.0115384615384615,0.0307692307692307,0.0692307692307692,3,2.0,go,keybase/client,CheckForRekeys,0.7080369331439159
1,2,0,0,0,0,0,0,1,0,0,0,0,6,1,1,0,37,23,14,8,0.6216216216216216,0.3783783783783784,0.0,0.0,0.1621621621621621,0.027027027027027,0.0,0.027027027027027,0.2162162162162162,1,2.0,go,go-playground/locales,WeekdayNarrow,-2.8689954111141027
1,8,8,0,2,0,0,0,3,3,3,5,2,41,3,19,11,236,152,84,11,0.6440677966101694,0.3559322033898305,0.0084745762711864,0.0127118644067796,0.173728813559322,0.0805084745762711,0.0338983050847457,0.0805084745762711,0.0466101694915254,3,8.0,go,alexsacr/linode,LinodeDiskCreate,1.016558101154857
1,2,4,0,1,0,0,0,2,4,4,2,1,20,2,8,3,101,61,40,13,0.6039603960396039,0.396039603960396,0.0099009900990099,0.0396039603960396,0.198019801980198,0.0792079207920792,0.0396039603960396,0.0792079207920792,0.1287128712871287,2,2.0,go,NaySoftware/go-fcm,extractTopicName,-0.9283649570592128
1,2,1,0,0,0,0,0,1,0,0,1,0,7,1,3,0,41,24,17,7,0.5853658536585366,0.4146341463414634,0.0,0.0,0.1707317073170731,0.073170731707317,0.024390243902439,0.073170731707317,0.1707317073170731,1,2.0,go,coreos/fleet,Context,-2.589978178408563
1,5,4,0,1,0,0,0,2,7,7,0,1,38,2,10,4,195,123,72,11,0.6307692307692307,0.3692307692307692,0.0051282051282051,0.0358974358974358,0.1948717948717948,0.0512820512820512,0.0205128205128205,0.0512820512820512,0.0564102564102564,2,5.0,go,decker502/dnspod-go,Create,-0.15049453622530848
1,2,1,0,0,0,0,0,1,0,0,1,0,7,1,3,0,45,27,18,7,0.6,0.4,0.0,0.0,0.1555555555555555,0.0666666666666666,0.0222222222222222,0.0666666666666666,0.1555555555555555,1,2.0,go,aws/aws-sdk-go,SetChallengeParameters,-2.4979528309004273
1,2,0,0,0,0,0,0,1,1,1,0,0,7,1,1,0,39,23,16,7,0.5897435897435898,0.4102564102564102,0.0,0.0256410256410256,0.1794871794871795,0.0256410256410256,0.0,0.0256410256410256,0.1794871794871795,1,2.0,go,cilium/cilium,WithBasePath,-2.7623065473706423
1,5,2,0,2,0,0,0,3,2,2,0,2,21,3,7,0,118,75,43,10,0.635593220338983,0.3644067796610169,0.0169491525423728,0.0169491525423728,0.1779661016949152,0.059322033898305,0.0169491525423728,0.059322033898305,0.0847457627118644,3,5.0,go,influxdata/influxdb,FindAuthorizationByToken,-0.6885186702754252
1,3,1,0,0,0,0,0,1,4,4,0,0,16,1,3,1,75,48,27,10,0.64,0.36,0.0,0.0533333333333333,0.2133333333333333,0.04,0.0133333333333333,0.04,0.1333333333333333,1,3.0,go,bmatsuo/lmdb-go,Drop,-1.838769368659826
1,14,7,0,0,0,0,0,3,7,7,7,3,60,4,17,5,328,207,121,14,0.6310975609756098,0.3689024390243902,0.0,0.0213414634146341,0.1829268292682926,0.0518292682926829,0.0213414634146341,0.0518292682926829,0.0426829268292682,1,14.0,go,hprose/hprose-golang,InitBaseService,1.583180777328559
1,1,17,4,11,0,0,0,5,10,10,12,13,100,13,31,18,551,337,214,17,0.6116152450090744,0.3883847549909255,0.0199637023593466,0.0181488203266787,0.1814882032667876,0.0562613430127041,0.0308529945553539,0.0562613430127041,0.0308529945553539,12,1.0,go,influxdata/telegraf,Connect,6.0356802648234185
1,1,0,0,1,0,0,0,2,1,1,0,1,7,2,2,1,53,31,22,10,0.5849056603773585,0.4150943396226415,0.0188679245283018,0.0188679245283018,0.1320754716981132,0.0377358490566037,0.0,0.0377358490566037,0.1886792452830188,2,1.0,go,gopasspw/gopass,URL,-2.2059509039466145
1,2,3,1,1,1,0,0,2,10,10,1,2,37,4,4,0,199,117,82,19,0.5879396984924623,0.4120603015075377,0.0100502512562814,0.050251256281407,0.185929648241206,0.0201005025125628,0.0150753768844221,0.0201005025125628,0.0954773869346733,3,2.0,go,keybase/client,startTicker,0.16522666595115407
1,5,5,0,0,1,0,0,1,3,3,1,0,33,2,12,3,189,121,68,11,0.6402116402116402,0.3597883597883597,0.0052910052910052,0.0158730158730158,0.1746031746031746,0.0634920634920634,0.0264550264550264,0.0634920634920634,0.0582010582010582,2,5.0,go,hashicorp/terraform,ValidateProvisionerConfig,-0.2765842454586992
1,2,13,0,5,0,0,0,1,2,2,7,11,62,6,26,4,235,139,96,11,0.5914893617021276,0.4085106382978723,0.0212765957446808,0.0085106382978723,0.2638297872340425,0.1106382978723404,0.0553191489361702,0.1106382978723404,0.0468085106382978,6,2.0,go,kubernetes-retired/contrib,moveCursorToPos,1.8679108306064869
1,5,1,0,0,0,0,0,1,4,4,0,0,19,1,3,0,100,62,38,8,0.62,0.38,0.0,0.04,0.19,0.03,0.01,0.03,0.08,1,5.0,go,aws/aws-sdk-go,DescribeDBLogFilesWithContext,-1.621297581583332
