language,repository_name,func_name,LOC,Cyclomatic_Complexity
java,molgenis/molgenis,L1Cache.put,10,2
java,belaban/JGroups,RequestTable.size,9,4
java,googleads/googleads-java-lib,DownloadCriteriaReportWithAwql.runExample,43,3
java,Azure/azure-sdk-for-java,NetworkInterfacesInner.updateTagsAsync,3,1
java,Azure/azure-sdk-for-java,BlobContainersInner.extendImmutabilityPolicyWithServiceResponseAsync,34,8
java,teatrove/teatrove,CompiledTemplate.getTemplateClass,15,4
java,alkacon/opencms-core,CmsSearchReplaceThread.searchResources,61,15
java,Devskiller/jfairy,PlNationalIdentificationNumberProvider.calculateSexCode,3,2
java,cdk/cdk,AtomTetrahedralLigandPlacer3D.calculate3DCoordinates3,37,2
java,google/j2objc,RedundentExprEliminator.isParam,27,8
java,b3dgs/lionengine,MouseHeadless.mouseReleased,7,1
java,deeplearning4j/deeplearning4j,BaseSparseNDArrayCOO.getIncludedIndices,41,13
java,alkacon/opencms-core,CmsPublishSelectPanel.getResourcesToRemove,5,1
java,lessthanoptimal/ejml,SimpleBase.transpose,5,1
java,HeidelTime/heideltime,StringUtils.join,22,4
java,OpenLiberty/open-liberty,HttpMessageContextImpl.redirect,10,3
java,jOOQ/jOOR,Reflect.on,4,1
java,OpenLiberty/open-liberty,JsApiHdrsImpl.setReverseRoutingPath,26,14
java,Dempsy/dempsy,MessageProcessor.invokeOutput,13,5
java,eclipse/xtext-extras,InternalXbaseParser.ruleXImportDeclaration,264,64
java,alkacon/opencms-core,CmsRebuildSearchIndexDialog.createDialogHtml,22,5
java,fabric8io/docker-maven-plugin,ImageArchiveUtil.readManifest,34,10
java,OpenLiberty/open-liberty,ServiceProviderFinderFactory.setServiceProviderFinder,4,1
java,h2oai/h2o-3,RequestServer.maybeLogRequest,15,4
java,aws/aws-sdk-java,ObjectMetadata.getContentRange,15,3
java,OpenLiberty/open-liberty,RemoteMessageRequest.getRemoteEngineUuid,9,5
java,threerings/narya,ObjectOutputStream.writeObject,13,4
java,dropbox/dropbox-sdk-java,DropboxBrowse.slurpUtf8Part,22,4
java,OpenLiberty/open-liberty,MethodAttribUtils.getXMLAsynchronousMethods,79,41
java,Samsung/GearVRf,OrientedLayout.setOrientation,8,3
java,asterisk-java/asterisk-java,AgiServerThread.startup,13,3
java,amzn/ion-java,SharedSymbolTable.newSharedSymbolTable,20,5
java,elki-project/elki,NearestNeighborAffinityMatrixBuilder.containsIndex,8,3
java,eclipse/xtext-extras,StandardTypeReferenceOwner.newReferenceTo,8,3
java,jMotif/SAX,EuclideanDistance.distance,3,1
java,headius/invokebinder,Signature.collect,39,10
java,facebookarchive/hadoop-20,FairSchedulerServlet.showAdminFormPreemption,7,4
java,Red5/red5-io,FLVWriter.writeStream,10,2
java,pravega/pravega,TransactionMetrics.createTransaction,5,1
java,stagemonitor/stagemonitor,ConfigurationRegistry.getString,13,5
java,blinkfox/zealot,ZealotKhala.doIsNull,10,3
java,aws/aws-sdk-java,DescribeTrustedAdvisorChecksResult.withChecks,9,3
java,HanSolo/Medusa,Gauge.calcAutoScale,14,1
java,lessthanoptimal/BoofCV,CalibrationDetectorCircleHexagonalGrid.createLayout,15,3
java,zaproxy/zaproxy,AlertParam.parse,6,1
java,google/j2objc,DOM3TreeWalker.initProperties,91,22
java,jOOQ/jOOL,Sneaky.binaryOperator,3,1
java,OpenTSDB/opentsdb,Tree.storeTree,54,12
java,opensourceBIM/BIMserver,Ifc2x3tc1PackageImpl.getIfcElectricHeaterTypeEnum,7,2
java,recommenders/rival,DataModel.getUserItemPreference,7,3
java,eclipse/xtext-extras,JvmTypeConstraintImplCustom.isLikelyAValidConstraintBound,14,6
java,kaichunlin/android-transition,ViewTransitionBuilder.transitViewGroup,13,2
java,opensourceBIM/BIMserver,Ifc2x3tc1PackageImpl.getIfcAxis2Placement2D,7,2
java,VoltDB/voltdb,Constraints.constrainedSet,3,2
java,camunda/camunda-bpm-platform,ProcessEngineConfigurationImpl.initJobExecutor,49,8
java,yan74/afplib,MGORGImpl.eUnset,12,3
java,eclipse/xtext-extras,JvmStringAnnotationValueImpl.getValues,8,2
java,knightliao/disconf,ReloadablePropertiesBase.setProperties,7,1
java,Azure/azure-sdk-for-java,WebSiteManagementClientImpl.listPremierAddOnOffersNextSinglePageAsync,18,3
java,apache/incubator-druid,FixedBucketsHistogram.writeByteBufferCommonFields,13,1
java,op4j/op4j,Op.on,3,1
java,katjahahn/PortEx,PELoader.reloadCOFFFileHeader,20,1
java,google/j2objc,NodeVector.push,22,3
java,jenkinsci/jenkins,ItemListener.fireLocationChange,40,6
java,tvesalainen/util,SimpleWorkflow.join,16,3
java,jnr/jnr-x86asm,TrampolineWriter.writeTrampoline,10,1
java,stephanrauh/AngularFaces,NGBeanAttributeInfo.readJSR303Annotations,38,26
java,rapidoid/rapidoid,Form.add,10,3
java,google/closure-compiler,PolymerPassStaticUtils.extractProperties,36,9
java,TheHortonMachine/hortonmachine,UCSReader.readUCS2,37,8
java,alkacon/opencms-core,CmsElementView.hasPermission,21,5
java,facebookarchive/hadoop-20,ServerView.createContextMenu,15,2
java,MariaDB/mariadb-connector-j,Utils.copyRange,7,2
java,aws/aws-sdk-java,PutBackupVaultNotificationsRequestMarshaller.marshall,12,3
java,alkacon/opencms-core,CmsMessageBundleEditorModel.getKeyItemMap,9,2
java,strator-dev/greenpepper,NameUtils.humanize,19,4
java,alkacon/opencms-core,CmsContainerpageService.isModelPage,9,3
java,jbake-org/jbake,BakeWatcher.start,17,3
java,google/closure-compiler,JSModule.addDependency,5,1
java,finmath/finmath-lib,ModelFactory.getHybridAssetLIBORModel,60,7
java,codeprimate-software/cp-elements,ElementsExceptionsFactory.newServiceInvocationException,3,1
java,avianey/facebook-api-android-maven,Request.executeGraphPathRequestAsync,4,1
java,Bandwidth/java-bandwidth,BandwidthClient.validateCredentials,14,4
java,Impetus/Kundera,ThriftClientFactory.getConnection,27,5
java,lucee/Lucee,Operator.compare,20,8
java,ModeShape/modeshape,OracleDdlParser.parseCreateProcedureStatement,44,5
java,apache/incubator-shardingsphere,ExtractorUtils.getAllDescendantNodes,10,3
java,derari/cthul,Boxing.boxLongs,3,1
java,spring-projects/spring-shell,TableBuilder.addInnerBorder,4,1
java,aws/aws-sdk-java,WarningMarshaller.marshall,11,3
java,gsi-upm/Shanks,ComplexScenario.addScenario,50,15
java,j-a-w-r/jawr-main-repo,JSMin.jsmin,60,27
java,schallee/alib4j,PkgRes.getPackageName,6,2
java,Azure/azure-sdk-for-java,FileServersInner.listByResourceGroupNextAsync,9,1
java,anotheria/moskito,BuiltinErrorCatcher.trimList,8,2
java,atomix/atomix,AbstractBuffer.calculateCapacity,7,2
java,cdk/cdk,CDKToBeam.addExtendedTetrahedralConfiguration,9,2
java,OpenLiberty/open-liberty,MessageProcessor.discardMsgsAfterQueueDeletion,9,3
java,Azure/azure-sdk-for-java,FileGetPropertiesFromTaskOptions.withIfModifiedSince,8,2
java,tango-controls/JTango,PollThread.time_diff,9,1
java,aoindustries/aocode-public,StringUtility.indexOf,9,4
java,real-logic/simple-binary-encoding,JavaUtil.formatPropertyName,16,3
java,jboss/jboss-jstl-api_spec,JstlBaseTLV.validate,48,9
java,spotbugs/spotbugs,UselessSubclassMethod.differentAttributes,18,5
java,ist-dresden/composum,ComponentTag.getReplacedAttributes,9,3
java,petergeneric/stdlib,MediaInfoTrack.getOtherTrackType,12,2
java,phax/ph-bdve,EN16931Validation.initEN16931,110,1
java,bushidowallet/bushido-java-service,V2WalletServiceImpl.getTransactionsKeys,13,3
java,wisdom-framework/wisdom-jcr,RepositoryManagerImpl.getSession,12,3
java,MKLab-ITI/multimedia-indexing,ImageIOGreyScale.getImageWritersByMIMEType,13,3
java,apache/groovy,GroovyMBean.describeAttribute,15,3
java,artikcloud/artikcloud-java,WhitelistingApi.deleteVdid,4,1
java,netscaler/nitro,shutdown.Shutdown,4,1
java,duracloud/snapshot,SnapshotHistory.compare,4,1
java,kmi/iserve,ServiceManagerIndexRdf.listInputs,7,2
java,jbundle/jbundle,ReferenceField.setupIconView,37,15
java,openbaton/openbaton-client,NFVORequestor.getNetworkServiceDescriptorAgent,26,3
java,OpenLiberty/open-liberty,RepositoryReaderImpl.containsLogFiles,47,12
java,Samsung/GearVRf,AiMesh.allocateDataChannel,45,8
java,aws/aws-sdk-java,GetDeviceDefinitionVersionRequestMarshaller.marshall,12,3
java,liferay/com-liferay-commerce,CPAttachmentFileEntryPersistenceImpl.fetchByC_C_T_NotST_Last,15,3
java,michael-rapp/AndroidMaterialDialog,ListDialogDecorator.getCheckedItems,12,4
java,Trilarion/java-vorbis-support,CodeBook.decode,26,7
java,mapbox/mapbox-events-android,LocationEngineResult.create,6,1
java,Azure/azure-sdk-for-java,VaultsInner.listNextAsync,9,1
java,gallandarakhneorg/afc,XMLUtil.readXMLFragment,3,1
java,timewalker74/ffmq,FFMQQueueConnectionFactory.createQueueConnection,20,6
java,morimekta/utils,SubCommandSet.printUsage,3,1
java,OpenLiberty/open-liberty,JmsMsgConsumerImpl.emergencyClose,21,7
java,google/j2objc,Buffer.writableSegment,12,6
java,h2oai/h2o-3,ModelUtils.sampleOOBRows,12,4
java,BranchMetrics/android-branch-deep-linking,BranchLinkData.putStage,6,2
java,exoplatform/jcr,FSDirectoryManager.hasDirectory,10,1
java,yonik/noggit,JSONParser.readEscapedChar,24,13
java,PureSolTechnologies/parsers,PackratMemo.setMemo,13,3
java,google/error-prone-javac,WorkArounds.getLocationForModule,6,2
java,groovy/gmaven,FailClosureTarget.call,25,9
java,JOML-CI/JOML,Vector3i.negate,6,1
java,kite-sdk/kite,HBaseUtils.addColumnsToGet,12,1
java,couchbase/couchbase-lite-java,MutableDocument.setArray,5,1
java,xwiki/xwiki-rendering,QueueListener.beginDefinitionList,5,1
java,Alluxio/alluxio,UfsJournalFile.decodeLogFile,20,5
java,liferay/com-liferay-commerce,CommerceDiscountRelPersistenceImpl.findByCommerceDiscountId,7,1
java,ontop/ontop,OneShotSQLGeneratorEngine.getConditionsSharedVariables,25,6
java,twotoasters/JazzyListView,JazzyRecyclerViewScrollListener.notifyAdditionalOnScrollStateChangedListener,5,2
java,future-architect/uroborosql,AbstractSqlFluent.paramMap,8,3
java,michael-rapp/AndroidPreferenceActivity,PreferenceActivity.removePreferenceFragmentListener,5,1
java,BioPAX/Paxtools,SelfOrThis.generate,7,1
java,DDTH/ddth-redis,JedisRedisClient.setMembersAsBinary,5,2
java,DataSketches/sketches-core,DoubleSummary.fromMemory,4,1
java,facebookarchive/hadoop-20,BlockReaderLocalInlineChecksum.read,145,28
java,jboss/jboss-jsf-api_spec,UIInput.setValidator,26,9
java,kiswanij/jk-util,JKObjectUtil.toXml,13,1
java,peter-lawrey/SAXophone,JsonParser.finish,15,9
java,eclipse/xtext-core,MergeableManifest2.addExportedPackages,14,4
java,aws/aws-sdk-java,AmazonCloudSearchClient.describeSuggesters,5,1
java,JM-Lab/utils-java8,StatsMap.changeIntoStatsMap,5,1
java,BBN-E/bue-common-open,Parameters.getOptionalFileAsStringSet,9,2
java,jboss/jboss-jsf-api_spec,CurrentThreadToServletContext.detectSpecialInitializationCase,10,3
java,jboss-integration/fuse-bxms-integ,PropertiesBuilder.builder,7,2
java,streamsets/datacollector-api,BaseStage.init,11,3
java,BranchMetrics/android-branch-deep-linking,ServerRequestQueue.setInstallOrOpenCallback,13,6
java,ppiastucki/recast4j,PathCorridor.optimizePathTopology,14,4
java,ZenHarbinger/l2fprod-properties-editor,PropertySheetTable.getCellRenderer,24,6
java,facebookarchive/hadoop-20,RaidShell.distRaid,101,22
java,facebookarchive/hadoop-20,JobInitializationPoller.printJobs,7,2
java,ysc/word,Bigram.getScore,10,3
java,sd4324530/fastweixin,WeixinControllerSupport.process,11,2
java,fhoeben/hsac-fitnesse-fixtures,HtmlFixture.html,4,1
java,alibaba/otter,DataMatrixServiceImpl.modify,22,4
java,google/error-prone-javac,JavacParser.argumentsOpt,8,4
java,exoplatform/jcr,AbstractValueData.readFromByteArray,7,1
java,carewebframework/carewebframework-vista,DocumentListRenderer.renderItem,11,1
java,groovy/groovy-core,ManagedConcurrentValueMap.put,10,1
java,lucee/Lucee,Ftp.actionExistsDir,10,1
java,kazocsaba/matrix,ImmutableMatrixFactory.createVector,15,3
java,googleapis/google-cloud-java,BackendServiceClient.addSignedUrlKeyBackendService,10,2
java,googleapis/google-cloud-java,ForwardingRuleClient.insertForwardingRule,10,1
java,OpenLiberty/open-liberty,FeatureWebSecurityConfigImpl.getWASReqURLRedirectDomainNames,8,2
java,Omertron/api-fanarttv,ArtworkList.getArtwork,7,2
java,jbundle/jbundle,PropertiesConverter.setString,6,3
java,amzn/ion-java,Timestamp.forDateZ,6,2
java,UrielCh/ovh-java-sdk,ApiOvhVps.serviceName_automatedBackup_restore_POST,10,1
java,linkhub-sdk/popbill.sdk.java,TaxinvoiceServiceImp.Search,7,1
java,eclipse/xtext-extras,RuleCallImpl.getArguments,8,2
java,sarl/sarl,StandardContextSpaceService.removeDefaultSpaceDefinition,9,2
java,sai-pullabhotla/catatumbo,DefaultDatastoreReader.executeKeyQueryRequest,28,3
java,albfernandez/itext2,Cell.setWidth,7,2
java,kiegroup/droolsjbpm-integration,FastCloner.copyPropertiesOfInheritedClass,34,12
java,goldmansachs/reladomo,SimulatedSequencePrimaryKeyGenerator.getMax,17,4
java,alkacon/opencms-core,CmsHtmlWidget.getJSONConfiguration,3,1
java,VoltDB/voltdb,MpTerm.start,13,3
java,aws/aws-sdk-java,JobFlowInstancesDetailMarshaller.marshall,22,3
java,jenkinsci/jenkins,Util.isOverridden,3,1
java,apache/reef,ClientConnection.sendMessage,7,1
java,deeplearning4j/deeplearning4j,SDBaseOps.oneHot,3,1
java,matomo-org/piwik-java-tracker,PiwikRequest.setAuthToken,6,3
java,astrapi69/jaulp-wicket,CaptchaPanel.newImage,4,1
java,lessthanoptimal/BoofCV,FactoryDetectDescribe.surfStable,15,2
java,js-lib-com/commons,Strings.split,20,5
java,igniterealtime/Smack,JingleSessionRequest.accept,12,1
java,apptentive/apptentive-android,ApptentiveNestedScrollView.scrollToChild,9,2
java,SonarSource/sonarqube,MoreCollectors.toArrayList,3,2
java,webmetrics/browsermob-proxy,LineInput.fillLine,107,35
java,yan74/afplib,BFMImpl.eSet,14,4
java,OpenLiberty/open-liberty,GenericConnection.setClientInfo,6,3
java,ptgoetz/storm-jms,JmsSpout.open,39,8
java,alkacon/opencms-core,CmsPatternPanelWeeklyController.setWeekDays,12,3
java,cycorp/api-suite,QueryException.fromThrowable,5,3
java,jingwei/krati,ArrayEntryManager.filterEntryList,9,4
java,ppiastucki/recast4j,RecastMesh.diagonal,3,2
java,OpenHFT/Chronicle-Network,VerySimpleClient.main,28,7
java,moparisthebest/beehive,HtmlGroupBaseTag.setOptionsDataSource,10,2
java,haraldk/TwelveMonkeys,ObjectReader.getStats,12,1
java,pravega/pravega,SegmentMetadataUpdateTransaction.acceptOperation,5,1
java,OpenLiberty/open-liberty,PersistenceType.getPersistenceType,4,3
java,liferay/com-liferay-commerce,CommerceTierPriceEntryLocalServiceWrapper.getCommerceTierPriceEntryByUuidAndGroupId,7,1
java,cvut/JCOP,JFreeChartRender.setStyle,23,3
java,alkacon/opencms-core,CmsResourceManager.addHtmlConverter,32,10
java,googleapis/google-cloud-java,FindingSnippets.groupActiveFindingsWithSource,23,3
java,HeidelTime/heideltime,StringUtils.endsWithPunc,8,11
java,hdecarne/java-default,Strings.decode,5,1
java,kuali/kc-s2sgen,RRFedNonFedBudget10V1_1Generator.setCumulativeOtherDirect,132,31
java,OpenLiberty/open-liberty,ConsumerSessionProxy.activateAsynchConsumer,13,5
java,raphw/byte-buddy,ExceptionTableSensitiveMethodVisitor.onVisitMethodInsn,3,1
java,dkmfbk/knowledgestore,Representation.getReader,8,2
java,groupon/monsoon,Histogram.compareTo,16,9
java,molgenis/molgenis,LocalizationMessageSource.resolveCode,8,2
java,yegor256/takes,RqAuth.identity,13,2
java,VoltDB/voltdb,ShortCountsHistogram.decodeFromCompressedByteBuffer,4,1
java,classgraph/classgraph,FieldInfo.setScanResult,15,5
java,knowm/XChart,BubbleChart.addSeries,11,4
java,mnlipp/jgrapes,EventBase.generatedBy,6,3
java,netscaler/sdx_nitro,mail_profile.validate,23,1
java,logic-ng/LogicNG,MaxSATSolver.linearSU,3,1
java,agmip/translator-dssat,DssatBatchFileOutput.writeFile,57,7
java,meltmedia/cadmium,LogUtils.configureLogback,28,4
java,pip-services3-java/pip-services3-commons-java,DependencyResolver.getOneOptional,4,2
java,j-a-w-r/jawr,ClassLoaderResourceUtils.getClass,37,9
java,apache/fluo,Span.prefix,5,1
java,OpenLiberty/open-liberty,JaxWsDDHelper.getWebserviceDescriptionByEJBLink,3,1
java,Mozu/mozu-java,PublicTokenUrl.executeUrl,7,2
java,michael-rapp/AndroidUtil,ElevationShadowView.obtainEmulateParallelLight,6,1
java,Graylog2/graylog2-server,IndexFieldTypePollerPeriodical.handleIndexDeletion,7,2
java,Red5/red5-io,FLVWriter.writeHeader,19,3
java,RogerParkinson/madura-objects-parent,Parser.any,24,9
java,ManfredTremmel/gwt-commons-lang3,StringUtils.substringsBetween,30,9
java,alipay/sofa-rpc,SofaRpcSerialization.getTargetServiceName,7,2
java,camunda/camunda-bpm-platform,ProcessDefinitionResourceImpl.getMediaTypeForFileSuffix,18,12
java,meertensinstituut/mtas,MtasSolrResultMerge.adjustablePartsCloned,21,8
java,apache/spark,ThriftCLIService.getUserName,24,5
java,stratosphere/stratosphere,CheckedMemorySegment.put,8,5
java,querydsl/querydsl,BeanPath.createComparable,4,2
java,micronaut-projects/micronaut-core,ResourceLocator.setSearchLocations,6,2
java,Grasia/phatsim,GrammarFacilitator.createFile,19,4
java,threerings/nenya,KeyboardManager.keyPressed,20,5
java,netscaler/nitro,nsweblogparam.update,7,1
java,facebookarchive/hadoop-20,BlockPlacementPolicyConfigurable.findBestWithoutFirst,33,8
java,hazelcast/hazelcast,PartitionReplicaManager.checkAndGetPrimaryReplicaOwner,26,6
java,aws/aws-sdk-java,DeleteModelRequestMarshaller.marshall,10,3
java,aws/aws-sdk-java,RelationalDatabaseEventMarshaller.marshall,13,3
java,mapbox/mapbox-java,PointDeserializer.deserialize,13,2
java,census-instrumentation/opencensus-java,BasicOperationsBenchmark.decodeSpanBinary,6,1
java,Jasig/uPortal,TenantService.validateAttribute,6,3
java,OpenLiberty/open-liberty,WSRdbManagedConnectionImpl.setKerberosConnection,5,3
java,igniterealtime/Smack,IQ.createErrorResponse,3,1
java,UrielCh/ovh-java-sdk,ApiOvhHostingprivateDatabase.serviceName_user_userName_grant_databaseName_GET,6,1
java,yan74/afplib,MeasurementUnitsImpl.setXoaBase,6,2
java,camunda/camunda-bpm-platform,BpmnParse.parseImports,12,3
java,jhalterman/lyra,Connections.create,11,1
java,alkacon/opencms-core,CmsUserInfoDialog.getStatusForItem,6,2
java,carewebframework/carewebframework-core,LayoutParser.parseAction,3,1
java,hawkular/hawkular-alerts,PluginMessageDescription.availability,23,6
java,calrissian/mango,CloseableIterables.chain,16,5
java,OpenBEL/openbel-framework,LockAdviser.obtainReadLock,8,3
java,aws/aws-sdk-java,SetPlatformApplicationAttributesRequest.withAttributes,4,1
java,google/j2objc,AlgorithmParameters.getInstance,12,2
java,VoltDB/voltdb,DRLogSegmentId.isInitialAckDRId,8,5
java,JM-Lab/utils-elasticsearch,JMElasticsearchSearchAndCount.countQuery,6,1
java,yegor256/takes,RsReturn.validLocation,11,2
java,goldmansachs/gs-collections,StringIterate.detectChar,13,3
java,GCRC/nunaliit,Searches.getAudioMediaFromPlaceId,18,2
java,alkacon/opencms-core,CmsFrameset.getViewSelect,31,7
java,google/error-prone-javac,TreeInfo.isSelfCall,9,3
java,google/j2objc,BasicChecker.verifyTimestamp,18,5
java,duracloud/duracloud,S3StorageProvider.createHiddenSpace,20,2
java,lessthanoptimal/ejml,PolynomialFit.removeWorstFit,25,6
java,liyiorg/weixin-popular,BizwifiAPI.barSet,3,1
java,classgraph/classgraph,JSONUtils.isBasicValueType,12,19
java,mikepenz/FastAdapter,AbstractItem.bindView,6,1
java,lucee/Lucee,Schedule.setInterval,9,9
java,JOML-CI/JOML,Matrix4x3d.identity,18,2
java,OpenLiberty/open-liberty,JSMessageData.isEmpty,10,5
java,Impetus/Kundera,CouchbaseBucketUtils.openBucket,26,5
java,hazelcast/hazelcast,ClusterJoinManager.executeJoinRequest,17,4
java,googleads/googleads-java-lib,AddResponsiveDisplayAd.runExample,70,3
java,OpenLiberty/open-liberty,GBSInsertFringe.balance12,107,7
java,BlueBrain/bluima,DictTerm.setEnclosingSpan,4,3
java,hankcs/HanLP,CommonAhoCorasickSegmentUtil.segment,36,7
java,javamonkey/beetl2.0,ObjectUtil.getGetMethod,18,3
java,codeprimate-software/cp-elements,CollectionExtensions.from,5,1
java,demidenko05/beigesoft-accounting,FctBnAccEntitiesProcessors.createPutPrcPurchaseInvoiceServiceLineDelete,19,1
java,h2oai/h2o-2,GenUtils.concat,11,3
java,randomizedtesting/randomizedtesting,JUnit4.setPrefix,7,2
java,BorderTech/wcomponents,WAudio.getAudio,4,2
java,Azure/azure-sdk-for-java,ManagedDatabaseVulnerabilityAssessmentRuleBaselinesInner.get,3,1
java,reinert/requestor,WebTarget.path,6,2
java,aws/aws-sdk-java,AmazonElasticMapReduceClient.listBootstrapActions,5,1
java,hazelcast/hazelcast,Config.setQuorumConfigs,8,2
java,medallia/Word2VecJava,Common.readToList,9,2
java,selendroid/selendroid,SelendroidServerBuilder.getJarVersionNumber,24,6
java,lievendoclo/Valkyrie-RCP,SimpleGroupMember.findMenu,13,5
java,samtingleff/jchronic,Chronic.parse,50,12
java,att/AAF,Symm.depass,42,7
java,aol/cyclops,Memoize.memoizeFunction,5,2
java,pgjdbc/pgjdbc,EscapedFunctions2.sqllcase,3,2
java,forge/core,MavenJDOMWriter.findAndReplaceXpp3DOM,10,4
java,phax/ph-commons,LogHelper.log,11,2
java,OpenLiberty/open-liberty,MessageStoreImpl.listPreparedTransactions,28,10
java,jruby/yecht,Resolver.node_import,77,17
java,VoltDB/voltdb,QueryExpression.setTableColumnNames,7,2
java,aws/aws-sdk-java,ListAliasesRequestMarshaller.marshall,13,3
java,ysc/QuestionAnsweringSystem,Tools.sortByIntegerValue,10,1
java,netscaler/nitro,responderpolicy.add,11,1
java,Impetus/Kundera,CouchDBObjectMapper.onEmbeddable,8,1
java,zeromq/jeromq,ZMonitor.verbose,11,3
java,iig-uni-freiburg/SEWOL,ConstraintContextProperties.getNextConstraintIndex,8,2
java,drewwills/cernunnos,ServletRequestHeaderPhrase.evaluate,5,1
java,ihaolin/session,WebUtil.getUserAgent,7,2
java,PeterisP/LVTagger,ChunkAnnotationUtils.fixChunkSentenceBoundaries,4,1
java,javagl/CommonUI,JTables.scrollToRow,9,1
java,twilio/authy-java,AuthyUtil.validateSignature,20,6
java,arquillian/arquillian-extension-persistence,DataSetProvider.inferFormat,7,2
java,tobato/FastDFS_Client,DefaultFastFileStorageClient.generateThumbImageByDefault,12,1
java,fuinorg/units4j,Units4JUtils.assertCauseMessage,4,1
java,JetBrains/xodus,VirtualFileSystem.writeFile,3,1
java,jenetics/jenetics,TruncationSelector.select,31,7
java,tango-controls/JTango,Util.fill_attr_polling_buffer,129,26
java,camunda/camunda-bpm-platform,ExecutionImpl.generateActivityInstanceId,9,2
java,Alluxio/alluxio,FileSystemAdminShellUtils.checkMasterClientService,13,2
java,Azure/azure-sdk-for-java,DeploymentsInner.validateAsync,3,1
java,aws/aws-sdk-java,ListedServerMarshaller.marshall,16,3
java,spring-projects/spring-hateoas,Links.and,4,1
java,Azure/azure-sdk-for-java,WorkflowsInner.updateAsync,3,1
java,alkacon/opencms-core,CmsStringUtil.splitAsArray,4,1
java,alkacon/opencms-core,A_CmsJspValueWrapper.getToBoolean,6,2
java,csc19601128/Phynixx,PhynixxXAResourceFactory.close,17,3
java,VoltDB/voltdb,AbstractExpression.containsFunctionById,13,4
java,korpling/ANNIS,CorefVisualizer.getAllTokens,88,27
java,vladmihalcea/flexy-pool,ConnectionDecoratorFactory.proxyConnection,4,1
java,Samsung/GearVRf,GVRRigidBody.applyCentralImpulse,8,1
java,j-a-w-r/jawr-main-repo,JawrRequestHandler.getRequestPath,10,2
java,aws/aws-sdk-java,DescribeApplicationsResult.getApplications,6,2
java,pravega/pravega,PravegaTablesStoreHelper.addNewEntryIfAbsent,4,2
java,Azure/azure-sdk-for-java,ManagementLocksInner.createOrUpdateAtResourceLevelAsync,3,1
java,alkacon/opencms-core,CmsSimpleEditor.actionExit,11,3
java,spring-projects/spring-android,HierarchicalUriComponents.normalize,7,1
java,googleads/googleads-java-lib,UploadConversionAdjustment.runExample,36,3
java,sarl/sarl,Boot.setPropertiesFrom,6,1
java,Netflix/spectator,IpcLogEntry.markStart,10,2
java,eserating/siren4j,BaseBuilder.addStep,6,3
java,Waikato/moa,GUIDefaults.getTabs,8,1
java,mongodb/stitch-android-sdk,CoreRemoteMongoCollectionImpl.watch,10,1
java,google/error-prone-javac,EnumConstantWriterImpl.getNavSummaryLink,15,3
java,juebanlin/util4j,ArrayBytesBuff.checkReadableBytesUnsafe,7,2
java,elki-project/elki,SplitHistory.getCommonDimensions,9,2
java,sarl/sarl,FileSystemAddons.convertFileToURL,32,9
java,googleapis/google-cloud-java,ConfigClient.createSink,8,2
java,sirthias/parboiled,Base64.encodeToByte,39,13
java,qiujuer/OkHttpPacker,HttpCore.interceptToProgressResponse,12,1
java,drtrang/spring-boot-autoconfigure,SqlMapper.selectList,5,3
java,groovy/groovy-core,DefaultGroovyMethods.findResults,10,3
java,wcm-io/wcm-io-handler,SimpleImageMediaMarkupBuilder.getMediaElement,9,4
java,cdk/cdk,StandardAtomGenerator.positionSubscript,7,1
java,forge/javaee-descriptors,EntityListenersImpl.getOrCreateEntityListener,9,3
java,spotbugs/spotbugs,BugInstance.addReferencedField,6,1
java,xetorthio/jedis,BinaryJedis.setex,6,1
java,aws/aws-sdk-java,BudgetPerformanceHistory.withBudgetedAndActualAmountsList,9,3
java,mirage-sql/mirage,SqlManagerImpl.updateBatch,4,1
java,allure-framework/allure1,Allure.fire,10,2
java,googleapis/google-cloud-java,KeyManagementServiceClient.listCryptoKeys,4,1
java,OpenLiberty/open-liberty,StartupServletContextListener.setFacesInitializer,12,6
java,biojava/biojava,MultipleSequenceAlignment.addAlignedSequence,10,3
java,Waikato/moa,OnlineAccuracyUpdatedEnsemble.addToStored,17,3
java,UrielCh/ovh-java-sdk,ApiOvhSupport.tickets_create_POST,14,1
java,neoremind/navi,IPUtils.getServerId,14,3
java,aws/aws-sdk-java,AmazonS3Client.requestConfigWithSkipAppendUriPath,5,1
java,baratine/baratine,WebSocketApply.service,30,5
java,opensourceBIM/BIMserver,Ifc2x3tc1PackageImpl.getIfcPowerMeasure,7,2
java,bignerdranch/expandable-recycler-view,ParentViewHolder.collapseView,8,2
java,apache/incubator-gobblin,Fork.getFinalState,15,5
java,Samsung/GearVRf,GVRAssetLoader.loadModel,29,4
java,fhoeben/hsac-fitnesse-fixtures,LocalDriverFactory.getFirefoxProfile,19,8
java,aws/aws-sdk-java,PutConfigurationRecorderRequestMarshaller.marshall,10,3
java,dkpro/dkpro-jwpl,Wikipedia.getCategory,12,3
java,HeidelTime/heideltime,StringUtils.findLastNotOf,7,4
java,OpenLiberty/open-liberty,JPAJndiLookupObjectFactory.getObjectInstance,65,23
java,attribyte/wpdb,DB.selectMaxPostId,13,2
java,UrielCh/ovh-java-sdk,ApiOvhOrder.license_cpanel_new_duration_GET,9,1
java,js-lib-com/commons,Strings.isSeparator,12,4
java,baidubce/bce-sdk-java,Datapoint.addDoubleValue,6,1
java,BlueBrain/bluima,Clause.setSubclauses,4,3
java,DiUS/pact-jvm,PactDslJsonArray.timestamp,6,1
java,google/closure-compiler,HamtPMap.emptyChildren,4,1
java,bazaarvoice/emodb,AbstractQueueClient.send,16,2
java,Azure/azure-sdk-for-java,DatabaseAutomaticTuningsInner.updateAsync,3,1
java,exoplatform/jcr,NodeImpl.getUUID,9,2
java,rwl/JKLU,Dklu_version.GET_POINTER,13,1
java,box/box-android-sdk,BoxFolder.getAllowedSharedLinkAccessLevels,14,4
java,biojava/biojava,AlignmentTools.getAlignedModel,21,5
java,spring-cloud/spring-cloud-config,JGitEnvironmentRepository.refresh,47,10
java,eFaps/eFaps-Kernel,OneSelect.getAttribute,10,2
java,aNNiMON/Lightweight-Stream-API,DoubleStream.min,9,1
java,hal/elemento,Elements.emptyElement,3,1
java,mfornos/humanize,Humanize.camelize,11,5
java,elki-project/elki,VAFile.getScannedPages,5,1
java,respoke/respoke-sdk-android,Respoke.makeGUID,25,10
java,cdk/cdk,MM2BasedParameterSetReader.setForceFieldDefinitions,149,70
java,netscaler/sdx_nitro,xen_supplemental_pack.get_filtered,8,1
java,aws/aws-sdk-java,DescribeVirtualInterfacesResult.withVirtualInterfaces,9,3
java,Azure/azure-sdk-for-java,P2sVpnServerConfigurationsInner.getAsync,3,1
java,aws/aws-sdk-java,ToolchainMarshaller.marshall,12,3
java,ManfredTremmel/gwt-bean-validators,AbstractMinMaxTextBox.setMax,7,2
java,JOML-CI/JOML,Matrix4d.m23,6,2
java,ThreeTen/threeten-extra,Months.subtractFrom,7,2
java,baratine/baratine,CompilingLoader.init,26,7
java,nyla-solutions/nyla,Organizer.flattenPaging,11,4
java,RestComm/sip-servlets,SipDeploymentService.start,5,2
java,spotify/scio,Injector.addLiveTeam,13,3
java,tcurdt/jdeb,PGPSigner.getSecretKey,15,5
java,BorderTech/wcomponents,ServletResponse.sendError,4,1
java,davidcarboni/restolino,Serialiser.deserialise,23,7
java,kaazing/gateway,ByteArrayPool.create,25,3
java,JakeWharton/ActionBarSherlock,SearchView.getQueryHint,13,5
java,timewalker74/ffmq,StringTools.startsWith,7,2
java,hector-client/hector,HKerberosSecuredThriftClientFactoryImpl.createClient,8,3
java,dyu/protostuff-1.0.x,ProtoLexer.mOCTAL_ESC,132,37
java,apereo/cas,WebUtils.getPasswordlessAuthenticationAccount,3,1
java,jenkinsci/jenkins,RunIdMigrator.move,9,3
java,matthewhorridge/owlapi-gwt,OWLDisjointUnionAxiomImpl_CustomFieldSerializer.deserializeInstance,4,1
java,ben-manes/caffeine,Caffeine.from,4,1
java,hsiafan/apk-parser,Locales.match,18,9
java,alkacon/opencms-core,CmsContainerpageController.reInitInlineEditing,35,16
java,xvik/guice-persist-orient,RepositoryModule.loadOptionalExecutor,17,3
java,ddf-project/DDF,BasicDDF.afterDeserialization,22,7
java,gwtbootstrap3/gwtbootstrap3-extras,SummernoteImageUploadEvent.fire,6,2
java,google/j2objc,UCaseProps.getSlotValueAndOffset,12,2
java,Talend/tesb-rt-se,SLPropertiesImpl.addProperty,7,2
java,hankcs/HanLP,PartOfSpeechTagDictionary.translate,6,2
java,zaproxy/zaproxy,Context.getNodesInContextFromSiteTree,6,1
java,iipc/openwayback,UIResults.forward,17,6
java,opencb/biodata,VariantMetadataManager.addIndividual,23,8
java,biojava/biojava,StructurePairAligner.align,16,1
java,alibaba/jstorm,WatermarkTimeTriggerPolicy.getNextAlignedWindowTs,7,3
java,Azure/azure-sdk-for-java,ModelsImpl.getIntentSuggestionsWithServiceResponseAsync,27,6
java,WolfgangFahl/Mediawiki-Japi,MediaWikiApiImpl.normalizeTitle,5,1
java,netscaler/nitro,autoscaleaction.get,5,1
java,avianey/facebook-api-android-maven,Session.handlePermissionResponse,42,15
java,Axway/Grapes,ArtifactHandler.getArtifactLicenses,18,3
java,EdwardRaff/JSAT,Stemmer.applyTo,5,2
java,kaazing/gateway,ResolutionUtils.cloneInterfaces,3,1
java,OpenLiberty/open-liberty,StatsImpl.getStatistic,14,6
java,lastaflute/lastaflute,HtmlResponse.renderWith,13,3
java,googleapis/google-cloud-java,LoggingSnippets.updateSink,11,1
java,Azure/azure-sdk-for-java,NetworkWatchersInner.beginGetVMSecurityRules,3,1
java,micronaut-projects/micronaut-core,AbstractBeanDefinition.getValueForPath,17,4
java,molgenis/molgenis,Attribute.getChild,7,1
java,landawn/AbacusUtil,StringUtil.swapCase,16,7
java,nats-io/java-nats,NKey.createUser,4,1
java,OpenLiberty/open-liberty,NeighbourProxyListener.handleCreateProxySubscription,180,35
java,yan74/afplib,AfplibFactoryImpl.convertFNCFntFlagsToString,3,2
java,h2oai/h2o-3,RPC.tcp_ack,35,6
java,alexa/alexa-skills-kit-sdk-for-java,SkillRequestSignatureVerifier.getAndVerifySigningCertificateChainUrl,40,9
java,gallandarakhneorg/afc,SubRoadNetwork.unwrap,12,4
java,albfernandez/itext2,Document.setMarginMirroring,9,2
java,alkacon/opencms-core,CmsGalleryTreeEntry.addChild,7,2
java,burberius/eve-esi,DogmaApi.getDogmaEffectsEffectIdWithHttpInfo,8,1
java,dita-ot/dita-ot,CopyToModule.getProcessingPipe,16,2
java,spring-projects/spring-boot,ConfigurationPropertiesReportEndpoint.configureObjectMapper,7,1
java,Azure/azure-sdk-for-java,ContainerGroupsInner.listByResourceGroupAsync,9,1
java,sebastiangraf/treetank,XPathParser.parseAttributeNameOrWildcard,9,2
java,CenturyLinkCloud/mdw,ObjectAdapterActivity.getStubbedResponse,55,14
java,googleapis/api-client-staging,Version.getCreatedByBytes,13,2
java,gosu-lang/gosu-lang,ParserBase.match,4,1
java,deeplearning4j/deeplearning4j,SDLoss.sparseSoftmaxCrossEntropy,9,1
java,Chorus-bdd/Chorus,HandlerManager.runLifecycleMethods,19,11
java,mebigfatguy/fb-contrib,ExceptionSoftening.sawOpcode,30,10
java,jenkinsci/jenkins,ACL.checkCreatePermission,11,3
java,jeremylong/DependencyCheck,AnalysisTask.call,19,5
java,Azure/azure-sdk-for-java,JobScheduleExistsOptions.withOcpDate,8,2
java,abel533/EasyXls,ExcelConfig.getNames,7,2
java,micrometer-metrics/micrometer,Tags.and,6,3
java,lastaflute/lastaflute,ExecuteArgAnalyzer.analyzeExecuteArg,27,8
java,xwiki/xwiki-commons,MavenBuildExtensionRepository.openStream,19,2
java,VoltDB/voltdb,Grantee.revoke,6,2
java,lesaint/damapping,CommonMethodsImpl.useQualifiedReference,24,9
java,js-lib-com/commons,TextTemplate.put,5,1
java,riversun/d6,D6CrudUpdateHelper.map,46,12
java,palatable/lambda,State.zip,4,4
java,mp911de/spinach,ClusterAwareNodeSupport.reloadNodes,19,4
python,bcbio/bcbio-nextgen,_run_wham,15,6
python,yyuu/botornado,AutoScaleConnection.get_all_policies,28,7
python,KenjiTakahashi/td,Arg.add,7,2
python,SuryaSankar/flask-sqlalchemy-booster,QueryableMixin.add,20,4
python,Microsoft/nni,GridSearchTuner.json2paramater,36,11
python,bwohlberg/sporco,TVL1Deconv.cnst_A,9,3
python,blockstack/pybitcoin,BitcoinKeypair.from_passphrase,17,5
python,avelkoski/FRB,_convert,9,3
python,spyder-ide/spyder,ThumbnailScrollBar.save_all_figures_as,8,2
python,brentp/cruzdb,ABase.cds,8,3
python,williballenthin/python-evtx,FileHeader.chunks,18,3
python,KieranWynn/pyquaternion,Quaternion._normalise,8,3
python,ArduPilot/MAVProxy,AsterixModule.idle_task,98,21
python,lk-geimfari/mimesis,Random.uniform,8,1
python,CivicSpleen/ambry,SourceColumn.dict,9,4
python,Azure/blobxfer,EncryptionMetadata.convert_to_json_with_mac,71,4
python,spacetelescope/stsci.tools,unlearn,22,7
python,fprimex/zdesk,ZendeskAPI.organization_field_show,5,1
python,michaelpb/omnic,CommandParser.subcommand,13,2
python,ultrabug/py3status,Block.new_block,8,1
python,TrafficSenseMSD/SumoTools,vehicleTypes2flt,10,2
python,tensorflow/cleverhans,model_eval,61,8
python,benmoran56/esper,texture_from_image,6,1
python,JamesPHoughton/pysd,Macro.initialize,37,14
python,Bystroushaak/BalancedDiscStorage,BalancedDiscStorage.delete_by_path,25,4
python,SheffieldML/GPy,DescreteStateSpace._check_grad_measurement_matrices,49,16
python,jkwill87/mapi,has_provider_support,7,4
python,yatiml/yatiml,Node.unders_to_dashes_in_keys,9,3
python,SatelliteQE/nailgun,Host.read,56,14
python,pypa/pipenv,ParserElement.split,20,6
python,nitmir/django-cas-server,LoginView.check_lt,20,8
python,Jaymon/prom,Orm._populate,10,2
python,limodou/uliweb,parse_options_header,25,4
python,maas/python-libmaas,cmd_deploy._get_deploy_options,17,4
python,delfick/nose-of-yeti,ConfigUtil.use_config_file,5,2
python,mitsei/dlkit,ValueRetrievalSession.get_value_by_parameter,36,10
python,kejbaly2/idid,GitLogg._init_repo,14,3
python,NLeSC/noodles,run_xenon_simple,10,2
python,apple/turicreate,_SnakeCaseToCamelCase,24,7
python,cds-astro/mocpy,MOC.fill,43,3
python,miyakogi/wdom,WdomElement.textContent,5,2
python,MechanicalSoup/MechanicalSoup,StatefulBrowser.follow_link,16,3
python,INM-6/hybridLFPy,get_colors,14,5
python,ArduPilot/MAVProxy,MiscModule.cmd_playtune,15,4
python,bukun/TorCMS,MPost.query_recent_most,12,1
python,kylef/refract.py,Element.children,10,3
python,saltstack/salt,network_stop,18,1
python,KeithSSmith/switcheo-python,AuthenticatedClient.execute_deposit,19,3
python,saltstack/salt,smembers,9,1
python,maxcountryman/atomos,AtomicCtypesReference.set,8,1
python,ic-labs/django-icekit,AbstractBaseModel.save,6,1
python,ontio/ontology-python-sdk,BinaryReader.read_uint32,13,2
python,echinopsii/net.echinopsii.ariane.community.cli.python3,LinkService.find_link,62,22
python,bitcraze/crazyflie-lib-python,Crazyflie._mems_updated_cb,4,1
python,SUSE-Enceladus/ipa,get_yaml_config,14,2
python,autokey/autokey,XInterfaceBase.send_string_clipboard,20,5
python,Shizmob/pydle,BasicClient._reconnect_delay,9,3
python,raiden-network/raiden,handle_unlock,33,5
python,nugget/python-insteonplm,LinkedDevices.add_device_callback,4,1
python,jessamynsmith/twitterbot,MarkovChainMessageProvider.create,13,5
python,AtomHash/evernode,FormData.__invalid_request,9,1
python,twaldear/flask-csp,csp_default.update,12,3
python,Karaage-Cluster/karaage,application_list,23,4
python,pypa/pipenv,create_connection,41,9
python,IBM/pyxcli,MirroredEntities.get_host_port_names,9,3
python,fabioz/PyDev.Debugger,isroutine,6,2
python,PSPC-SPAC-buyandsell/von_anchor,Tails.dir,13,4
python,NLeSC/scriptcwl,WorkflowGenerator._get_step,24,3
python,LeKono/pyhgnc,QueryManager._limit_and_df,23,8
python,VonStruddle/PyHunter,PyHunter.create_leads_list,13,2
python,wmayner/pyphi,KPartition.mechanism,4,2
python,napalm-automation/napalm-logs,ClientAuth.decrypt,18,3
python,eumis/pyviews,convert_to_node,4,1
python,DataBiosphere/toil,Message.from_sqs,10,2
python,vpelletier/python-libusb1,USBPoller.unregister,10,2
python,vertexproject/synapse,runItemCmdr,8,2
python,SatelliteQE/nailgun,Repository.path,38,2
python,ArchiveTeam/wpull,ElementWalker.iter_links_element,36,11
python,nutechsoftware/alarmdecoder,EventHandler._getfunctionlist,7,2
python,senaite/senaite.jsonapi,FileFieldManager.get_download_url,8,1
python,tradenity/python-sdk,ReturnLineItem.replace_return_line_item_by_id,20,2
python,jbarlow83/OCRmyPDF,_find_regular_images,20,7
python,ambitioninc/newrelic-api,Servers.list,64,11
python,crs4/pydoop,hdfs.set_replication,11,1
python,peterdemin/pip-compile-multi,skipper,12,3
python,mandiant/ioc_writer,make_driveritem_drivername,12,2
python,saltstack/salt,setenv,69,14
python,a1ezzz/wasp-general,WSimpleTrackerStorage.register_start,7,2
python,tanghaibao/jcvi,Counter.elements,11,3
python,saltstack/salt,delete_alarms,31,9
python,nccgroup/opinel,connect_service,33,6
python,twisted/txaws,S3Client._parse_versioning_config,6,1
python,pmorissette/bt,Node.members,9,2
python,infothrill/python-launchd,write,12,1
python,skorch-dev/skorch,NeuralNet._set_params_callback,25,8
python,spyder-ide/spyder,EditorStack.set_or_edit_conditional_breakpoint,5,2
python,bcbio/bcbio-nextgen,_run_vardict_paired,65,13
python,seomoz/shovel,Shovel.keys,9,4
python,aio-libs/aiodocker,Docker._docker_machine_ssl_context,17,2
python,praw-dev/prawcore,DeviceIDAuthorizer.refresh,4,1
python,jilljenn/tryalgo,intervals_union,21,7
python,proycon/clam,CLAMClient.start,13,7
python,wavefrontHQ/python-client,SavedSearch.entity_type,15,5
python,SoCo/SoCo,SoCo.create_sonos_playlist,18,1
python,hozn/stravalib,Client.get_running_race,9,3
python,mikemaccana/python-docx,replace,13,5
python,honzajavorek/redis-collections,RedisCollection._normalize_index,6,3
python,watchforstock/evohome-client,EvohomeClient._basic_login,30,5
python,openego/eTraGo,storage_soc_sorted,55,5
python,RockFeng0/rtsf-web,WebActions.UploadType,10,3
python,gwastro/pycbc,BaseInferenceFile.copy_metadata,12,2
python,saltstack/salt,set_warndays,17,3
python,hyperledger/sawtooth-core,ContextManager.add_execution_data,15,4
python,pingviini/aja,get_buildout_config,12,3
python,spencerahill/aospy,_get_all_objs_of_type,13,3
python,scarface-4711/denonavr,DenonAVR._play,17,5
python,DarkEnergySurvey/ugali,query_disc,27,4
python,flo-compbio/genometools,get_project_urls,18,4
python,ARMmbed/mbed-cloud-sdk-python,DeviceDirectoryAPI.list_queries,14,1
python,aichaos/rivescript-python,RiveScript.sort_replies,28,5
python,botstory/botstory,execute,61,9
python,has2k1/plotnine,get_calculated_aes,9,3
python,Esri/ArcREST,GeometryService.project,33,2
python,nion-software/nionswift,HardwareSource.create_record_task,13,7
python,thiagopbueno/rddl2tf,TensorFluent._aggregation_op,20,4
python,ryan-roemer/django-cloud-browser,CloudObject.smart_content_encoding,9,3
python,vlukes/dicom2fem,find_map,40,7
python,avladev/pypro,exception_handler,13,4
python,mitsei/dlkit,AssessmentManager.get_item_bank_assignment_session,14,3
python,davenquinn/Attitude,apparent_dip_correction,23,5
python,pyviz/holoviews,DimensionedPlot._traverse_options,38,18
python,yolothreat/utilitybelt,urlvoid_check,11,5
python,devopshq/artifactory,ArtifactoryPath.deploy_deb,22,1
python,pycampers/ampy,Files.ls,84,22
python,cltk/cltk,PrettyPrint.html_print_file,47,2
python,agoragames/leaderboard-python,Leaderboard.members_from_rank_range_in,31,4
python,coopernurse/barrister,Struct.field,18,5
python,hvac/hvac,Client.list,14,3
python,holtjma/msbwt,decompressBWT,31,8
python,sebp/scikit-survival,Surv.from_arrays,39,5
python,materialsproject/pymatgen,OrderDisorderElementComparator.are_equal,14,2
python,quantopian/zipline,maybe_from_tuple,29,4
python,guaix-ucm/numina,main,97,14
python,PythonCharmers/python-future,_get_caller_globals_and_locals,9,2
python,brettcannon/gidgethub,_parse_content_type,12,3
python,delfick/aws_syncr,Collector.prepare,21,11
python,spacetelescope/stsci.tools,IrafPar.pretty,35,11
python,razorpay/razorpay-python,Transfer.reversals,11,2
python,NASA-AMMOS/AIT-Core,StreamCaptureManagerServer.start,3,1
python,riga/tfdeploy,Max,6,2
python,astrocatalogs/astrocats,Catalog.journal_entries,50,12
python,Telefonica/toolium,DriverWrapper.get_config_window_bounds,15,4
python,bitprophet/ssh,SSHConfig._expand_variables,52,10
python,bwohlberg/sporco,get_module_members,44,6
python,devision-io/metasdk,MediaService.upload,14,1
python,ultrabug/py3status,ConfigParser.parse,80,23
python,timeyyy/apptools,get_active_window_pos,21,1
python,JdeRobot/base,demix1,7,1
python,ironfroggy/django-better-cache,CacheModel.from_miss,11,2
python,jonathf/chaospy,sample_dist.sample,24,5
python,mitsei/dlkit,AssessmentOfferedForm.clear_duration,11,3
python,Esri/ArcREST,UsageReports.reports,14,3
python,pandas-dev/pandas,DataFrame._get_agg_axis,10,3
python,acutesoftware/AIKIF,Value.match_value_to_text,16,4
python,SeabornGames/RequestClient,ConnectionBasic._create_api_call,22,3
python,fabioz/PyDev.Debugger,Process.read,20,3
python,ARMmbed/mbed-cloud-sdk-python,UpdateAPI.get_firmware_image,7,2
python,mapmyfitness/jtime,log,22,6
python,twisted/vertex,PTCPConnection.connectionJustEstablished,17,2
python,welbornprod/colr,ColorCode._init_hex,5,1
python,yamcs/yamcs-python,print_packet_range,8,1
python,bsmurphy/PyKrige,UniversalKriging.print_statistics,8,2
python,googleapis/google-cloud-python,get_signed_query_params_v2,24,4
python,mitsei/dlkit,AssessmentProxyManager.get_assessment_results_session_for_bank,21,6
python,tgbugs/pyontutils,id_fix,15,6
python,jpvanhal/flask-split,_is_robot,11,2
python,mozilla-releng/scriptworker,get_single_upstream_artifact_full_path,13,2
python,apache/incubator-mxnet,KVStore._set_updater,36,1
python,iotile/coretools,PersistGraphRecord.MatchQuality,29,6
python,django-leonardo/django-leonardo,find_all_templates,34,9
python,kieferk/dfply,mean,10,2
python,alorence/pysvg-py3,ShapeBuilder.createPolyline,16,1
python,graphql-python/graphql-core,GraphQLQuiverCloudBackend.make_post_request,5,1
python,DLR-RM/RAFCON,reduce_to_parent_states,25,10
python,alexhayes/django-toolkit,EmailMultiRelated.attach_related_file,5,1
python,google/grr,DualDBSystemCronJob,30,5
python,the01/python-flotils,Loadable.load_settings,14,2
python,fkarb/xltable,Table.get_data,17,6
python,Gwildor/Pyromancer,Match.msg,34,6
python,michael-lazar/rtv,Terminal.clean,39,11
python,cisco-sas/kitty,GraphModel.check_loops_in_grpah,12,7
python,fabioz/PyDev.Debugger,SimpleXMLRPCRequestHandler.log_request,4,2
python,dlintott/gns3-converter,Node.add_device_items,42,17
python,CivicSpleen/ambry,Bundle.exception,6,1
python,quantopian/zipline,ensure_treasury_data,55,8
python,diging/tethne,WoSParser.postprocess_WC,10,4
python,QUANTAXIS/QUANTAXIS,QA_indicator_RSI,9,1
python,SHTOOLS/SHTOOLS,_time_variable_part,20,5
python,radujica/baloo,Cache.cache_intermediate_result,18,2
python,asciimoo/drawille,Canvas.set,11,2
python,conchoecia/gloTK,BaseWrapper.run,66,14
python,oseledets/ttpy,eigb,48,3
python,PmagPy/PmagPy,unpack,21,4
python,crocs-muni/roca,RocaFingerprinter.mark_and_add_effort,24,4
python,maxfischer2781/chainlet,printlet,21,5
python,markovmodel/msmtools,ReactiveFlux.pathways,22,3
python,ddorn/GUI,SimpleText.color,5,3
python,manns/pyspread,libvlc_audio_set_callbacks,17,3
python,AndresMWeber/Nomenclate,NameParser.get_string_camel_patterns,21,11
python,OpenTreeOfLife/peyotl,GitActionBase._get_changed_docs,30,6
python,google/pyu2f,LinuxHidDevice.Read,5,1
python,jeffh/pyconstraints,BacktrackingSolver.satisfies_constraints,7,5
python,materialsproject/pymatgen,Flow.show_history,26,7
python,jaseg/python-mpv,MPV.unregister_message_handler,11,5
python,sanger-pathogens/ariba,sam_pair_to_insert,16,4
python,belbio/bel,hash_nanopub,64,10
python,bcbio/bcbio-nextgen,locale_export,18,9
python,erkghlerngm44/malaffinity,pearson,24,9
python,PMEAL/OpenPNM,isoutside,48,7
python,log2timeline/plaso,AttributeContainer.GetAttributeNames,12,3
python,kensho-technologies/graphql-compiler,get_column,17,5
python,pyroscope/pyrocore,_write_pidfile,9,1
python,pypa/pipenv,to_genshi,38,15
python,KelSolaar/Umbra,GraphModelNode.node_changed,9,2
python,dfm/george,GP.grad_log_likelihood,52,11
python,ulule/django-badgify,reset_awards,26,6
python,se-esss-litterbox/Pynac,Steerer.from_dynacRepr,7,1
python,Bystroushaak/pyDHTMLParser,HTMLQuery.findAll,25,8
python,Julian/txmusicbrainz,BoundEntityRetriever.search,8,2
python,gwastro/pycbc,spa_tmplt_engine,10,1
python,rootpy/rootpy,BaseTree.create_branches,10,2
python,DLR-RM/RAFCON,SemanticDataEditorController.key_edited,20,6
python,KarchinLab/probabilistic2020,GeneSequence._to_upper,5,4
python,materialsproject/pymatgen,AbinitTask.find_optconf,7,2
python,quantumlib/Cirq,pack_results,31,14
python,brutus/wdiffhtml,wdiff,17,2
python,ngmarchant/oasis,verify_identifiers,13,5
python,materialsproject/pymatgen-db,QueryEngine.set_aliases_and_defaults,30,5
python,SBRG/ssbio,Protein.protein_statistics,27,7
python,rominf/module-wrapper,_wrap,340,57
python,kubernetes-client/python,ApiClient.sanitize_for_serialization,38,14
python,marcharper/python-ternary,left_parallel_line,17,1
python,yunojuno/elasticsearch-django,_in_search_queryset,7,2
python,CenturyLinkCloud/clc-python-sdk,Group.Refresh,8,1
python,bcbio/bcbio-nextgen,index,11,2
python,array-split/array_split,ShapeSplitter.set_split_extents_by_split_size,45,7
python,vmalloc/dessert,AssertionRewriter.variable,6,1
python,saltstack/salt,user_verify_password,41,10
python,ev3dev/ev3dev-lang-python,UltrasonicSensor.distance_inches_continuous,10,2
python,pyannote/pyannote-metrics,reindex,5,1
python,PyCQA/astroid,AsStringVisitor.visit_extslice,3,2
python,scanny/python-pptx,BaseShapeFactory,17,4
python,inspirehep/inspire-dojson,related_records2marc,21,4
python,SiLab-Bonn/pylandau,fwhm,21,3
python,CalebBell/fluids,Chisholm,121,18
python,materialsproject/pymatgen,SlabEntry.from_dict,14,1
python,ejeschke/ginga,SaveImage.update_channels,27,6
python,Erotemic/utool,compose_functions,11,1
python,tensorflow/tensor2tensor,transformer_nat_small,24,1
python,fred49/argtoolbox,Element._load,76,15
python,lk-geimfari/mimesis,RussiaSpecProvider.patronymic,10,1
python,tjcsl/ion,User.last_first_initial,6,3
python,chaoss/grimoirelab-sortinghat,EmailMatcher.match_filtered_identities,27,8
python,refinery29/chassis,ServiceFactory._replace_service_arg,3,1
python,bibanon/BASC-py4chan,download_file,16,6
python,senaite/senaite.core,UniqueFieldValidator.query_parent_objects,23,6
python,nteract/bookstore,BookstorePublishHandler._publish,33,3
python,softlayer/softlayer-python,cli,17,8
python,mitodl/edx-api-client,CourseDetails.get_detail,17,1
python,fastai/fastai,trainable_params,4,1
python,portfoliome/postpy,MaterializedView.create,9,3
python,maas/python-libmaas,MachineSSHMixin._check_ssh,9,2
python,CodeReclaimers/neat-python,DistributedEvaluator._reset_em,5,1
python,saltstack/salt,decode_embedded_strs,23,8
python,brainiak/brainiak,bootstrap_isc,114,29
python,bwohlberg/sporco,ADMMTwoBlockCnstrnt.getmin,11,5
python,apache/spark,CloudPickler.save_inst,37,7
python,romanz/trezor-agent,_key_info,9,3
python,angr/angr,SimCC.set_return_val,20,10
python,krischer/django-plugins,SyncPlugins.all,15,3
python,DC23/scriptabit,copy_default_config_to_user_directory,20,4
python,pettarin/ipapy,IPAString.cns_vwl_str_len_wb,12,3
python,jwodder/doapi,Droplet.restore,18,3
python,neithere/monk,one_of,16,5
python,pysathq/pysat,MapleCM.get_core,7,3
python,jmgilman/Neolib,Context.addProxyObject,8,2
python,lrq3000/pyFileFixity,SortedDict.popitem,13,3
python,pypa/pipenv,ParseBaseException.markInputline,10,2
python,abe-winter/pg13-py,Row.select,7,4
python,reingart/pyafipws,WSLTV.AgregarBonificacion,5,1
python,empirical-org/Quill-NLP-Tools-and-Datasets,training_data,37,8
python,hardbyte/python-can,UcanServer.check_version_is_equal_or_higher,11,3
python,materialsproject/custodian,VaspJob.full_opt_run,64,12
python,pyviz/param,ParameterizedFunction.script_repr,7,2
python,openclimatedata/pymagicc,_Reader.process_data,20,1
python,Duke-GCB/lando-messaging,WorkQueueProcessor.process_messages_loop,10,2
python,ramses-tech/ramses,ESBaseView.get_item_es,19,4
python,volafiled/python-volapi,User.register,11,3
python,pyinvoke/invocations,_find_package,30,11
python,chbrown/viz,hist,40,14
python,mcieslik-mctp/papy,_comp_task,11,2
python,gwastro/pycbc,segment_snrs,28,3
python,angr/claripy,StridedInterval.least_upper_bound,43,11
python,gmr/tredis,Client._on_cluster_data_moved,18,2
python,useblocks/sphinxcontrib-needs,procces_filters,37,13
python,dairiki/python-libtcd,Tcd.append,8,1
python,glue-viz/glue-vispy-viewers,EmitterGroup.connect,10,2
python,esterhui/pypu,service_flickr._update_config,19,6
python,bigchaindb/bigchaindb,Exchange.dispatch,10,4
python,awslabs/sockeye,regular_file,12,2
python,thespacedoctor/tastic,baseClass.sort_tasks,80,17
python,jmgilman/Neolib,KitchenQuest.submitQuest,17,4
python,dourvaris/nano-python,convert,30,5
python,thorgate/django-esteid,ocsp_responder_certificate_path,11,2
python,CZ-NIC/yangson,SchemaNode._iname2qname,5,2
python,saltstack/salt,archive,36,3
python,Zsailer/phylopandas,_write_method,26,2
python,materialsproject/pymatgen,get_symbol_list,23,8
python,mcs07/ChemDataExtractor,ListType.serialize,3,2
python,globocom/GloboNetworkAPI-client-python,ApiEnvironment.update,10,2
python,fprimex/zdesk,ZendeskAPI.view_delete,5,1
python,spacetelescope/stsci.tools,Section.as_list,19,2
python,note35/sinon,SinonAssertion.alwaysCalledWithMatch,8,2
python,Opentrons/opentrons,known_pipettes,5,4
python,python-diamond/Diamond,CephCollector.get_default_config,12,1
python,rene-aguirre/pywinusb,winapi_result,6,3
python,nicolargo/glances,GlancesWebList.set_server,3,2
python,deepmind/sonnet,BatchNormLSTM.state_size,9,2
python,wuher/devil,PermissionController._has_perm,10,6
python,ARMmbed/icetea,PluginManager.start_external_service,19,3
python,evhub/coconut,Compiler.bind,51,2
python,RedHatInsights/insights-core,get_pool,15,4
python,fananimi/pyzk,ZK.poweroff,14,2
python,fabioz/PyDev.Debugger,SortImports._add_comments,6,1
python,icemac/toll,commands,12,6
python,django-leonardo/django-leonardo,Leonardo.get_app_modules,28,9
python,blazelibs/blazeutils,csvtolist,7,2
python,hollenstein/maspy,calcPeptideMass,34,5
python,jefflovejapan/drench,Peer.read,20,4
python,ambitioninc/django-query-builder,Table.remove_field,17,3
python,pygobject/pgi,ActionGroup.add_radio_actions,54,18
python,njharman/die,Roll.iter,7,2
python,totalgood/pugnlp,Detector.candidates,23,6
python,stan-dev/pystan,_pars_total_indexes,57,6
python,gmr/tinman,Model.sha1,6,2
python,spyder-ide/spyder,LineNumberArea.mouseMoveEvent,18,5
python,openego/ding0,plot_mv_topology,285,38
python,jaepil/twkorean,to_utf8,13,8
python,danilobellini/audiolazy,lpc,36,6
python,fracpete/python-weka-wrapper3,OptionHandler.to_dict,10,2
python,halcy/Mastodon.py,Mastodon.status_delete,7,1
python,xtrementl/focus,SettingLexer._new_token,15,5
python,ttinies/sc2gameLobby,getLocalIPaddress,17,4
python,libtcod/python-tcod,BSP.in_order,10,2
python,geophysics-ubonn/reda,compute_K,96,11
python,LeKono/pyhgnc,QueryManager._one_to_many_query,17,6
python,Microsoft/azure-devops-python-api,TaskClient.get_attachment_content,37,11
python,hollenstein/maspy,_findUniqueMappingValues,13,5
python,minhhoit/yacms,BaseImporterCommand.add_comment,16,3
python,odlgroup/odl,TheanoOperator.perform,39,2
python,LuqueDaniel/pybooru,DanbooruApi_Mixin.forum_topic_update,14,1
python,heikomuller/sco-datastore,DefaultImageManager.get_directory,19,3
python,saltstack/salt,show_conf,20,3
python,mehmetg/streak_client,StreakClient.delete_pipeline_stage,19,5
python,saltstack/salt,AsyncClientMixin.asynchronous,15,3
python,Rockhopper-Technologies/enlighten,download,17,2
python,Iotic-Labs/py-IoticAgent,Feed.share,31,5
python,spyder-ide/spyder,EditorStack.save_all,7,3
python,bwhite/hadoopy,isempty,10,5
python,mjirik/io3d,_expand_dataset_packages,14,5
python,tamasgal/km3pipe,convert_runsummary_to_json,36,10
python,mthornhill/django-postal,Resource.cleanup_request,14,6
python,nugget/python-insteonplm,IM._get_first_all_link_record,13,2
python,coghost/izen,TermTable._print_value,10,4
python,dreipol/djangocms-spa,DjangoCmsMixin.get_placeholder_field_names,5,3
python,facetoe/zenpy,UserApi.group_memberships,8,2
python,nateshmbhat/pyttsx3,Engine._init__,15,2
python,Carbonara-Project/Guanciale,binary_search,14,4
python,pantsbuild/pants,_DependentGraph._validate,10,4
python,saltstack/salt,_get_patches,13,3
python,google/grr,Factory.Create,70,15
python,AndrewAnnex/SpiceyPy,diags2,16,1
python,razorpay/razorpay-python,Client.delete,6,1
python,CitrineInformatics/pif-dft,PwscfParser._is_converged,9,7
python,fprimex/zdesk,ZendeskAPI.problems_autocomplete,12,3
python,helixyte/everest,get_nested_attribute,15,3
python,scott-griffiths/bitstring,ConstBitStream.peek,13,5
python,shunsukeaihara/pyssp,lpr_kurtosis,12,2
python,hazelcast/hazelcast-python-client,MultiMap.contains_key,12,3
python,pzs741/TEDT,list_mapping,28,6
python,codenerix/django-codenerix,objectatrib,20,4
python,praekelt/django-moderator,CommentAdmin.queryset,16,2
python,DataDog/integrations-core,Server.send_message_with_response,77,11
python,Erotemic/utool,safe_listget,8,4
python,LuqueDaniel/pybooru,DanbooruApi_Mixin.post_flag_list,14,2
python,pybel/pybel,NetworkManager.has_name_version,3,2
python,larsmans/seqlearn,validate_lengths,24,3
python,thomasballinger/trellocardupdate,TrelloUpdater.ask_for_board_id,7,12
python,atztogo/phonopy,write_dftbp,34,4
python,bcbio/bcbio-nextgen,_write_config_file,15,2
python,illagrenan/django-upload-path,auto_cleaned_path_stripped_uuid4,13,1
python,openeemeter/eeweather,ISDStation.load_tmy3_hourly_temp_data,23,2
python,wummel/linkchecker,from_text,17,4
python,4Catalyzer/flask-resty,Api.add_resource,68,14
python,google/grr,GRRHunt.ProcessClientResourcesStats,17,2
python,GoogleCloudPlatform/cloud-debug-python,PythonBreakpoint._BreakpointEvent,42,13
python,epfl-lts2/pygsp,IOMixIn.from_networkx,65,10
python,apple/turicreate,StyleTransfer.export_coreml,88,6
python,SuperCowPowers/workbench,VTQuery.execute,28,11
python,brentp/cruzdb,Genome.create_url,23,6
python,cameronbwhite/Flask-CAS,create_cas_login_url,23,2
python,poppy-project/pypot,simxSetFloatingParameter,5,1
python,SiLab-Bonn/pyBAR,get_charge,13,5
python,QualiSystems/cloudshell-networking-devices,ConfigurationRunner._validate_configuration_type,7,2
python,openmicroanalysis/pyxray,convert_formula_to_atomic_fractions,22,4
python,GoogleCloudPlatform/appengine-gcs-client,posix_to_dt_str,11,1
python,philgyford/django-spectator,WorkMixin.get_work_kind,7,2
python,diging/tethne,write_documents,32,10
python,StanfordVL/robosuite,Keyboard.on_release,12,5
python,PlaidWeb/Publ,View._get_count_pagination,25,10
python,aiven/pghoard,PGHoard.check_backup_count_and_state,25,6
python,njharman/die,Roll.remove_die,6,2
python,androguard/androguard,Session.get_classes,9,3
python,10gen/mongo-orchestration,ReplicaSet.restart,8,2
python,onnx/onnxmltools,register_shape_calculator,10,3
python,skoczen/will,RoomsPlugin.list_rooms,4,2
python,metric-learn/metric-learn,_PairsClassifierMixin.decision_function,22,5
python,Autodesk/aomi,secretfile_args,32,1
python,tanghaibao/jcvi,insertionpairs,38,10
python,satellogic/telluric,_stack_bands,26,2
python,materialsvirtuallab/monty,WildCard.match,8,4
python,bfrog/whizzer,MsgPackProtocol.data,8,2
python,csparpa/pyowm,OWM25.weather_at_places_in_bbox,48,10
python,allenai/allennlp,create_serialization_dir,62,16
python,senseobservationsystems/commonsense-python-lib,SenseAPI.OauthAuthorizeApplication,26,7
python,geertj/gruvi,Stream.close,12,3
python,angr/angr,CallingConventionAnalysis._analyze_function,21,5
python,zalando/patroni,Retry.copy,5,1
python,bihealth/vcfpy,QuotedStringSplitter.run,25,3
python,dtmilano/AndroidViewClient,ViewClient.__updateNavButtons,19,5
python,thunder-project/thunder,Series.min,5,1
python,bokeh/bokeh,read_url,10,2
python,inspirehep/inspire-crawler,get_job_logs,26,4
python,mozilla/python-zeppelin,MarkdownConverter.convert,8,1
python,fabiocaccamo/django-maintenance-mode,need_maintenance_response,101,35
python,BD2KGenomics/toil-scripts,download_shared_files,14,3
python,Jayin/ETipsService,WyuNews.get_news_content,10,1
python,dlintott/gns3-converter,Node.add_slot_ports,27,6
python,mila/pyoo,VerticalCellRange.__get_values,7,1
python,DAI-Lab/Copulas,Edge.sort_edge,8,1
python,kodexlab/reliure,Optionable.get_option_value,9,2
python,numenta/htmresearch,_sampleRange,10,3
python,opennode/waldur-core,CreationTimeStatsView.list,19,7
python,jtwhite79/pyemu,setup_sfr_reach_parameters,104,19
python,data61/clkhash,IntegerSpec.validate,36,6
python,TaylorSMarks/playsound,_playsoundWin,33,4
python,clusterpoint/python-client-api,Response.get_content_string,4,2
python,line/line-bot-sdk-python,LineBotApi.set_rich_menu_image,19,2
python,cons3rt/pycons3rt,is_aws,31,8
python,bitesofcode/projexui,XTimerLabel.reset,8,1
python,creare-com/pydem,DEMProcessor._plot_debug_slopes_directions,52,2
python,Yelp/kafka-utils,PartitionCountBalancer.decommission_brokers,21,5
python,peepall/FancyLogger,FancyLogger.info,10,2
python,adafruit/Adafruit_Python_LED_Backpack,Matrix8x16.set_pixel,8,4
python,ejeschke/ginga,GingaShell.prev_img,9,2
python,nickoala/telepot,include_callback_query_chat_id,13,1
python,ejeschke/ginga,ImageViewBase.getwin_buffer,9,2
python,openstack/horizon,UpdateProject._update_project,27,5
python,saltstack/salt,import_,95,20
python,quora/qcore,assert_in,3,2
python,eyurtsev/FlowCytometryTools,save,15,3
python,nitmir/django-cas-server,LogoutView.init_get,9,1
python,NuGrid/NuGridPy,se.get_elemental_abunds,34,10
python,Microsoft/azure-devops-python-api,IdentityClient.read_member,22,4
python,twilio/twilio-python,CountryList.page,38,2
python,PyCQA/pydocstyle,ConventionChecker.check_no_blank_before,14,4
python,angr/pyvex,IRSB.extend,67,18
python,yueyoum/social-oauth,Router.add,56,24
python,brocade/pynos,brocade_interface_ext.get_interface_detail_output_interface_wavelength,16,1
python,lemieuxl/pyplink,PyPlink.seek,13,3
python,DeepHorizons/iarm,UnconditionalBranch.BL,13,3
python,benhoff/pluginmanager,PluginInterface.add_plugin_directories,10,2
python,honzamach/pydgets,TableWidget.table_measure,17,3
python,tanghaibao/jcvi,genestatus,23,6
python,chaosmail/python-fs,list,6,4
python,m32/endesive,Template.load_elements,5,2
python,PmagPy/PmagPy,MagMainFrame.set_dm,23,4
python,modin-project/modin,BasePandasDataset.rank,40,4
python,satori-ng/hooker,EventList.append,24,7
python,iotile/coretools,AWSIOTDeviceAdapter._bind_topics,12,3
python,flowersteam/explauto,CMADataLogger.downsampling,37,6
python,apple/turicreate,plot_tree,33,3
python,janpipek/physt,is_bin_subset,16,5
python,shawnsilva/steamwebapi,_SteamWebAPI.retrieve_request,10,2
python,tcalmant/ipopo,ServiceRegistrationHandler.on_property_change,10,2
python,sammchardy/python-kucoin,Client.cancel_all_orders,18,2
python,vallis/libstempo,solve_coupled_ecc_solution,20,2
python,openego/ding0,assign_bus_results,25,9
python,pydata/xarray,_contains_cftime_datetimes,17,6
python,secdev/scapy,LargeTlvBuilder.get_data,7,3
javascript,Spiffyk/twitch-node-sdk,getStatus,18,7
javascript,Tamersoul/magic-wand-js,,19,4
javascript,Accela-Inc/accela-rest-nodejs,setAuthType,19,4
javascript,rowanmanning/thingme,createWebservice,14,1
javascript,ariatemplates/ariatemplates,,31,5
javascript,cp2017/sign,,20,4
javascript,eclipse/orion.client,run,6,3
javascript,nodeGame/nodegame-server,strGetter,17,6
javascript,neyric/webhookit,,26,12
javascript,alonbardavid/coffee-script-mapped,handleUncaughtExceptions,26,7
javascript,hebcal/hebcal-js,hebElapsedDays,18,9
javascript,ssbc/patchwork,onlyFollowing,14,5
javascript,brynbellomy/otis,switchTab,22,6
javascript,5long/roil,,27,10
javascript,sociomantic-tsunami/nessie-ui,,22,8
javascript,keleko34/czosnek,attachExtensions,11,1
javascript,neyric/webhookit,,22,8
javascript,rhdeck/yarnif,useYarn,9,4
javascript,melonjs/melonJS,soundLoadError,20,5
javascript,ten1seven/jRespond,,16,11
javascript,saltfactory/passport-tistory,TistoryStrategy,43,13
javascript,AppGeo/cartodb,toSQL,24,8
javascript,apache/incubator-echarts,run,62,9
javascript,freiksenet/react-kinetic,,13,1
javascript,stampit-org/stamp,,12,1
javascript,baidu/san,loadModule,72,14
javascript,mage/mage,Store,8,1
javascript,reelyactive/advlib,Identifier,29,17
javascript,InsideInc/node-pinterest-api,buildResponse,9,4
javascript,adamlofting/geckoboard-json,lineChart,47,15
javascript,firefox-devtools/debugger,wrapExpressionFromAst,16,1
javascript,julianburr/sketchtool-cli,runPluginWithIdentifier,19,6
javascript,mu29/react-radio-buttons,componentWillReceiveProps,9,4
javascript,pubkey/broadcast-channel,_handleMessagePing,64,17
javascript,jmjuanes/electron-ejs,ParsePath,17,3
javascript,chirashijs/chirashi,getStyleProp,8,4
javascript,Biyaheroes/bh-mj-issue,documentParser,28,8
javascript,dbowring/elm-forest,,12,2
javascript,ArnaudBuchholz/gpf-js,_onScroll,9,3
javascript,gallactic/gallactickeys,verifyAndDecrypt,11,3
javascript,canjs/can-view-scope,,41,12
javascript,claudio-silva/grunt-angular-builder,warnAboutGlobalCode,23,5
javascript,jonschlinkert/normalize-config,copyNonfiles,9,4
javascript,pissang/claygl,,9,2
javascript,openaps/oref0,calculate_expected_delta,7,1
javascript,chapmanu/hb,,14,1
javascript,kentcdodds/genie,_repositionWishIdInEnteredMagicWordsArray,13,4
javascript,adobe/brackets,openDocument,7,4
javascript,firebase/angularfire,FirebaseStorage,40,2
javascript,throneteki/throneteki-deck-helper,formatDeckAsShortCards,19,6
javascript,boilerplates/scaffold,Scaffold,19,4
javascript,nodeca/pako,deflate_fast,114,26
javascript,apostrophecms/apostrophe,,3,1
javascript,dalekjs/dalek-internal-webdriver,,15,2
javascript,robgietema/twist,,9,2
javascript,goliatone/influx-line-protocol-parser,parse,52,7
javascript,Justineo/kolor,Octet,8,1
javascript,nolimits4web/dom7,es,39,7
javascript,clientIO/joint,,11,9
javascript,neyric/webhookit,,4,2
javascript,google/marzipano,async,16,3
javascript,joetidee/enzyme-react-intl,shallowWithIntl,5,1
javascript,ipfs-shipyard/peer-crdt,newPosId,19,7
javascript,Stitchuuuu/thread-promisify,Threadify,48,14
javascript,SAP/openui5,addUrlForSchema,17,5
javascript,leancloud/javascript-sdk,,17,5
javascript,namics/gondel,handleEvent,5,1
javascript,kaelzhang/neuron.js,get_module,22,7
javascript,gamedev-js/gfx.js,_commitCullMode,11,3
javascript,strongloop/microgateway-datastore,,67,15
javascript,SAP/openui5,,15,2
javascript,mphasize/sails-generate-ember-blueprints,,16,3
javascript,adrai/devicestack,,95,21
javascript,allex-servercore-libs/servicepack,distinctElements,9,2
javascript,itsa/itsa-event,,94,34
javascript,reaganthomas/algebra.laws,associativity,9,1
javascript,hex7c0/browser-language,language,87,27
javascript,mantoni/glob-tree.js,SingleStarIterator,5,1
javascript,glennjones/microformat-shiv,,10,5
javascript,kaola-fed/megalo,defineReactive$$1,57,25
javascript,rbuas/memodb,MemoDB,19,5
javascript,Alhadis/DOMTokenList,,38,8
javascript,perry-mitchell/webdav-fs,,31,11
javascript,SimonRichardson/squishy-pants,fo,68,31
javascript,iuap-design/tinper-neoui-grid,,12,6
javascript,sofa/sofa,,10,1
javascript,deanlandolt/endo,UnauthorizedError,7,1
javascript,Zeindelf/utilify-js,isEmpty,30,7
javascript,hustcc/slice.js,parseSliceString,16,7
javascript,mapbox/hubdb,remove,14,2
javascript,filerjs/filer,quantile,18,4
javascript,MithrilJS/mithril.js,removeNodes,6,3
javascript,freedomjs/freedom,generateFrame,315,79
javascript,josdejong/mathjs,exclude,7,1
javascript,catapult-project/catapult,doctypeInInitialMode,6,3
javascript,Dafrok/BMapLib.TextIconOverlay,,13,5
javascript,tcorral/JSONC,crcTable,18,9
javascript,MRN-Code/bookshelf-shield,validate,9,1
javascript,tolokoban/ToloFrameWork,,11,3
javascript,nodejitsu/contour,links,11,7
javascript,owncloud/davclient.js,,17,9
javascript,jonschlinkert/template,Base,11,7
javascript,googlearchive/node-big-rig,ModelIndices,12,4
javascript,taoyuan/lwim,Font,78,11
javascript,shorelle/sw-api-js,makeRequest,11,2
javascript,chrisenytc/livi18n,,7,3
javascript,GeoXForm/esri-to-geojson,convertFieldName,4,1
javascript,goldfire/howler.js,,16,1
javascript,baidu/san,readParenthesizedExpr,7,1
javascript,robinpowered/robin-js-sdk-public,RobinApi,11,2
javascript,sbarwe/node-red-contrib-contextbrowser,copycontext,21,6
javascript,clientIO/joint,,19,3
javascript,hilkenan/formgen-react,minValue,12,5
javascript,ILLGrenoble/guacamole-common-js,asKeyArray,26,7
javascript,juliostanley/websdk,,19,6
javascript,fex-team/kity,,10,2
javascript,TerriaJS/terriajs,prefilterAddresses,20,5
javascript,fd/fd-angular-core,Component,46,11
javascript,ryanstevens/deepobserve,Model,8,4
javascript,apostle/apostle.js,,25,6
javascript,remarkjs/remark,decodeRaw,6,1
javascript,crosswalk-project/crosswalk-app-tools,Manifest,221,67
javascript,feross/spoof,tryWindowsKey,35,9
javascript,grasshopper-cms/grasshopper-core-nodejs,,49,21
javascript,tikonen/blog,updateProgress,11,3
javascript,yukik/koyomi,getShubun,20,13
javascript,EclairJS/eclairjs,,12,4
javascript,koalyptus/TableFilter,ipAddress,11,3
javascript,levexis/grunt-selenium-webdriver,stop,25,7
javascript,quantumpayments/media,bin,31,7
javascript,wavesoft/jbb,,10,2
javascript,wellcaffeinated/PhysicsJS,,10,1
javascript,eclipse/orion.client,Assertion,5,2
javascript,anseki/plain-overlay,getBBox,12,2
javascript,smartsheet-platform/smartsheet-javascript-sdk,buildRequestor,10,3
javascript,telligro/opal-nodes,checkEmail,24,5
javascript,GoblinDBRocks/GoblinDB,add,13,3
javascript,emmetio/emmet,,13,7
javascript,treasonx/grunt-markdown,getTemplate,4,1
javascript,Tamersoul/magic-wand-js,,9,3
javascript,cubehouse/PSNjs,GetHeaders,22,7
javascript,switer/chainjs,setAlltoNoop,5,1
javascript,SheetJS/js-xlsx,get_get_computed_style_function,7,4
javascript,eslint/eslint,doesMemberExpressionContainCallExpression,9,2
javascript,ncuillery/angular-breadcrumb,,13,5
javascript,solderjs/osx-wifi-volume-remote,set,17,3
javascript,TerriaJS/terriajs,buildRequestData,16,2
javascript,WorldMobileCoin/wmcc-core,VersionPacket,16,3
javascript,BioPhoton/angular1-star-rating,bulkCopy,16,4
javascript,Tamersoul/magic-wand-js,,6,1
javascript,lujintan/sherrie-cmd-scaffold,asyncLoad,30,6
javascript,primus/primus,decode,7,2
javascript,niallo/deadlift,updateStatus,18,6
javascript,KirinJS/kirin-build,,12,6
javascript,elastic/elasticsearch-js,buildUpdate,108,26
javascript,percy/ember-percy,finalizeBuildOnce,19,2
javascript,emailjs/emailjs-mime-types,detectExtension,24,12
javascript,airbrite/muni,,19,10
javascript,flipside/gulp-graphql,,18,6
javascript,SAP/openui5,tokenizeSingleQuotedString,25,9
javascript,ariatemplates/ariatemplates,,76,16
javascript,project-sunbird/sunbird-telemetry-sdk,,164,25
javascript,stadt-bielefeld/wms-capabilities-tools,determineVersion,21,8
javascript,jfseb/mgnlq_er,expandTokenMatchesToSentences2,85,19
javascript,mongodb/node-mongodb-native,,19,3
javascript,sealice/koa2-ueditor,,23,4
javascript,EricCrosson/coinmarketcap-api,getMarketCaps,10,1
javascript,webdriverio/webdriverio,,17,5
javascript,deliciousinsights/fb-flo-brunch,setOptions,42,16
javascript,pissang/claygl,,5,1
javascript,Tamersoul/magic-wand-js,,10,3
javascript,LightCircle/LightCore,setUpdateListener,8,1
javascript,feathers-plus/feathers-authentication-management,AuthManagement,67,8
javascript,CocoonIO/cocoon-cloud-sdk,downloadProjectCompilation,32,8
javascript,apache/cordova-ios,getXcodeBuildArgs,59,22
javascript,ariatemplates/ariatemplates,,46,14
javascript,skerit/alchemy-styleboost,,14,4
javascript,bvalosek/grunt-infusionsoft,,23,3
javascript,taion/rrtr,listenBeforeLeavingRoute,36,10
javascript,ariatemplates/ariatemplates,,14,3
javascript,SAP/openui5,,10,7
javascript,ionic-team/ionic-app-scripts,,43,11
javascript,Mosho1/reacquire,searchCache,19,4
javascript,strongloop/strong-mq,CreateStomp,14,2
javascript,greggman/twgl.js,normalize,15,3
javascript,postmanlabs/postman-collection,,15,5
javascript,espruino/EspruinoTools,setStorageBufferFile,23,8
javascript,apache/cordova-plugin-file-transfer,,145,28
javascript,SeleniumHQ/selenium,configureExecutor,18,1
javascript,optimizely/javascript-sdk,,7,4
javascript,cast-org/figuration,,12,3
javascript,Microsoft/vscode,configureCommandlineSwitches,13,5
javascript,sociomantic-tsunami/nessie-ui,bidiSimplify,3,20
javascript,nfantone/mu-koan,bootstrap,30,4
javascript,splunk/splunk-sdk-javascript,correctFloat,9,2
javascript,splunk/splunk-sdk-javascript,brighten,15,6
javascript,o2team/athena,build,18,7
javascript,mtth/avsc,readHead,8,2
javascript,hl198181/neptune,,16,4
javascript,domvm/domvm,binaryFindLarger,27,10
javascript,NASAWorldWind/WebWorldWind,geodeticToGeocentric,35,13
javascript,karma-runner/karma,CaptureTimeoutLauncher,23,4
javascript,noderaider/repackage,setKey,5,2
javascript,Allenice/madoka,,18,4
javascript,vseryakov/backendjs,,5,1
javascript,mattmccray/blam.js,compile_fancy,20,8
javascript,bizdevfe/biz-ui,,17,6
javascript,CleverCloud/clever-tools,performPreorder,9,2
javascript,MrSwitch/hello.js,,16,2
javascript,saebekassebil/teoria,,4,1
javascript,kogarashisan/LiquidLava,,15,3
javascript,sbruchmann/fn-stack,FNStack,8,1
javascript,gitbrent/PptxGenJS,slide15,53,1
javascript,byron-dupreez/aws-core-utils,deleteKMS,8,2
javascript,RusticiSoftware/TinCanJS,EUCJPDecoder,81,23
javascript,aaronabramov/esfmt,short,11,3
javascript,ynab/ynab-sdk-js,,16,4
javascript,infrabel/themes-gnap,addOrSubtractDurationFromMoment,18,4
javascript,wellcaffeinated/PhysicsJS,,6,3
javascript,apache/incubator-echarts,BMapCoordSys,7,1
javascript,UXFoundry/hashdo,,102,28
javascript,balderdashy/waterline,,8,2
javascript,xiamidaxia/xiami,,56,16
javascript,neurospeech/web-atoms.js,,7,1
javascript,ColorlibHQ/AdminLTE,,29,3
javascript,TerriaJS/terriajs,loadConcepts,67,8
javascript,ryedog/stallion,,5,1
javascript,archilogic-com/3dio-js,normalizeInput,16,6
javascript,kaizhu256/node-utility2,is_false,10,8
javascript,mongoose-helpers/setup-db,addRoutes,5,1
javascript,vindm/procss,,29,10
javascript,stdarg/sprintf.js,parseFormatDescriptor,106,48
javascript,DeMille/dnssd.js,UnicastResponse,22,2
javascript,adrai/node-cqrs-saga,,15,4
javascript,Izhaki/nodemon-webpack-plugin,checkOutput,12,4
javascript,csbun/resize-image,getNewImageDimentions,21,8
javascript,stevebest/passport-vkontakte,VkontakteAuthorizationError,9,3
javascript,neyric/webhookit,,14,5
javascript,arendjr/selectivity,,15,6
javascript,jaggedsoft/node-binance-api,prices,5,3
javascript,zhanziyang/vue-croppa,reject,4,2
javascript,basisjs/basisjs,checkUrl,41,12
javascript,usrz/javascript-rodosha,Request,6,3
javascript,h1bomb/yo,procOptions,44,4
javascript,veo-labs/openveo-api,findDependencies,82,31
javascript,lennartcl/jsonm,tryPackErrorKeys,6,2
javascript,adobe/brackets,init,40,2
javascript,melonjs/melonJS,,10,4
javascript,kgryte/utils-ini-parse,parse,11,3
javascript,openlayers/openlayers,layersPBFReader,15,3
javascript,Tamersoul/magic-wand-js,,29,8
javascript,adobe/brackets,_removeAndInstall,11,2
javascript,bitnami/nami-utils,isFile,8,2
javascript,TooTallNate/node-wav,Writer,20,7
javascript,akabekobeko/npm-wpxml2md,Cell,8,4
javascript,cliffano/eggtart,Eggtart,10,4
javascript,multiplex/multiplex.js,toArray,6,3
javascript,prebid/Prebid.js,,34,10
javascript,octoblu/meshblu,,27,13
javascript,neyric/webhookit,,12,3
javascript,neurospeech/web-atoms.js,,13,3
javascript,clientIO/joint,,5,2
javascript,ariatemplates/ariatemplates,SkippedElementNavigationHandler,13,2
javascript,rpbouman/xmla4js,,4,2
javascript,stomita/node-salesforce,,10,1
javascript,neyric/webhookit,,14,6
javascript,titon/toolkit,,21,4
javascript,thx/brix-loader,query,58,19
javascript,blueberryapps/radium-bootstrap-grid,start,79,8
javascript,skaterdav85/validatorjs,,9,2
javascript,opendigitaleducation/sijil.js,endNode,7,2
javascript,eclipse/orion.client,,8,2
javascript,colinhemphill/pokenode,makeTheCall,13,5
javascript,eclipse/orion.client,,20,5
javascript,kalabox/kalabox,handle,10,2
javascript,Zizzamia/ng-tasty,,8,3
javascript,jurca/szn-options,updateItem,24,5
javascript,bipbop/bipbop-websocket,bundler,11,1
javascript,zerobias/telegram-mtproto,randBigInt,7,1
javascript,AlgoTrader/betfair-sports-api,encodeGetCurrentBets,144,3
javascript,spacemaus/postvox,checkStanza,49,11
javascript,zhuangchuming/co-multipart,multipart,59,16
javascript,jackbearheart/email-addresses,findNode,15,6
javascript,nodeGame/nodegame-server,addStepToBlock,15,4
javascript,ecomfe/rebas,compile,10,3
javascript,ryanramage/schema-couch-boilerplate,expression,41,15
javascript,eclipse/orion.client,parsebody,9,3
javascript,Mermade/oas-kit,objToGraph,42,6
javascript,ynab/ynab-sdk-js,,3,1
javascript,cargomedia/janus-gateway-js,Session,13,2
javascript,AndiDittrich/NodeMCU-Tool,hardreset,18,2
javascript,justadudewhohacks/face-recognition.js,predict,9,1
javascript,VKCOM/node-vk-call,repeater,21,3
javascript,looeee/npm-three-app,TubeGeometry,20,2
javascript,felixrieseberg/npm-windows-upgrade,runSimpleUpgrade,18,5
javascript,eventbrite/britecharts,getCurrentData,10,2
javascript,lorenwest/node-monitor,,16,2
javascript,berkeleybop/bbopx-js,_repaint_on_callback,196,13
javascript,nodeGame/nodegame-server,LanguageSelector,208,16
javascript,tencentyun/cos-js-sdk-v4,sliceInit,59,7
javascript,byron-dupreez/aws-core-utils,extractStageFromQualifiedResourceName,5,2
javascript,roofstock/ember-cli-data-export,parse_ws_xml,59,33
javascript,CyberAgent/beezlib,,4,1
javascript,nearform/udaru,update,23,6
javascript,postmanlabs/postman-collection,,32,12
javascript,tonistiigi/styler,,6,2
javascript,xavierpriour/grunt-stage,,9,3
javascript,prey/prey-node-client,,9,2
javascript,traverson/halfred,parseHalProperty,13,2
javascript,eaze/potluck-opentok-adapter,,25,13
javascript,matmanjs/matman-core,build,101,23
javascript,kissyteam/kissy-xtemplate,onSetAttrChange,8,2
javascript,ocombe/ocLazyLoad,,17,6
javascript,neyric/webhookit,,9,3
javascript,brianc/node-postgres,arrayString,19,9
javascript,Tamersoul/magic-wand-js,,36,11
javascript,christophebe/crawler.ninja,init,7,1
javascript,apache/cordova-osx,writeATSEntries,24,8
javascript,JanitorTechnology/selfapi,,12,4
javascript,SAP/openui5,,4,6
javascript,sendanor/nor-nopg,merge_objects_,7,2
javascript,stadt-bielefeld/wms-downloader,isValid,15,4
javascript,hex7c0/basic-authentication,basic_medium,16,7
javascript,MacKentoch/easyFormGenerator,emptyEdaFieldsModel,19,1
javascript,mapbox/eslint-plugin-react-filenames,getTokenBeforeClosingBracket,7,2
javascript,cjr--/qp-library,,5,1
javascript,substance/texture,_getFileRecord,37,8
javascript,tangdaohai/vue-happy-scroll,initBrowserSize,14,3
javascript,TerriaJS/terriajs,,222,39
javascript,Lanfei/websocket-lib,Client,85,21
javascript,eslint/eslint,resolveFileGlobPatterns,7,2
javascript,rstudio/shiny-server,forEachPromise_p,34,6
javascript,marklogic/node-client-api,notIn,13,5
javascript,ariatemplates/ariatemplates,,12,3
javascript,tonistiigi/styler,,25,5
javascript,carrascoMDD/asyncshell,,13,3
javascript,anseki/plain-draggable,move,35,14
javascript,jldec/pub-util,diff,7,7
javascript,objectivehtml/FlipClock,,7,2
javascript,sebhildebrandt/systeminformation,dockerContainerStatsSingle,63,23
javascript,pex-gl/pex-renderer,Animation,12,2
javascript,NaturalNode/natural,disambiguateRule2,10,3
javascript,SAP/openui5,,29,5
javascript,SAP/openui5,,5,4
javascript,ariatemplates/ariatemplates,getSiblings,26,1
javascript,eclipse/orion.client,,12,8
javascript,ILLGrenoble/guacamole-common-js,replayFrame,14,5
javascript,knownasilya/ember-leaflet-cartodb,,6,2
javascript,AndiDittrich/NodeMCU-Tool,devices,22,4
javascript,BonsaiDen/lithium,,13,3
javascript,canjs/can-connect,,12,3
javascript,Palmabit-IT/json-compiler,iterateArray,5,1
javascript,Ma3Route/node-sdk,passResponse,18,10
javascript,jhermsmeier/node-cyclic-32,crc32,28,4
javascript,ariatemplates/ariatemplates,,7,2
javascript,dagrejs/dagre,injectEdgeLabelProxies,11,3
javascript,straker/livingcss,parse_description,11,6
javascript,mrvisser/node-corporal,,4,1
javascript,akveo/nebular,redirect,6,5
javascript,borela/themeable,joinFlairs,16,4
javascript,samcday/node-clusterphone,constructMessageApi,46,9
javascript,eventbrite/britecharts,buildAxis,6,1
javascript,danielstjules/blankshield,addEventListener,20,5
javascript,ReactTraining/history,createBrowserHistory,233,32
javascript,mfranzke/datalist-polyfill,,21,8
javascript,alexgorbatchev/node-browser-builtins,validChunk,16,6
javascript,moleculerjs/moleculer,startWorkers,31,8
javascript,eclipse/orion.client,,6,2
javascript,CartoDB/carto-vl,tileRsys,4,1
javascript,Semantic-Org/Semantic-UI-CSS,,10,2
javascript,wunderbyte/grunt-spiritual-dox,globals,113,4
javascript,kentcdodds/nps,completionHandler,8,3
javascript,san650/ember-web-app,fuzzyPurgeRequireEntry,7,1
javascript,regularjs/regular,,22,8
javascript,welldone-software/gulp-durandal,,12,4
javascript,raincatcher-beta/raincatcher-file,,15,3
javascript,BladeRunnerJS/topiarist,inherit,51,12
javascript,tonyganch/gonzales-pe,getInterpolation,19,4
javascript,hogart/rpg-tools,equipFromInventory,27,8
javascript,lorenwest/monitor-dashboard,,8,1
javascript,eclipse/orion.client,SideMenu,15,3
javascript,jldec/pub-generator,renderDoc,7,2
javascript,oskargustafsson/BFF,reemitItemEvent,5,1
javascript,tblobaum/mongoose-troop,obfuscate,75,21
javascript,graphology/graphology,addEdge,102,24
javascript,edwardwohaijun/simple-filer,,7,2
javascript,atreslesne/lib-node-hosts-pool,Pool,25,10
javascript,moreartyjs/moreartyjs,,14,6
javascript,OpenF2/F2,,11,2
javascript,vergeplayer/vQ,,19,6
javascript,christophercrouzet/pillr,loadTemplate,8,1
javascript,cliffano/cmdt,_failure,4,1
javascript,functional-jslib/fjl,isOneOf,9,3
javascript,aledbf/deis-api,remove,4,1
javascript,wafer-li/hexo-filter-plantuml,zip_pqdownheap,21,6
javascript,bem-archive/bem-tools,,6,3
javascript,feilaoda/power,,51,8
javascript,barc/express-hbs,parseLayout,8,2
javascript,BabylonJS/Spector.js,,5,1
javascript,validate-io/number,isNumber,3,3
javascript,camunda/camunda-bpm-sdk-js,_eachSeries,25,5
javascript,dalekjs/dalek-driver-sauce,,5,1
javascript,incompl/cloak,,17,6
javascript,Workshape/icon-font-generator,generateJson,10,2
javascript,ArminTamzarian/node-calendar,timegm,22,12
javascript,ipfs-shipyard/ipfs-redux-bundle,tryApi,32,7
javascript,jillix/flow-registry,installModule,28,8
javascript,lbdremy/apa-node-client,APAError,6,1
javascript,dalekjs/dalek-driver-sauce,,6,1
javascript,OldSneerJaw/couchster,compareTimes,19,9
javascript,neyric/webhookit,,7,3
javascript,platanus/angular-restmod,,14,4
javascript,maxkfranz/weaver,,7,2
javascript,popeindustries/buddy,define,53,6
javascript,JamieMason/shrinkpack,getGraph,10,1
javascript,robertblackwell/yake,directoryHasFile,31,9
javascript,weepy/kaffeine,tighten,46,18
javascript,GoogleCloudPlatform/cloud-errors-nodejs,handleStringAsError,12,2
javascript,alexpods/InjectorJS,,8,3
javascript,chrisJohn404/ljswitchboard-modbus_map,,129,39
javascript,zdhxiong/mdui,removeRipple,28,3
javascript,lhkbob/eve-swagger-js,makeKillmail,5,1
javascript,xenophy/NextJS,unescapeSpecialChars,7,1
javascript,zsoltszabo/node-uglifier,it_leavesNewVertexWithNewValue,8,1
javascript,BrowserSync/browser-sync,,10,2
javascript,novadiscovery/nway,parse,23,9
javascript,instea/react-native-popup-menu,subscribe,10,2
javascript,benderjs/dom-combiner,mergeHeadBody,10,2
javascript,btd/rollup-plugin-visualizer,flattenTree,12,2
javascript,shalles/servermock,,42,13
javascript,ninsuo/symfony-collection,,6,1
javascript,mongodb-js/data-service,getInstanceDetail,48,2
javascript,weepower/wee-core,_whichTransitionEvent,14,3
javascript,joyent/node-sdc-clients,SigningError,7,2
javascript,greenish/react-mount,reactBootstrapBrowserify,7,1
javascript,canjs/can-bind,,7,3
javascript,create-conform/allume,getItem,3,2
javascript,Caligatio/jsSHA,roundSHA3,66,13
javascript,mikeal/node.couchapp.js,,9,4
javascript,cyclosproject/ng-swagger-gen,processServices,235,79
javascript,idanlo/react-spotify-api,Search,18,5
javascript,Industryswarm/isnode-mod-data,executeWrite,58,18
javascript,jhermsmeier/node-speech,jaro,48,17
javascript,clay/amphora,normalizeRedirectPath,3,3
javascript,ni-kismet/engineering-flot,,4,5
javascript,infrabel/themes-gnap,,18,6
javascript,Zeindelf/utilify-js,isNumber,4,3
javascript,adiwidjaja/frontend-pagebuilder,,5,1
javascript,segmentio/ecs-logs-js,Formatter,11,3
javascript,MobilityData/gtfs-realtime-bindings,EntitySelector,6,4
javascript,sebpiq/backbone.statemachine,,8,4
javascript,opendigitaleducation/sijil.js,getWildcardDirectories,48,26
javascript,acornejo/jjv,,13,3
javascript,Tamersoul/magic-wand-js,,116,43
javascript,neyric/webhookit,,11,4
javascript,psiphi75/web-remote-control,DeviceManager,7,5
javascript,eslint/eslint,getFlippedString,8,1
javascript,jacomyal/sigma.js,,8,1
javascript,hangilc/myclinic-shohousen,render,72,21
javascript,Netflix/unleash,getCommits,12,1
javascript,neyric/webhookit,,4,3
javascript,SheetJS/js-xlsx,parse_RgceLoc,6,6
javascript,splunk/splunk-sdk-javascript,,27,6
javascript,cliffano/bagofholding,exec,16,3
javascript,JamesMessinger/swagger-server,moduleExists,11,2
javascript,Samsung/jalangi2,serialize,60,17
javascript,remarkjs/remark-usage,script,36,6
javascript,epeli/yalr,,11,3
javascript,mipengine/mip2,escapeRegExpCharacter,9,9
javascript,BlackrockDigital/startbootstrap-sb-admin-2,getRelativePosition,9,2
javascript,AlloyTeam/AlloyTouch,,7,3
javascript,citronneur/node-rdpjs,certBlob,11,1
javascript,rranauro/boxspringjs,,19,6
javascript,gilbitron/Raneto,StringStream,6,2
javascript,rajgoel/reveal.js-plugins,,8,2
javascript,mz121star/NJBlog,$ParseProvider,17,4
javascript,sadiqhabib/tinymce-dist,isSameNotification,3,2
javascript,node-inspector/node-inspector,,7,4
javascript,confluentinc/kafka-rest-node,handleProduceResponse,10,3
javascript,quick-sort/jstock,boll,22,5
javascript,SAP/openui5,,5,2
javascript,ariatemplates/ariatemplates,,8,3
javascript,tensor5/JSLinter,jslintFile,47,10
javascript,xuliangzhan/xe-utils,getWhatYear,21,10
javascript,ryanwilliams/cocos2d-javascript,,7,3
javascript,mapbox/mapbox-gl-geocoder,MapboxGeocoder,7,1
javascript,ripple/ripple-rest,getAccountPayments,50,6
javascript,adrai/node-cqrs-domain,,19,7
javascript,zerobias/telegram-mtproto,GCD,7,1
javascript,angular/material,gestureMove,5,3
javascript,catapult-project/catapult,addUnderlyingListener,33,7
javascript,eventbrite/britecharts,_handleDataSizeToggle,6,2
javascript,grasshopper-cms/grasshopper-api-js,_linkIdentity,9,1
javascript,andrewplummer/Sugar,,9,5
javascript,Siilwyn/mustache-prestatic,,21,2
javascript,ryanwilliams/cocos2d-javascript,Place,4,1
javascript,Tamersoul/magic-wand-js,,9,2
javascript,stayradiated/onepasswordjs,,26,3
javascript,ramakrishnan/db-migrate-cassandra,,10,1
javascript,jfseb/mgnlq_er,dumpNice,9,2
go,aws/aws-sdk-go,SetCategory,4,1
go,control-center/serviced,RestoreResourcePools,22,5
go,aws/aws-sdk-go,ListWebACLs,4,1
go,gtarcea/1DevDayTalk2014,Update,10,2
go,inverse-inc/packetfence,Accept,9,2
go,prometheus/node_exporter,NewTimeCollector,9,1
go,NebulousLabs/merkletree,BuildReaderProof,20,6
go,cybozu-go/well,Apply,53,16
go,netrack/openflow,HandleOnce,3,1
go,muesli/beehive,Post,16,2
go,libvirt/libvirt-go,GetUsageID,8,2
go,confluentinc/confluent-kafka-go,String,3,1
go,gocql/gocql,Close,8,3
go,contiv/netplugin,DeleteServiceLB,5,1
go,envoyproxy/go-control-plane,Validate,31,7
go,aws/aws-sdk-go,UnpeerVpcRequest,13,2
go,hyperledger/fabric-sdk-go,NewPeerGroupResolver,6,1
go,topfreegames/pitaya,GetArgReply,5,1
go,aws/aws-sdk-go,SetOrganization,4,1
go,kubernetes/kubernetes,NewCmdAutoscale,30,4
go,mailgun/scroll,registerFrontend,8,2
go,hyperledger/fabric,GetPeers,23,7
go,tideland/golib,List,14,3
go,keimoon/gore,AddShardWithPassword,5,2
go,aws/aws-sdk-go,DescribeGameSessionQueuesWithContext,6,1
go,aws/aws-sdk-go,GetExport,4,1
go,manifoldco/torus-cli,createMachine,42,4
go,aws/aws-sdk-go,SetResourceType,4,1
go,mailgun/mailgun-go,newError,8,1
go,pingcap/tidb,LastUpdateVersion,5,1
go,ethereum/go-ethereum,tuplePointsTo,11,3
go,google/badwolf,Generate,16,4
go,kubernetes/kops,RunTasks,96,26
go,br0xen/termbox-util,GetSelectedIndex,8,3
go,helm/helm,UpdateValueOverrides,5,1
go,aws/aws-sdk-go,GetCurrentUserWithContext,6,1
go,moby/moby,restore,62,11
go,olebedev/go-duktape,Error,5,1
go,miekg/pkcs11,VerifyFinal,4,1
go,aws/aws-sdk-go,SetApiKey,4,1
go,openshift/origin,completeQuota,5,1
go,gambol99/go-marathon,Storage,4,1
go,rqlite/rqlite,isAtomic,10,5
go,mweagle/Sparta,MarshalJSON,13,3
go,goraft/raft,heartbeat,26,5
go,antongulenko/golib,EscapeExistingFlags,7,1
go,lightningnetwork/lnd,validateCommitmentSanity,108,20
go,docker/libnetwork,RequestPool,37,11
go,digota/digota,NewLocker,7,2
go,influxdata/influxdb,FindAuthorizationByToken,8,2
go,fabric8-services/fabric8-wit,List,12,3
go,go-swagger/go-swagger,WithPayload,4,1
go,aws/aws-sdk-go,SetRetiringPrincipal,4,1
go,aws/aws-sdk-go,SetCacheNodeType,4,1
go,aws/aws-sdk-go,SetHidePassword,4,1
go,mweagle/Sparta,writePrettyString,21,3
go,rs/xlog,Close,9,2
go,anthonynsimon/bild,UnsharpMask,32,3
go,cosiner/gohper,Query,26,7
go,exoscale/egoscale,ListRequest,17,4
go,PuerkitoBio/gocrawl,launchWorker,24,2
go,libopenstorage/openstorage,HasTarget,12,4
go,containerd/containerd,ensureDatabaseInitialized,11,3
go,influxdata/influxdb,SetFileCount,12,3
go,aws/aws-sdk-go,substitutePath,10,3
go,aws/aws-sdk-go,CreateRole,4,1
go,aws/aws-sdk-go,DeleteDocumentationPartRequest,14,2
go,hyperledger/fabric,HandleStateUpdates,31,9
go,mesos/mesos-go,Size,7,2
go,kubernetes/kubernetes,Install,10,1
go,aws/aws-sdk-go,SetCslgAtom,4,1
go,hyperhq/hyperd,PortMappingDel,11,3
go,kubernetes/kops,CreateTags,3,1
go,luci/luci-go,getCachedInfo,19,3
go,kataras/go-fs,RenameDir,3,1
go,kubernetes/kubernetes,LabelSelectorParam,11,3
go,cilium/cilium,NewClient,23,6
go,cayleygraph/cayley,rulesFor,22,5
go,shiyanhui/dht,genIndexKeyByTrans,3,1
go,codemodus/parth,Sequent,3,1
go,balzaczyy/golucene,NewIndexWriterConfig,6,1
go,rs/zerolog,AppendFloats32,17,4
go,cilium/cilium,checkOrMountDefaultLocations,46,11
go,Microsoft/hcsshim,IsV10,6,3
go,kubernetes/kubernetes,ValidateDiscoveryBootstrapToken,12,4
go,hashicorp/packer,validate,40,9
go,xanzy/go-cloudstack,NewListDedicatedGuestVlanRangesParams,5,1
go,istio/glog,Warningln,4,1
go,kubernetes/kubernetes,Validate,3,1
go,lightningnetwork/lnd,readHandler,187,43
go,go-gorp/gorp,UpdateColumns,3,1
go,kubernetes/kubernetes,Convert_v1beta1_PodMetrics_To_metrics_PodMetrics,3,1
go,markphelps/optional,Get,7,2
go,kubernetes/kubernetes,PodValidateLimitFunc,95,32
go,keybase/client,readDownPointer,27,11
go,u-root/dhcp4,MarshalBinary,5,1
go,docker/cli,stackFromV1beta1,16,3
go,kubernetes/kubernetes,MetaNamespaceKeyFunc,13,4
go,aws/aws-sdk-go,SetCloudWatchLoggingOptions,4,1
go,deis/k8s-claimer,KubeConfig,11,3
go,huandu/xstrings,Slice,30,14
go,sevlyar/go-daemon,NewLogFile,12,3
go,BurntSushi/xgbutil,WmStrutPartialGet,15,2
go,danryan/hal,Receive,18,6
go,goadesign/goa,UserTypes,47,14
go,chewxy/lingo,shift,9,2
go,aws/aws-sdk-go,SetSourceArn,4,1
go,aws/aws-sdk-go,SetEnd,4,1
go,brocaar/loraserver,FlushGatewayCache,10,2
go,kubernetes/kubernetes,Admit,10,2
go,kubernetes/kubernetes,NewWebhook,24,4
go,sendgridlabs/go-kinesis,NewAuthWithAssumedRole,8,1
go,vitessio/vitess,SupplyCol,3,1
go,securego/gosec,ignore,23,7
go,yarpc/yarpc-go,GetOldString,6,3
go,influxdata/telegraf,processStat,30,9
go,qor/qor-example,ConfigureAdmin,208,12
go,aws/aws-sdk-go,SetRetrievalByteRange,4,1
go,SkygearIO/go-skycli,MakeEmptyRecord,11,2
go,coredns/coredns,External,60,14
go,kubernetes/kubernetes,DeepCopy,8,2
go,terraform-providers/terraform-provider-openstack,getInstanceAddresses,44,12
go,rkt/rkt,TmpFile,7,2
go,vulcand/vulcand,DeleteMiddleware,9,2
go,cloudflare/cloudflare-go,userBaseURL,6,2
go,hashicorp/nomad,GetClientCertificate,5,1
go,aws/aws-sdk-go,SetAnnotationValue,4,1
go,aws/aws-sdk-go,SetQueryExecutionId,4,1
go,m3db/m3x,NewOptions,8,1
go,luci/luci-go,Ensure,13,3
go,casbin/casbin,AddPolicy,3,1
go,pilosa/pilosa,row,11,3
go,pivotal-cf/brokerapi,ValidatedStatusCode,9,4
go,sirupsen/logrus,WithContext,5,1
go,qor/qor,Decode,15,2
go,chrislusf/gleam,FindCols,12,3
go,aws/aws-sdk-go,SetServerName,4,1
go,aws/aws-sdk-go,SetPlacementId,4,1
go,libp2p/go-libp2p-kad-dht,GetClusterLevel,7,2
go,hashicorp/nomad,setImplicitConstraints,49,13
go,go-playground/locales,WeekdayAbbreviated,3,1
go,morikuni/aec,Apply,6,2
go,atlassian/smith,GetBundlesByObject,3,1
go,aws/aws-sdk-go,DeleteApplicationsWithContext,6,1
go,aws/aws-sdk-go,SetPlatform,4,1
go,scylladb/gocqlx,TTL,4,1
go,ethereum/go-ethereum,SetHandshakeController,25,1
go,nats-io/gnatsd,handleSignals,14,3
go,nlopes/slack,GetGroupByID,8,3
go,gosuri/uiprogress,CompletedPercent,3,1
go,br0xen/termbox-util,GetOptionFromText,9,3
go,aws/aws-sdk-go,RenderUiTemplateWithContext,6,1
go,ceph/go-ceph,Stat,19,2
go,hyperledger/fabric-sdk-go,NewIdentityManager,42,11
go,aws/aws-sdk-go,SetStatus,4,1
go,aws/aws-sdk-go,SetFaceModelVersions,4,1
go,aws/aws-sdk-go,SetCommitSpecifier,4,1
go,keybase/client,MakeAllIds,7,2
go,aws/aws-sdk-go,DeleteTrafficPolicyInstanceRequest,14,2
go,coscms/xorm,SQL,16,4
go,kubernetes/kubernetes,cachedHasSynced,16,4
go,aws/aws-sdk-go,SetPmtPid,4,1
go,kubernetes/minikube,LoadCachedImagesInConfigFile,10,3
go,lightningnetwork/lnd,InitNextRevocation,5,1
go,aws/aws-sdk-go,SetCheckerIpRanges,4,1
go,juju/juju,SetSuspended,73,18
go,montanaflynn/stats,sortedCopyDif,8,2
go,gorilla/handlers,CompressHandlerLevel,63,12
go,juju/juju,Run,14,4
go,aws/aws-sdk-go,SetConsumerARN,4,1
go,aws/aws-sdk-go,SetParameterKey,4,1
go,aws/aws-sdk-go,UpdateLicenseConfigurationRequest,14,2
go,aws/aws-sdk-go,SetPolicyVersions,4,1
go,git-lfs/git-lfs,RepositoryPermissions,7,2
go,aporeto-inc/trireme-lib,Run,6,2
go,aws/aws-sdk-go,SetFields,4,1
go,argoproj/argo-cd,DeepCopy,8,2
go,klauspost/compress,NewWriterLevel,3,1
go,salsaflow/salsaflow,goSearchIssues,10,1
go,aws/aws-sdk-go,Validate,39,16
go,aws/aws-sdk-go,SetTrafficDialPercentage,4,1
go,aws/aws-sdk-go,Validate,18,6
go,magefile/mage,Output,5,1
go,kubernetes-retired/contrib,parseLiteralSource,7,2
go,aws/aws-sdk-go,RemoveThingFromThingGroupRequest,14,2
go,go-playground/locales,OrdinalPluralRule,3,1
go,aws/aws-sdk-go,SetDirectoryId,4,1
go,aws/aws-sdk-go,PutRolePolicy,4,1
go,golang/oauth2,AppEngineTokenSource,3,1
go,cilium/cilium,lookupAndDeleteServiceWeights,8,3
go,Jumpscale/go-raml,GetProperty,9,2
go,denverdino/aliyungo,DeleteProject,10,2
go,containers/storage,Get,12,5
go,aws/aws-sdk-go,SetUserName,4,1
go,lestrrat-go/jsref,Resolve,35,8
go,aws/aws-sdk-go,GetObjectLegalHold,4,1
go,spf13/cobra,ResetFlags,11,1
go,google/go-github,GetGrant,13,3
go,go4org/go4,ItemByID,59,19
go,aws/aws-sdk-go,Validate,13,5
go,hyperledger/fabric,Modsub,3,1
go,ikeikeikeike/go-sitemap-generator,Get,3,1
go,containous/traefik,DeepCopyInto,9,2
go,abursavich/nett,parseIPv6,93,29
go,kyokomi/go-docomo,GetSearch,26,7
go,hashicorp/vault,handleRoleTagLogin,59,21
go,pilosa/pilosa,ShardNodes,8,2
go,gopasspw/gopass,Shred,34,10
go,aws/aws-sdk-go,Validate,10,3
go,lostisland/go-sawyer,DecodeFrom,13,4
go,aws/aws-sdk-go,Validate,20,7
go,go-playground/locales,MonthWide,3,1
go,beeker1121/goque,Dequeue,34,9
go,aws/aws-sdk-go,PutConfigurationSetSendingOptionsWithContext,6,1
go,docker/libnetwork,ReleaseAll,6,1
go,juju/juju,getStdinPipe,18,7
go,google/go-github,GetURL,6,3
go,kidoman/embd,Wake,6,2
go,AndrewBurian/powermux,Any,4,1
go,kubernetes/kubernetes,ResourceConfigForPod,68,17
go,manifoldco/torus-cli,Get,5,1
go,CapillarySoftware/goreport,dec_ref_int32,8,2
go,mafredri/cdp,SetClip,4,1
go,influxdata/influxdb,PutCellView,5,1
go,Workiva/go-datastructures,Length,12,3
go,kubernetes-retired/contrib,Unlock,13,4
go,choria-io/go-choria,RegisterAgents,3,1
go,hyperledger/fabric-sdk-go,Unregister,3,1
go,vitessio/vitess,Close,12,4
go,intelsdi-x/snap,SelectAndKill,26,4
go,vitessio/vitess,TopoChecksum,5,1
go,lytics/cloudstorage,CleanETag,16,8
go,issue9/assert,False,4,1
go,muesli/beehive,NewLogMessage,9,1
go,tsuna/gohbase,NewPutStr,4,1
go,aws/aws-sdk-go,SetDelimiter,4,1
go,benbjohnson/phantomjs,SetFrameContent,3,1
go,xo/xo,PgLargeobjectMetadatumByOid,16,2
go,go-playground/locales,MonthWide,3,1
go,aws/aws-sdk-go,SetNextToken,4,1
go,kubernetes/kubernetes,maxRequestConstraint,11,3
go,tideland/golib,newResp,13,2
go,atdiar/sac,NewFromPool,5,1
go,russellcardullo/go-pingdom,List,23,5
go,revel/revel,ValidationResult,7,2
go,aws/aws-sdk-go,DeleteApiRequest,14,2
go,kubernetes/kubernetes,replenishQuota,29,11
go,ligato/cn-infra,GetPort,12,5
go,aws/aws-sdk-go,SetRoleAlias,4,1
go,aws/aws-sdk-go,ListInstanceProfilesRequest,13,2
go,aws/aws-sdk-go,GetPhoneNumber,4,1
go,centrifugal/centrifugo,Unsubscribe,27,6
go,luci/luci-go,CreateMachine,6,2
go,dop251/goja,DefineDataProperty,10,1
go,cilium/cilium,Error,6,2
go,aws/aws-sdk-go,SetAutoScalingRoleArn,4,1
go,vitessio/vitess,interceptors,18,4
go,scgolang/sc,Amclip,3,1
go,aws/aws-sdk-go,SetWarnings,4,1
go,henrylee2cn/pholcus,TryFlushSuccess,5,3
go,aws/aws-sdk-go,GetFieldLevelEncryptionWithContext,6,1
go,tendermint/tendermint,intersect,11,4
go,mesosphere/mesos-dns,NewStateLoader,9,1
go,juju/juju,CharmURL,34,7
go,control-center/serviced,AllowRetry,6,2
go,henrylee2cn/pholcus,FileNameReplace,33,13
go,kubernetes/kubernetes,Serve,35,6
go,libvirt/libvirt-go,GetMaxVcpus,13,3
go,gravitational/teleport,CurrentClusterAccessPoint,8,2
go,luci/luci-go,ReadByte,5,1
go,aws/aws-sdk-go,SetId,4,1
go,xanzy/go-cloudstack,ListAutoScalePolicies,11,3
go,brocaar/loraserver,GetGatewaysForIDs,19,5
go,mkideal/cli,ToString,3,1
go,google/go-github,GetAssigneesURL,6,3
go,mesos/mesos-go,Start,33,11
go,aws/aws-sdk-go,ListMetricsRequest,19,2
go,hyperledger/fabric-sdk-go,SecurityAlgorithm,7,2
go,kubernetes/kubernetes,Convert_kubeadm_ExternalEtcd_To_v1beta2_ExternalEtcd,3,1
go,aws/aws-sdk-go,SetName,4,1
go,google/go-github,GetCreatedAt,6,3
go,olivere/elastic,Validate,20,6
go,moby/moby,NoTasksForService,20,9
go,dropbox/dropbox-sdk-go-unofficial,NewPaperChangeDeploymentPolicyDetails,5,1
go,keybase/client,Write,30,8
go,juju/juju,NewCredentialValidatorAPI,3,1
go,google/go-genproto,XXX_OneofFuncs,8,1
go,pkg/sftp,requestMethod,25,11
go,quorumsco/elastic,BoostFactor,4,1
go,keybase/client,HandleFavoritesChanged,24,3
go,aws/aws-sdk-go,SetEngine,4,1
go,juju/juju,PrepareContainerInterfaceInfo,6,1
go,uber-go/dosa,parseTTLTag,22,5
go,aws/aws-sdk-go,SetCreatedTime,4,1
go,vitessio/vitess,GenerateDeleteSubquery,10,1
go,go-kit/kit,DeleteAddress,9,2
go,koding/websocketproxy,NewProxy,11,1
go,obieq/goar,processSorts,18,5
go,grafana-tools/sdk,DeleteDatasourceByName,12,2
go,perkeep/perkeep,closePack,16,4
go,hashicorp/terraform,ChangeType,15,5
go,nak3/kubernetes-manifest-scanner,NewKubectlCommand,43,1
go,flynn/flynn,Start,7,2
go,hashicorp/nomad,setNode,5,1
go,bradleyjkemp/cupaloy,WithOptions,7,2
go,softlayer/softlayer-go,GetGlobalIpRecord,4,1
go,vitessio/vitess,Resolve,6,2
go,src-d/go-git,RemoveSection,10,3
go,aws/aws-sdk-go,SetPlatformStatus,4,1
go,coscms/xorm,Distinct,4,1
go,aws/aws-sdk-go,SetWorkflowId,4,1
go,go-openapi/errors,NewParseError,16,2
go,influxdata/influxdb,DeleteTelegrafConfig,5,1
go,aws/aws-sdk-go,SetRefreshTokenValidity,4,1
go,dropbox/dropbox-sdk-go-unofficial,NewAddPaperDocUserMemberResult,6,1
go,tyler-sommer/stick,filterTrim,3,1
go,juju/juju,Validate,9,2
go,cilium/cilium,SetDefaultOpts,15,5
go,crewjam/go-cloudformation,UnmarshalJSON,15,3
go,cloudfoundry/gorouter,HeadersToLog,19,6
go,google/skylark,getattr,26,7
go,mattbaird/elastigo,GetSource,8,2
go,skip2/go-qrcode,set2dPattern,7,3
go,kubernetes/kubernetes,Convert_v1_NodeProxyOptions_To_core_NodeProxyOptions,3,1
go,tobischo/gokeepasslib,SetContent,16,4
go,hyperboloide/pipe,AddStep,25,7
go,andygrunwald/megos,GetURLForStateSummaryFilePid,3,1
go,influx6/haiku-deprecated,allEmpty,10,3
go,m3db/m3x,Add,13,3
go,aws/aws-sdk-go,New,7,3
go,kubernetes/kops,UnmarshalJSON,13,3
go,aws/aws-sdk-go,SetIfMatch,4,1
go,juju/juju,publicControllerLogin,81,13
go,webx-top/com,RandomSpec0,55,28
go,aws/aws-sdk-go,SetPageSize,4,1
go,abbot/go-http-auth,FromContext,7,2
go,casbin/casbin,GetAllRoles,5,1
go,kubernetes/kops,applyChannel,7,1
go,containerd/continuity,Readlink,3,1
go,keybase/client,ChangeAccountName,31,10
go,aws/aws-sdk-go,SetMinIInterval,4,1
go,aws/aws-sdk-go,SetPublishedSchemaArn,4,1
go,bxcodec/faker,Email,3,1
go,vitessio/vitess,StreamExecuteKeyRanges,19,1
go,aws/aws-sdk-go,SetMaxRecords,4,1
go,aws/aws-sdk-go,CreateRepositoryWithContext,6,1
go,nanopack/mist,handleWho,6,1
go,softlayer/softlayer-go,GetSummaryData,10,1
go,thecodeteam/gorackhd,ReadResponse,16,4
go,keybase/client,GetExecPathFromPID,19,3
go,contiv/netplugin,addMaster,9,1
go,aws/aws-sdk-go,DeleteVoiceChannelRequest,13,2
go,markbates/goth,GetAuthURL,26,9
go,aws/aws-sdk-go,GetFunctionDefinitionRequest,13,2
go,juju/juju,ControllerInstances,7,1
go,twpayne/go-geom,Distance,10,4
go,olivere/elastic,VersionType,4,1
go,nats-io/nats-streaming-server,FirstAndLastSequence,6,1
go,pebbe/zmq4,AddChannelTime,14,3
go,cespare/xxhash,Sum64,36,5
go,hprose/hprose-golang,IDList,3,1
go,uluyol/hdrhist,encodeZigZag,46,9
go,aws/aws-sdk-go,UntagProjectRequest,14,2
go,aws/aws-sdk-go,ListCompatibleImagesWithContext,6,1
go,kubernetes/kops,Patch,8,2
go,aws/aws-sdk-go,SetTagsForResourceRequest,14,2
go,aws/aws-sdk-go,SetFeedbackURL,4,1
go,control-center/serviced,MigrateServices,10,2
go,aws/aws-sdk-go,SetSize,4,1
go,lightningnetwork/lnd,GetLookoutTip,15,3
go,control-center/serviced,Release,43,15
go,kubernetes/kubernetes,RunPodSandbox,102,35
go,googleapis/gnostic,getShelf,8,2
go,aws/aws-sdk-go,GetObjectTorrentWithContext,6,1
go,kubernetes/minikube,PackTversion,12,2
go,luci/luci-go,Get,5,1
go,oz/osdb,GetIMDBMovieDetails,14,3
go,gohugoio/hugo,pageToPermalinkSlugElseTitle,6,2
go,containerd/console,Shutdown,10,1
go,aws/aws-sdk-go,SetPartitionSerialList,4,1
go,aws/aws-sdk-go,SetOnPremisesInstanceTagFilters,4,1
go,kubernetes/kubernetes,DeepCopyInto,13,3
go,docker/libnetwork,DeleteTree,4,1
go,hashicorp/vault,pathFetchListCerts,10,2
go,crewjam/go-cloudformation,UnmarshalJSON,15,3
go,xanzy/go-cloudstack,NewDeleteTagsParams,7,1
go,cilium/cilium,OpenMapWithName,22,3
go,luci/luci-go,Validate,24,4
go,softlayer/softlayer-go,GetEuSupportedFlag,4,1
go,xo/xo,PgNotify,9,1
go,cjgdev/goryman,SendMaybeRecv,3,1
go,aws/aws-sdk-go,SetGranteeType,4,1
go,vitessio/vitess,init,44,10
go,ory/fosite,WriteRevocationResponse,22,5
go,aws/aws-sdk-go,SetEnableECSManagedTags,4,1
go,gravitational/teleport,RoundtripWithConn,16,4
go,hashicorp/vault,responseWrappingUnwrap,39,10
go,tendermint/tendermint,Read,33,13
go,mattn/go-oci8,ociHandleAlloc,24,4
go,revel/revel,NewRequest,7,2
go,olivere/elastic,IgnoreUnavailable,4,1
go,containous/traefik,AllTasks,18,4
go,Workiva/go-datastructures,entry,4,1
go,topfreegames/pitaya,NewStatsdReporter,29,4
go,evalphobia/logrus_sentry,NewWithClientSentryHook,17,1
go,cilium/cilium,DeleteKey,4,1
go,glycerine/zygomys,GenerateNewScope,26,6
go,pilosa/pilosa,AppendWithPrefix,10,3
go,scgolang/sc,Inputs,31,3
go,aws/aws-sdk-go,SetResourceMetadata,4,1
go,aws/aws-sdk-go,SetExpiresAt,4,1
go,aws/aws-sdk-go,SetNextToken,4,1
go,trivago/gollum,AddWildcardProducersToRouter,6,2
go,ipfs/go-cid,Sum,18,5
go,juju/juju,loop,22,7
go,fabric8-services/fabric8-auth,UserProfilePayload,37,6
go,coredns/coredns,ServeDNS,20,7
go,deis/deis,Run,40,8
go,rpaloschi/dxf-go,NewLayer,23,2
go,aws/aws-sdk-go,SetRoomSkillParameters,4,1
go,sarahhodne/go-librato,List,16,4
go,cloudfoundry/cli,DisplayNewline,5,1
go,balzaczyy/golucene,NewForUtilFrom,27,4
go,terra-farm/go-xen-api-client,GetAllRecords,13,3
go,opencontainers/runtime-tools,AddLinuxResourcesDevice,11,1
go,aws/aws-sdk-go,SetName,4,1
go,golang/protobuf,equalAny,81,34
go,influxdata/telegraf,copyTags,7,2
go,Jeffail/gabs,ChildrenMap,10,3
go,fabric8-services/fabric8-wit,WriteNames,142,41
go,mikkyang/id3-go,ByteInt,14,5
go,aws/aws-sdk-go,GetSearchSuggestions,4,1
go,aws/aws-sdk-go,SetContentHandling,4,1
go,matiaskorhonen/ftp2s3,Bytes,19,4
go,yarpc/yarpc-go,New,40,6
go,urandom/readeef,Read,9,2
go,hashicorp/terraform,Open,31,8
go,kubernetes/kubernetes,Validate,6,1
go,sajari/word2vec,Cos,11,3
go,andybons/hipchat,NewClient,7,1
go,control-center/serviced,PostProcess,16,6
go,kubernetes/gengo,Do,22,4
go,hyperledger/fabric-sdk-go,WithIdentityConfig,10,2
go,aws/aws-sdk-go,SetShardLevelMetrics,4,1
go,icrowley/fake,CreditCardNum,18,4
go,vitessio/vitess,ToFloat64,15,5
go,kubernetes/kubernetes,ApplyTo,9,2
go,gopherjs/vecty,CompositionStart,3,1
go,kubernetes/kubernetes,IgnoreReceives,10,3
go,kubernetes/kubernetes,GetAttrs,7,2
go,flynn/flynn,SignalJob,3,1
go,bhoriuchi/go-bunyan,main,37,6
go,juju/juju,CharmRelations,6,1
go,nats-io/nats-streaming-server,FirstMsg,6,1
go,prasmussen/gandi-api,Balance,8,2
go,yarpc/yarpc-go,String,12,3
go,openshift/origin,RegisterConversions,13,3
go,kubernetes/kops,SanitizeString,12,3
go,marcusolsson/tui-go,NewGrid,9,1
go,hyperledger/fabric,NewConsortiumConfig,16,4
go,kubernetes/kubernetes,TransformFromStorage,16,6
go,google/go-github,GetTwoFactorRequirementEnabled,6,3
go,aws/aws-sdk-go,DeleteEvaluation,4,1
go,micro/go-config,NewSource,31,4
go,apcera/gssapi,AcquireCred,22,2
go,zach-klippenstein/goadb,publishDevices,34,7
go,aws/aws-sdk-go,SetInitiators,4,1
go,open-policy-agent/opa,WithManager,4,1
go,juju/juju,ControllerByAPIEndpoints,12,3
go,decred/dcrdata,NewInsightApiRouter,60,3
go,abcum/fibre,Server,16,1
go,gravitational/teleport,AsAuthMethod,14,4
go,aws/aws-sdk-go,SetDuration,4,1
go,vitessio/vitess,PushFilter,3,1
go,docker/libnetwork,parseInterface,24,8
go,aws/aws-sdk-go,SetVersion,4,1
go,kubernetes/kubernetes,GetStorageAccesskey,21,7
go,tylertreat/bench,GetRequester,7,1
go,remind101/pkg,Match,6,1
go,tendermint/tendermint,PriorityEvidence,8,2
go,aws/aws-sdk-go,SetStatus,4,1
go,hashicorp/nomad,Dispense,38,7
go,hyperledger/fabric,PeerCert,9,1
go,keybase/client,CheckForRekeys,33,8
go,go-playground/locales,WeekdayNarrow,3,1
go,alexsacr/linode,LinodeDiskCreate,21,3
go,NaySoftware/go-fcm,extractTopicName,10,2
go,coreos/fleet,Context,4,1
go,decker502/dnspod-go,Create,13,2
go,aws/aws-sdk-go,SetChallengeParameters,4,1
go,cilium/cilium,WithBasePath,4,1
go,influxdata/influxdb,FindAuthorizationByToken,10,3
go,bmatsuo/lmdb-go,Drop,4,1
go,hprose/hprose-golang,InitBaseService,22,1
go,influxdata/telegraf,Connect,57,14
go,gopasspw/gopass,URL,6,2
go,keybase/client,startTicker,21,5
go,hashicorp/terraform,ValidateProvisionerConfig,11,2
go,kubernetes-retired/contrib,moveCursorToPos,27,6
go,aws/aws-sdk-go,DescribeDBLogFilesWithContext,6,1
